0.0,0.04,0.0,0.0,0.04000000264634999,0.00034376687984457167,0.0,0.03999986703256283,0.0007762472887267668,0.0,0.0400000034018646,0.0010024963775616177,0.0,0.04000010765886119,0.0007430923883378538,0.0,0.04000018771243064,0.0004615684252663726,0.0,0.04,0.0,0.0,0.04062707715374685,-4.854606521214916e-07,0.0,0.04054059187153437,0.0003394951965903879,0.0,0.04052046587513821,0.0006760780948192288,0.0,0.039654149782073767,0.0009860590014334149,0.0,0.03958704072029159,0.0007220921762356071,0.0,0.03944171109520312,0.0004493600721496455,0.0,0.03938242101158541,-4.7390526978639055e-07,0.0,0.041107741075027016,-6.463378198920977e-07,0.0,0.04084323003455145,0.00027476015759819933,0.0,0.04019510775427572,0.0006517803261381474,0.0,0.04012250187620278,0.0009844884117281608,0.0,0.03993003704114658,0.0006894986617921097,0.0,0.03929332254930555,0.00038149555731310054,0.0,0.0390208005593701,-4.478956265282929e-07,0.0,0.04151306538380029,-6.715784154690542e-07,0.0,0.04150376126037096,0.000193173207952629,0.0,0.0415011972841519,0.0006443400394309985,0.0,0.041433279901359095,0.000825595287503442,0.0,0.040834274294570205,0.0006762149043809211,0.0,0.038807794216044744,0.0003513808984472933,0.0,0.03867839629106756,-3.9444801754701175e-07,0.0,0.041534717576971476,-3.714885191380576e-07,0.0,0.041531153588186605,0.00016923786820770967,0.0,0.04111178892722735,0.0006250897074201009,0.0,0.03941335394104154,0.0007443881576471194,0.0,0.03933310949420748,0.0006640742596431262,0.0,0.03865102132737801,0.00024319071057778586,0.0,0.03845693295042379,-2.0444812454634952e-07,0.0,0.04135459005824941,-1.3502406761303322e-07,0.0,0.04135451942781578,0.00016685033863225558,0.0,0.04114969887310656,-0.0005782342530465617,0.0,0.04050954899348281,-0.0008332606057485948,0.0,0.04029786312244519,-0.00076462895279802,0.0,0.03938081589060503,0.00024180080306597702,0.0,0.03858296787005421,5.1243629289197353e-08,0.0,0.04084864657200548,-3.4590007768053746e-07,0.0,0.040751139657766305,0.0001239194988556782,0.0,0.040446825262419474,-0.0006294740062121844,0.0,0.03933779002455061,-0.0008815697842937015,0.0,0.03923656025051074,-0.0008122118345657455,0.0,0.03906648393883465,-0.0004134191689380268,0.0,0.03896254431781567,5.077987438980362e-08,0.0,0.04066035253411926,-1.1520010362463713e-07,0.0,0.03990960339229181,-0.00022762203433280518,0.0,0.039760798413352,-0.0007987009409728696,0.0,0.03954869950296426,-0.0008822422964158295,0.0,0.0395417112602649,-0.0008197588719488168,0.0,0.039369624761312956,-0.00045929017775426205,0.0,0.03927974236642712,1.3742869230979028e-07,0.0,0.040442927616524335,9.105824615434657e-08,0.0,0.0401610663029282,-0.0003000164700337372,0.0,0.039930912434864116,-0.000804125686258696,0.0,0.03964656009220442,-0.0008822590369289002,0.0,0.03955630823485718,-0.0008204012816700945,0.0,0.03945804731251335,-0.0004821651616717449,0.0,0.03941894041430849,3.868518707456899e-07,0.0,0.04,0.0,0.0,0.04000002380511888,-0.0003430083819893224,0.0,0.03999982230642853,-0.0008228340497664758,0.0,0.04000006992277588,-0.0008972517384581561,0.0,0.040000323161838804,-0.000846207176368233,0.0,0.04000046017738089,-0.000599648478448727,0.0,0.04,0.0,0.0
0.01,0.08,0.0,0.0,0.0799996342102053,0.0005575317269992126,0.0,0.07999957935215084,0.0009517179952659718,0.0,0.0799998017405804,0.0008212087414098268,0.0,0.0800000430410876,0.0007368743084228862,0.0,0.0800001007408547,0.0004228411959571759,0.0,0.08,0.0,0.0,0.08039077755099035,4.4368652749641595e-08,0.0,0.08035687976627,0.0004976018408879758,0.0,0.08014542254317414,0.0008858034383902833,0.0,0.07999018330975671,0.0007001501557406786,0.0,0.07964122139516924,0.0005606896501515231,0.0,0.0793592143450148,0.0004137343622527577,0.0,0.079334850836149,-5.491531423689366e-07,0.0,0.08053034760276756,3.570184523756923e-07,0.0,0.0804121265106063,0.00044526166631609753,0.0,0.07927975470465369,0.0007593571502634489,0.0,0.0792276642945282,0.0006656653216664309,0.0,0.0789252218053547,0.00047851443650608457,0.0,0.07892206017150502,0.00028142215581053193,0.0,0.07878549090685724,-8.167904844925834e-07,0.0,0.08111248053490779,3.0224419756298954e-08,0.0,0.08109877635005591,0.00040401597023191784,0.0,0.0810517460013597,0.0007456184151621599,0.0,0.08101801679469929,-0.0005566103269841127,0.0,0.07970562107620768,0.00035513802156694307,0.0,0.07849333906079237,0.00023401500851021788,0.0,0.07848746642844098,-6.587123775713947e-07,0.0,0.08156230836734872,-2.3652709659700636e-08,0.0,0.08154262741123265,0.0003439987371968106,0.0,0.08144670375958082,0.0006848000286899132,0.0,0.0804913333039539,-0.0005571741508927374,0.0,0.07972711322449931,0.00023306836635283496,0.0,0.0794432172385821,2.3335717953054144e-05,0.0,0.07844009006743936,-3.2760558164620744e-07,0.0,0.08142904986397385,2.922521349365996e-07,0.0,0.08140317776622233,0.0002471841752065336,0.0,0.08131259430057244,0.0003015756948299104,0.0,0.08004228100157043,-0.0005773040354891069,0.0,0.07922159756723533,0.00023238383048978752,0.0,0.0790676849262071,1.968217507170018e-05,0.0,0.07844556018139708,9.41870117628953e-09,0.0,0.08146606654813268,6.407999795967893e-07,0.0,0.08138460620929655,0.00022042231726991069,0.0,0.08025782630705337,0.00029914445287041255,0.0,0.08014859826533306,-0.0007019033414964044,0.0,0.0800707071306127,-0.0006057041790220663,0.0,0.07878072835461229,1.8752894372443014e-05,0.0,0.0787434625889385,1.678084343422744e-07,0.0,0.08123941443026815,8.893412333847156e-07,0.0,0.08103024422767931,2.5331647825697788e-05,0.0,0.07941367292693138,0.00018671082091569591,0.0,0.0793408279366663,-0.0007193670946507927,0.0,0.07918996622387174,-0.0006072545862060413,0.0,0.079117811881042,-0.0004965296183423891,0.0,0.07899664647147608,3.7582037385049897e-07,0.0,0.08073771154206007,7.365061679928332e-07,0.0,0.0802146026849781,-0.00014196064287271554,0.0,0.07978766589546321,0.00011486745363366043,0.0,0.07976978264928206,-0.000754638390314053,0.0,0.07948771326802485,-0.000650187324811261,0.0,0.07948767977527743,-0.0005712450653987219,0.0,0.07939559613371285,3.943873952202734e-07,0.0,0.08,0.0,0.0,0.08000014228215113,-0.00022106269343460442,0.0,0.08000029268215857,-0.0004320127889538743,0.0,0.08000025063807123,-0.0008075433267395071,0.0,0.0800004685975577,-0.0009119193041102581,0.0,0.08000054619656838,-0.0006265979471267544,0.0,0.08,0.0,0.0
0.02,0.12,0.0,0.0,0.11999970522729354,0.0004562863607971579,0.0,0.11999982615950991,0.00047416192640870015,0.0,0.11999994425249069,0.0004330892868573477,0.0,0.12000005426990044,0.0005092216990157213,0.0,0.12000012644236495,0.00035204448965583176,0.0,0.12,0.0,0.0,0.1206905661227345,-5.804601976442847e-07,0.0,0.12068393893146878,0.0003992753387094728,0.0,0.12053333565569184,0.0004143018723271923,0.0,0.12051941280908397,0.00032684325179402975,0.0,0.12004677200282697,0.00024178507546857543,0.0,0.1193341151278633,0.00010068838013153372,0.0,0.1193001575694613,-5.852060599297334e-07,0.0,0.12121089223323701,-7.477829791197801e-07,0.0,0.12117475194679365,0.00033314180960005205,0.0,0.12117079318550743,0.00035522975878609557,0.0,0.12090904006314314,5.959610470504129e-05,0.0,0.12088964361704985,6.598908474440708e-05,0.0,0.12079348355338314,-0.00020966555670511142,0.0,0.11872845362867185,-8.457911291516551e-07,0.0,0.1214121766504631,-4.5454781799444974e-07,0.0,0.12139532633186428,0.00032049201326023706,0.0,0.12132341229556073,0.0001914297684066746,0.0,0.12125101853446774,-2.3111573621680942e-06,0.0,0.11967713864779149,5.5492119461615035e-05,0.0,0.11958694466309211,-0.0002151679554636685,0.0,0.11834111173640931,-7.503290426507767e-07,0.0,0.1217869444470024,-3.614666337758992e-07,0.0,0.12178685194132212,0.00021622007191846195,0.0,0.12163057390017223,9.32747602449526e-05,0.0,0.12110462131788666,-9.500761327520065e-05,0.0,0.11831413319971339,-0.0005934784569845652,0.0,0.11822903506097573,-0.00025962765743249,0.0,0.11816090650160126,-4.201768091953638e-07,0.0,0.12165303512086652,-2.3378679881113077e-08,0.0,0.12158371354171121,9.002446929657102e-05,0.0,0.12034695548994083,-0.00034216162475773497,0.0,0.1193003015492774,-0.0005006082987173717,0.0,0.11924479589647105,-0.0007265721233701116,0.0,0.11847380634789549,-0.0002916263437154597,0.0,0.11828479526283665,-5.7353084629527166e-08,0.0,0.12142422682206887,2.458871212328315e-07,0.0,0.1214242166454405,3.1880084895982204e-06,0.0,0.12142211271537628,-0.000440331662252232,0.0,0.12063426943967266,-0.0005138601639565188,0.0,0.11875438898498085,-0.0007300656076507067,0.0,0.11875200985387735,-0.0002971374531775315,0.0,0.11871542287466162,-3.5157045257705214e-08,0.0,0.12096364252039489,1.96382667403078e-07,0.0,0.1204595418372192,-7.701770964985094e-05,0.0,0.1204035627917529,-0.0004911917985219718,0.0,0.12026532798368535,-0.0005718249859221193,0.0,0.11973568214246426,-0.0008198205021613307,0.0,0.11910656061311856,-0.0004571534289228594,0.0,0.11905457675795422,1.2792539432635992e-07,0.0,0.12054348734399539,2.17478055809614e-07,0.0,0.1201812800505934,-0.0002919684577087623,0.0,0.12018098741749676,-0.0006014914467505637,0.0,0.12007232683088238,-0.0006409663970397162,0.0,0.12001144719809734,-0.0008852801363751713,0.0,0.11971310574009986,-0.000510537906353323,0.0,0.11945499203442277,2.0019289155204605e-07,0.0,0.12,0.0,0.0,0.1199997508713014,-0.0005144995642570191,0.0,0.11999990235533275,-0.0007689148577867438,0.0,0.12000017929109262,-0.000813569855039681,0.0,0.12000044741830217,-0.0008923748022782398,0.0,0.12000063531004582,-0.000676858423645541,0.0,0.12,0.0,0.0
0.03,0.16,0.0,0.0,0.15999956444342725,0.0005937697798974635,0.0,0.1599996498858378,0.0008969341074440691,0.0,0.1599998971634502,0.0007939315009764079,0.0,0.16000016463580685,0.000790848039049055,0.0,0.1600003022565629,0.0005346141474615547,0.0,0.16,0.0,0.0,0.16072931038228938,-7.306209279067157e-07,0.0,0.16029419792611757,0.0003136594677154912,0.0,0.1598907500846509,0.0008870200647250874,0.0,0.15988410965384792,0.00045948341939769746,0.0,0.15980242722197477,0.000533432580167757,0.0,0.15943718133651158,0.00053282076847457,0.0,0.159397020023247,-3.429361153689784e-07,0.0,0.16123363273162045,-9.054099143019918e-07,0.0,0.16118041478801096,0.00022428106410614173,0.0,0.15945913705622966,0.0008692186867773176,0.0,0.15942245481040296,0.00034524335914683533,0.0,0.15933814667292778,2.8719067541360194e-05,0.0,0.15915552779541015,0.0005267663967374704,0.0,0.15889606436965664,-4.599750854311586e-07,0.0,0.16169062561903516,-9.89809864426982e-07,0.0,0.16131510293958332,0.00022235362616501858,0.0,0.1612773432168742,0.000854560770132529,0.0,0.1612767441130901,0.00031414055080754424,0.0,0.16127423922682102,-0.0001487663537426642,0.0,0.158762215386004,0.00031609694628213753,0.0,0.15843381211620083,-5.024988806995585e-07,0.0,0.16145493388252505,-7.66588069678239e-07,0.0,0.16143639998577566,9.290686199886622e-05,0.0,0.16081454465347375,0.00030369953772781973,0.0,0.16002613199136267,9.155342069416697e-05,0.0,0.16000405330382111,-0.0002923812788825061,0.0,0.15939355777276232,0.00029352233632145967,0.0,0.15842377102888303,-1.1975348905173008e-07,0.0,0.16126017518109048,-5.086494332527192e-07,0.0,0.16126010444864483,6.435884664661153e-05,0.0,0.1597217770179747,0.00029707867416961357,0.0,0.15965145331493266,1.499272468654018e-05,0.0,0.15947993683381143,-0.0003026494279207821,0.0,0.1583752222026978,0.00021478263684741097,0.0,0.1582545967558032,2.0742794104322843e-07,0.0,0.16102307376352326,-2.872381738311939e-07,0.0,0.16099195675464462,2.4739559588797824e-05,0.0,0.16092537395667159,5.735671949228182e-05,0.0,0.15919942015599794,-0.00020663863239641183,0.0,0.1589211665096884,-0.00030769897137376535,0.0,0.15867354169096615,0.00020192125825452387,0.0,0.15845797449432553,5.086461738092451e-07,0.0,0.16061291837868952,-2.903752749294756e-07,0.0,0.16013682821699893,-5.304730196320748e-06,0.0,0.16003206503442566,-0.00030283305591105646,0.0,0.15992898201014075,-0.0003031614008651117,0.0,0.1596197767657325,-0.00046567082354223636,0.0,0.1594967975466538,0.0001890855802727319,0.0,0.15900868060351384,2.8604422622519913e-07,0.0,0.1603022828142451,-1.5083553254634052e-07,0.0,0.1601809726250188,-0.00018438440781068063,0.0,0.15979328706595156,-0.0003088427145470521,0.0,0.1597517413271732,-0.0003054051885626117,0.0,0.15972530878853586,-0.0004970955792281816,0.0,0.1597234208957084,-0.00016782416426050118,0.0,0.15963720237375956,-1.1957308824271262e-07,0.0,0.16,0.0,0.0,0.1600000044665999,-0.00019342419594771125,0.0,0.16000004961196018,-0.0003235281898645592,0.0,0.16000012797768484,-0.0003286598705156118,0.0,0.16000013370768248,-0.0005203600518935789,0.0,0.16000014186340195,-0.0003320556225744648,0.0,0.16,0.0,0.0
0.04,0.2,0.0,0.0,0.200000245073012,8.814014758389808e-05,0.0,0.20000021212123123,0.0004716077517374618,0.0,0.20000046039442276,0.0005536255469451244,0.0,0.20000058618188224,0.0008133841981855451,0.0,0.2000008376858124,0.0007412907422376285,0.0,0.2,0.0,0.0,0.20079360504100524,-6.609974635937946e-07,0.0,0.20004860655240564,9.541465760749749e-06,0.0,0.19975071172492856,6.694196835868319e-05,0.0,0.19957487503419075,0.0005116375890332938,0.0,0.19941211826593905,0.0007941302235462591,0.0,0.19922699869308835,0.0007332587699229208,0.0,0.1991646752963006,-7.203626169831152e-07,0.0,0.20144709690156698,-9.170423633614836e-07,0.0,0.2014306944661002,-9.095133391207234e-05,0.0,0.19829754512168654,4.2791598174832486e-05,0.0,0.19827717912291265,0.0004902514759915537,0.0,0.1982444343393608,0.0007519208715661253,0.0,0.19824314961408987,0.000712139547742877,0.0,0.19824211353854415,-1.746766202797909e-06,0.0,0.20190237623305712,-7.336002661101664e-07,0.0,0.20170234463975353,-0.00016397107046589663,0.0,0.2015592486766996,-6.690172358866897e-05,0.0,0.20043307631391258,0.00048094961461432996,0.0,0.19932716964177133,0.0007263993195315219,0.0,0.1979966727309589,0.0007106390925696664,0.0,0.19796088889196076,-1.228806253273825e-06,0.0,0.2021357128097867,-2.432555895243331e-07,0.0,0.20212687390856846,-0.0001715113554402355,0.0,0.2000418853790646,-8.674848850567626e-05,0.0,0.19954081173760066,0.00047727618091191577,0.0,0.19924615689592529,0.000589878791009993,0.0,0.1991959439862893,0.0006753505518112262,0.0,0.19775869369036558,-6.350869697385892e-07,0.0,0.20212758282476623,3.5525751029715e-07,0.0,0.202115591485574,-0.0003470319220403313,0.0,0.20048806357610485,-0.00022726252936658168,0.0,0.20007764598115982,0.00047566267885460704,0.0,0.19886299042038705,0.000537442208325503,0.0,0.1985430180652841,0.0006054954728235714,0.0,0.19774948507648182,4.015099860396446e-08,0.0,0.20197807496770026,9.10304583847116e-07,0.0,0.20192310386274165,-0.000403802694746496,0.0,0.2019148327127513,-0.00023133582468626477,0.0,0.2012459265267186,0.00026754009856653615,0.0,0.19996255218548634,-0.0005192284510963641,0.0,0.19973293104431514,0.00046964714721667533,0.0,0.19804545040470328,5.401004940452398e-07,0.0,0.201437854521489,9.24307615342034e-07,0.0,0.2011824169016254,-0.0004729211471650375,0.0,0.20000305064252602,-0.0002759148761703325,0.0,0.19995053746604843,0.00021864620673050922,0.0,0.19994620272711178,-0.0006584923980113907,0.0,0.1996436290432448,0.0003117829576872106,0.0,0.19861442930630338,5.679413095993219e-07,0.0,0.20083212819271207,7.869936157650993e-07,0.0,0.19956561829029953,-0.0004944747702831864,0.0,0.19952399033741858,-0.0003787828098349222,0.0,0.19948328570298837,-0.0003617234630778399,0.0,0.19946908489142337,-0.0007455382996336972,0.0,0.19930633678405454,-5.9484619272549624e-05,0.0,0.19930434393533036,2.9249455503002303e-07,0.0,0.2,0.0,0.0,0.19999975313782786,-0.0004948559936746084,0.0,0.19999998360246418,-0.00041391751424568176,0.0,0.2000002258931294,-0.00039510402008025567,0.0,0.2000001789352931,-0.000776450147281184,0.0,0.20000028483245008,-0.0005141216677027762,0.0,0.2,0.0,0.0
0.05,0.24000000000000002,0.0,0.0,0.24000001368642174,0.00021295316822957165,-3.5137439949790905e-08,0.23999997127331385,0.0004838550180090343,2.5687060242424927e-07,0.24000007346989485,0.0005162286697733394,4.2745325426716455e-07,0.24000017128864265,0.00045943055677697455,3.3480913649661887e-07,0.24000027440797295,0.00043522713020488507,5.7526288581984083e-08,0.24000000000000002,0.0,0.0,0.24039551317379482,-5.6410380597818816e-08,2.3322489885864662e-11,0.24004960111509752,0.000187784896287092,3.3489558886999898e-09,0.24000211371756144,0.000460450515968319,2.2057418558801212e-08,0.2398545350761653,0.00046825120178542684,1.1265922057512737e-06,0.2397999446411603,0.0003674375645503753,4.3266153749265735e-05,0.23979330813060348,0.0004332030915977596,0.00021983132401919218,0.23964873318680413,-1.8717875024226652e-07,-0.0006267989284149204,0.2409057684861448,-3.207203787354656e-07,4.256702142797819e-11,0.2404939195824383,0.0001716393500474043,8.04701481454505e-11,0.24014449781564975,0.0003036030993306758,1.5793758315493277e-07,0.24000124065126424,0.0003970669176256609,1.3948771809525264e-05,0.239914098742407,0.00022097180526915773,0.00029972655186549823,0.2398149310582251,0.0004191249711717006,0.0024492374714722848,0.2392962371818488,-3.386975928223843e-07,-0.0012386144808966594,0.24114699848824664,-1.802017735996773e-07,5.2898578288727114e-11,0.2410509501731948,0.0001475033422441439,1.2588595145757467e-09,0.2410112232631397,0.00024709904728756446,1.615045673287946e-07,0.24100899707189827,0.00028803317517078975,1.2709008161533674e-05,0.23913785514634267,0.00015286095072359346,0.0004614787476448463,0.23911078129224828,0.0003639299400317813,0.00362293552197422,0.2390476511864004,-3.64082940764463e-07,-0.0018497807053971106,0.24120328646106445,6.969314605675784e-08,5.398247602672825e-11,0.24112756251340056,0.00013785682224262455,7.312910484393376e-09,0.24112746458847023,-7.589767609063253e-05,7.055079540331756e-07,0.2407014531670774,0.00026763199240466566,3.052953076349113e-05,0.24060382885809528,3.944508211407801e-05,0.000607961037382364,0.23943910599971346,0.0003532595449350941,0.0032917779529888515,0.2388725648784304,-4.489864175166309e-07,-0.002508936737586142,0.24131879378211224,2.998061671061673e-07,5.6762890967281396e-11,0.24127200672366603,8.313750118954435e-06,1.7127236772825272e-08,0.2409366802114724,-7.637107984658406e-05,6.907504362462599e-07,0.24032600415773536,-5.5473442387410256e-05,4.573784916672857e-05,0.23985561487894877,3.5682635973668234e-05,0.0007123047315280139,0.23911126409505126,0.0003486971531471927,0.00289844377138409,0.23892316495366542,3.910788164717776e-07,-0.0025217656677915556,0.24126389263155232,5.497777585155578e-07,4.072715491321342e-11,0.2411498782801627,-0.00014547298409919477,4.57213560545596e-09,0.24108877498810352,-8.616990352680129e-05,2.0000719870849825e-07,0.24028528710031577,-8.414041560401361e-05,1.6245982145028047e-05,0.24024222968409042,2.1276771029668935e-05,0.0004597581249670137,0.24016979268765176,0.00031724903636273154,0.0034174090343837772,0.2391341652486803,3.878614355683044e-07,-0.001905479839854088,0.2411287707939281,7.699003795886679e-07,2.439922573137783e-11,0.24112871653890625,-0.00014636834884760387,2.1450110158788003e-09,0.24109359945219216,-0.000299421789374934,3.389471761891995e-08,0.23960123544318146,-0.00022023399659418336,3.0057177080676176e-05,0.23948045363519557,-6.497779300856712e-05,0.00029362515843882114,0.23942105536571698,0.00031334045749868505,0.0022364881165099146,0.23939467394067693,2.708469624356587e-07,-0.0012624125958656653,0.2406126201046569,4.939028777302396e-07,8.921066991555469e-12,0.24060175666859526,-0.00019865774986786578,-2.6452416842353255e-09,0.24005986260698334,-0.0003507479314798945,6.464380220219139e-08,0.2399997550956824,-0.00023197991423339626,2.1899867153591614e-06,0.23997407613598304,-0.00012211777129906992,6.125718246691088e-05,0.23992637055399768,-0.0002427543627777446,0.0002558390818539076,0.23970697864262572,8.65023176807306e-08,-0.0006164104806415832,0.24000000000000002,0.0,0.0,0.2399999077301968,-0.00028577043162142997,-2.5659042590202534e-08,0.2399999632837077,-0.00037421786576573014,-8.621056084437723e-09,0.2400000088648566,-0.0002610852135312029,3.725407527080763e-07,0.24000007673813364,-0.00022085308902799404,4.4705207152114567e-07,0.2400001296423605,-0.0003168431528797111,5.593161231616696e-07,0.24000000000000002,0.0,0.0
0.060000000000000005,0.28,0.0,0.0,0.2799996330924931,0.0005886604574741541,3.167089305605999e-07,0.27999970547335684,0.0009447897497367627,7.274612035999083e-07,0.27999999087943234,0.0010870526600501825,2.837638230435139e-07,0.28000028567790547,0.0009620384465086527,4.5828601423292136e-07,0.2800002488627359,0.0005361538812038002,-4.840978221193857e-07,0.28,0.0,0.0,0.2803216268231799,-1.318999652933576e-08,2.641063772878152e-09,0.28029260055551636,0.0001887412648341367,2.993400200971503e-07,0.28027085299153115,0.0009372879703767316,6.474869119992505e-06,0.27997285014227585,0.0010852898148019014,4.382919709087032e-05,0.2796697263339459,0.000694685199896082,5.7828174224221194e-05,0.2795656104351621,0.0005222215596184424,-0.0004246029853844659,0.2792785215807708,-1.997276698296709e-06,-0.002977666764057338,0.2806526065365361,-3.7923046316293123e-08,4.331486855875353e-09,0.2805760943305275,8.010700141956023e-05,8.756758969067944e-07,0.28055279241941317,0.0008201550349829893,1.5402446045706683e-05,0.2794103047412375,0.0010698408341805745,0.00019139380041653857,0.2793612764669706,0.0006921066358112917,0.0009733768499214069,0.2787719624504943,0.0004365494658233168,-0.00123339430009324,0.27855186395547565,-4.044830828114388e-06,-0.005958318814706907,0.28060516252200807,1.5135450948733727e-07,5.213139020568981e-09,0.28045024955014863,6.280232005127745e-06,1.6189353084987588e-07,0.27977360869148654,0.000813941962066278,1.7121863778813166e-05,0.27819880784724477,0.0010369396106425619,0.00033378435239387705,0.278173953960918,-0.0004929158635890934,0.0015399966121985326,0.27795766094233065,0.00019543322035369467,-0.001988736128634166,0.2778339643565891,-6.182727686248589e-06,-0.008948630302084534,0.28083243136914093,2.4224568262048085e-07,5.413463872482897e-09,0.27866305517171935,-1.617379041408246e-05,6.065197935639628e-07,0.2782640846912659,-0.001169323412246159,2.2182302731869418e-05,0.2779473059312691,-0.00041446320973213585,0.0003156386681654232,0.27767303709541397,-0.0006470682357652994,0.0012133691758085068,0.2773854684141443,1.400411314489108e-06,-0.002722675191496178,0.277116769915642,-8.391261572362852e-06,-0.011945008237735788,0.28114592892126333,2.395481893927669e-07,5.674293629965318e-09,0.2802830633683743,-3.777011427703768e-05,7.140702340988115e-07,0.2790428652878803,-0.0011778153244073081,2.5163994387089742e-05,0.2789837926370411,-0.0004492791233035296,0.00035026397081203115,0.27796770707410956,-0.0007062601305560648,0.0010915227112341635,0.2776178047113026,-0.0003349494142746408,-0.0026609441291813936,0.2771175482243382,8.391983550470445e-06,-0.011945195009380839,0.2810977031193087,4.287582827488183e-07,6.364769529895453e-09,0.28103308592981396,-5.318651322836579e-05,5.113524249568629e-07,0.2805937083321979,-0.001185549674730942,2.2136428398238764e-05,0.27911654196428315,-0.0010524671047139494,0.0002936321594288969,0.2786149398599107,-0.0007467913282161332,0.0012831681972839668,0.2779667638315533,-0.00037140418571549716,-0.001782416840403917,0.27783833032338334,6.2551035511555215e-06,-0.008955678358969528,0.2809946581795713,6.013542234735106e-07,5.379624797882726e-09,0.28080777076015806,-0.0003706774689760601,7.268665629717551e-07,0.27878328551446874,-0.0012311187152266338,4.025034912179909e-05,0.2787759215597344,-0.0011425213225695462,0.0002244466184334318,0.27874405434292143,-0.0008180783133774126,0.0005434822371154355,0.27872657678927343,-0.00040547769086718026,-0.001282802793025072,0.27855576353274425,4.145843356731808e-06,-0.0059676518302053784,0.2804960350817317,2.9820324973665554e-07,2.8221098360673274e-09,0.28029075100752154,-0.0004895599159182158,4.051920988419331e-07,0.2795502065851195,-0.0012337763222305133,7.882783715759476e-06,0.2795309905462746,-0.0011577267514561618,5.271131877099956e-05,0.27940413552770876,-0.0008199540794273693,0.00011582320133239916,0.27936327419279283,-0.0004477358511274973,-0.0003225978773285046,0.2792754523782953,2.06372536399767e-06,-0.0029824764029286826,0.28,0.0,0.0,0.27999982415730285,-0.0005473514441143855,2.3373386504746408e-08,0.2799992912736813,-0.0012388005643581077,1.8312781823148876e-07,0.27999971060061263,-0.0011929137929991818,6.024732610215432e-07,0.2799999609463946,-0.0008987908705594214,-6.256762823415866e-07,0.2799999802725026,-0.00044919888167588984,4.236575979930389e-07,0.28,0.0,0.0
0.07,0.32,0.0,0.0,0.31999940978655256,0.0006750999081489897,8.114956039917278e-07,0.31999946863433865,0.0010373480474258597,2.1547721182549493e-06,0.3199997898594238,0.0010421320052475598,1.5375243585386642e-06,0.3199999372600366,0.0007472562574840525,1.6401908384317708e-06,0.31999985969399586,0.0003008078460818887,1.9050077785727856e-08,0.32,0.0,0.0,0.32023882763231815,1.1593588449959238e-07,2.3257063069095586e-08,0.32015848473156716,0.00035263476273739175,4.7913127797337966e-06,0.31991778677626886,0.0010334775443463864,1.6053193785996744e-05,0.3197430632639855,0.0010303587357180404,-2.2041318485826712e-05,0.3195731274391711,0.0007049882740873699,-0.00043046297234675655,0.3188678704487278,0.0001984641043238737,-0.0019466744724835434,0.3188144444023051,-6.3984939108872754e-06,-0.005213282796024791,0.32045407199286785,2.5338844552863474e-07,3.8439867132375036e-08,0.32043705909675035,0.00035191969923423027,4.737067162391872e-06,0.3189202406852561,-8.080001911879437e-05,7.734037902876458e-05,0.3187411625974517,0.00031876231667459545,0.00027370663341991464,0.31847630544603484,0.0007006780480798833,-0.0006372448454143021,0.31817330865213134,3.867384930800579e-05,-0.003447277986907792,0.3176315356812305,-1.2751565130326767e-05,-0.010424978177327305,0.3210678596354608,-2.696337624519376e-07,4.4556307702388784e-08,0.32075443867354875,0.00030110516428212086,4.357222037116436e-06,0.3197295323776866,-0.00021999009269847353,0.00012146777603390637,0.31863559553159,-1.452598937721313e-05,0.000576957683020156,0.31823213227862096,-0.00016999763112588822,-0.001254562430153279,0.31737525885373147,-1.5242616494475797e-05,-0.0050423166678287236,0.3164503081104224,-1.9079982644357314e-05,-0.015635863698090557,0.3212007894962762,-7.506968861809126e-08,6.619127623988703e-08,0.3211973735015186,-0.00023681390321678158,7.49814913815268e-06,0.31982717630782903,-0.00023416140451784084,0.00012311492353779131,0.31844594524343683,-2.7474150478536798e-05,0.00038985655329624015,0.3176003492591069,-0.0010050618867770591,-0.0017755182576606483,0.316138492936691,-0.00012940450405431604,-0.007954532548494108,0.3152702845510203,-2.5398020457250514e-05,-0.02084654356247223,0.32069322375344333,-3.6012679752360227e-07,6.021639175523844e-08,0.3197347790763371,-0.00024227970657358895,7.430655010898984e-06,0.31953499860849893,-0.0002362041959822487,0.0001245151783137747,0.31883225005760396,-0.0006262150498370275,0.0003836809695782298,0.31838176645186583,-0.0010092662344236532,-0.001682827594395702,0.31604751607757237,-0.0001587646845944764,-0.007890914610761081,0.31527240029563974,2.5398124581090916e-05,-0.02084702312922856,0.32022460696916016,-5.692884298443539e-07,3.652375331530023e-08,0.32001701862722254,-0.0002762850876766749,6.754897537251481e-06,0.31996142347011,-0.00024183678003802348,0.00012094322048193932,0.31788904256425915,-0.0007721502820098328,0.00048226220349086545,0.31785978701157874,-0.0010202638246112334,-0.0012720842016486625,0.3178083248512082,-0.0005935859082683241,-0.005352341798607374,0.3164561889852857,1.9018696112479704e-05,-0.01563426159403489,0.32026645274222226,-3.423846465981216e-07,2.6348839283109425e-08,0.3202003457663732,-0.0003231497791528904,6.856548330348646e-06,0.3193979603538567,-0.0006959450116471601,8.323569506275542e-05,0.3193256811949983,-0.0007783797488426439,0.00021545974404848606,0.319021516593749,-0.0010235572551227038,-0.0007273296059013664,0.3181492471623295,-0.0006148341457107229,-0.003462545878929239,0.317639491787539,1.2656069980244009e-05,-0.010422190842164232,0.3200248381060309,-2.2904887579994268e-07,1.2063879944275219e-08,0.3195559735982841,-0.0003487920098422219,4.6878635307843916e-06,0.3194512459505207,-0.0007579329377718842,2.6414165921531964e-05,0.3193540282828004,-0.0009638849013650071,2.0042803608177705e-05,0.3193302202796482,-0.0010240372117891706,-0.0003983576883704602,0.3192113162984407,-0.0006557826472317823,-0.0018195350707410245,0.3188206686154507,6.316979317564678e-06,-0.005210782715279866,0.32,0.0,0.0,0.32000003441105435,-0.00038688007049796124,3.345565650421424e-07,0.3200000448836012,-0.0007888383521166805,-3.599189794644282e-07,0.32000030660674106,-0.0009785786955201512,2.1007751057978032e-07,0.3200006337744404,-0.0010352036991927499,-3.7603836739677064e-07,0.3200008126380581,-0.0007570401559061823,-1.0605208950898786e-06,0.32,0.0,0.0
0.08,0.36,0.0,0.0,0.3599999078507293,0.0004712755158227372,8.886949435015783e-06,0.3599997985590854,0.0009515209334584612,-1.1571752270506603e-07,0.3600001451247056,0.0008981061357586098,-6.034256278435211e-06,0.36000049330957035,0.0009438554444361723,-5.6808123127741065e-06,0.36000076924131935,0.000748885857854739,1.611842153115533e-07,0.36,0.0,0.0,0.3601567025723243,4.4833055797365836e-08,5.143049649480552e-08,0.3595393679312,-1.80966927922529e-06,4.224061267676106e-06,0.35953633219276715,0.0008677685128901962,-1.2051045650685347e-05,0.3593987725782987,0.0008972538903961026,-0.000255789754729389,0.35917069251033706,0.0009209313514629265,-0.0012582486055060266,0.35896671749433895,0.0007136398556899645,-0.003167230318549363,0.3584365544000717,-1.2473853857364742e-05,-0.0073272381408206804,0.36030810001941443,9.291087570559832e-08,1.7341479900118937e-07,0.3602705035608103,-1.2898015861987218e-05,1.8528880157109477e-05,0.3588389489564374,0.0007925931975207484,0.0001013907770239092,0.35747164413910026,0.0004580399958197609,-0.0003154606993475908,0.3573341794065499,0.0008735499522906891,-0.002219966718174477,0.35719123600926367,0.0006730896893541474,-0.006582138950590318,0.3568736677371382,-2.4951536691679514e-05,-0.014654719993791409,0.36027899912785144,1.852093625771093e-07,2.2513198967637362e-07,0.3602534215871258,-0.00019024579161225003,2.782921732379349e-05,0.35969136652953787,0.000708798719654202,0.00019574604628238296,0.3596579356937418,-0.00043485591322460417,-0.0005969061309862092,0.3582544184606188,0.0008371847938204131,-0.00326637530303149,0.3565931965709534,0.0006331531709244553,-0.010526735262951654,0.35531047726357623,-3.74338114088659e-05,-0.021982302934930722,0.36046363380754015,2.112829973663373e-07,4.0643139832333255e-07,0.3567824640143442,-0.00028950298570711957,2.4292315621736107e-05,0.35639659915985256,0.000675595876164154,0.00014259844229143462,0.35578144449433174,-0.0005608789833978804,-0.0006892763013169761,0.3552341314688378,0.0004081221121049566,-0.004490122778689899,0.35476238099926055,0.0005954485852588865,-0.013579620385795533,0.3537474234357675,-4.9923760288138256e-05,-0.029310160697046634,0.3604189394796076,3.0135653959348834e-07,4.022612144170148e-07,0.3604176443429191,-0.0003356727714282972,2.770187533556412e-05,0.35720466482697183,0.0006141514967421809,0.00013068565929604467,0.3571729441746245,-0.0005652643343850315,-0.0007261239351682664,0.3567669878169177,0.00033740009372316287,-0.004780704318121031,0.3557741964664578,0.0005604839632163981,-0.01379870997123288,0.35374694863840717,4.992371069419159e-05,-0.02931005940276734,0.3601114841418523,2.0704086014239124e-07,1.838668338788754e-07,0.35982775026309843,-0.000398661227473572,2.4831477751246716e-05,0.35972178521720044,0.0005751093247389782,0.00016769410337951453,0.3588556720012698,-0.0005881478138682754,-0.0005064373570490493,0.35674199430741194,-0.0007013421952107382,-0.003291514105371958,0.3556394414530139,0.0005080197217923835,-0.010242536854917876,0.35531020011656916,3.7441955790337476e-05,-0.02198250101828399,0.3597846364192965,8.726948158421012e-08,9.384982623344151e-08,0.35930867569339614,-0.000516570729515513,1.9020740826617856e-05,0.35879942251317404,0.00055628675939169,8.873769649025237e-05,0.35853258371975594,-0.0006458998075305943,-0.00032693291821923984,0.3577776557303473,-0.0007063375957962965,-0.0021538627738193015,0.35739361964008876,0.00047422728728565704,-0.006525460140131581,0.3568731049454531,2.4960046035718127e-05,-0.014654882631288923,0.35965291595726007,1.4707396965268066e-07,1.3478117025862972e-08,0.35963331257571696,-0.0005436921812164213,5.6914395395637926e-06,0.3594118029799565,0.0005376845904190691,-1.1494873135297608e-05,0.3592862358112167,-0.0008090697500594962,-0.0002666150457645097,0.3591919637271887,-0.0008380000527320193,-0.0012336120505634218,0.3590839145596014,0.0003781670495477848,-0.0030783958936276058,0.35843657336878443,1.2479038032054326e-05,-0.007327407362274563,0.36,0.0,0.0,0.3599994197743003,-0.0006533621632058301,-1.3470131116016281e-05,0.35999968763646173,-0.0007024071361722598,8.953865181163161e-06,0.35999991645369783,-0.0008517266768851484,-7.823490097065557e-06,0.3600001901650831,-0.000842387027974986,-1.092807573674147e-06,0.3600002357041114,-0.0005046156584628098,-3.2266421240105473e-06,0.36,0.0,0.0
0.09,0.39999999999999997,0.0,0.0,0.400000007451952,0.00043904133182921394,-4.886259144620405e-06,0.4000003571899966,0.0005863474299001051,-8.535667874242486e-06,0.4000005739084489,0.000883386248758242,-1.1332425295368766e-05,0.40000079211687467,0.00117918584109001,-1.3713845158232138e-05,0.4000009068850122,0.0008061355693076768,-1.4284098683145012e-05,0.39999999999999997,0.0,0.0,0.4004930204351486,-2.488233462391672e-07,1.060833404598571e-07,0.3992105232948018,0.0003377189279483266,-6.82306641442049e-06,0.3985125631995021,1.0070250855967995e-05,-0.00012868290260841558,0.3984396091519259,0.0008195559428574335,-0.0007211514655649241,0.3984348613566,0.0011574363496771557,-0.002158435573095044,0.3983157132709001,0.0007455852132966719,-0.004620485003334218,0.3981333470745331,-2.0130615182387533e-05,-0.00933104415369883,0.40075700637219847,-1.5089976041049994e-07,4.380922862760698e-07,0.4006971027970324,-7.516312903377082e-05,2.3702193543765312e-05,0.40068208812985223,-6.724576216222836e-05,-0.00011660916330124368,0.3968800228405688,0.0001749260692688783,-0.0012471772222166246,0.39685889606887015,0.0011432838547095936,-0.004300625325566166,0.39653547812989215,0.0006721442854603528,-0.009784503413557348,0.39626728278072787,-4.025981273037918e-05,-0.018662172108361227,0.40052787145020763,-1.857141130212575e-08,7.424860245676523e-07,0.4005221023334196,-0.00019281677688970345,3.8923391785673524e-05,0.40050730011630437,-0.0005684743185662338,-0.00018612306578910738,0.3989498720013787,0.00015977411963623465,-0.0018667835960086304,0.39762217551637746,0.0011052723816158945,-0.00668977537323522,0.3960298520781476,0.0006016092824654755,-0.014760149291502518,0.3944013498150847,-6.039095227117663e-05,-0.027993377668809258,0.4002885727734861,1.0444636764341089e-07,5.501850195652344e-07,0.39813975332991824,-0.00024401828187152328,4.0591865443628096e-05,0.39773994145027386,-0.000586422680456403,-0.00019682110223973146,0.3975737239864795,2.4300061237836367e-05,-0.0023579149826500204,0.39650877529699763,0.0010690672034750234,-0.00836557337220837,0.39377041696972237,0.0005167921693688664,-0.019808871904407385,0.39253512914298505,-8.052724022597335e-05,-0.0373246682622278,0.3996314401212109,-5.218422021252761e-07,4.547672745862055e-07,0.3963078620776232,-0.0004071961835111418,4.106283296199527e-05,0.39591496449550345,-0.0005930855871881629,-0.00015692547247192636,0.39545077639063664,-5.417637301762276e-05,-0.002249180354499218,0.39530848576899724,-0.0004635974384296984,-0.00809426340299269,0.39412504523376746,6.739960765233799e-05,-0.019576193923503307,0.39253526050719917,8.052742870179681e-05,-0.03732469452142317,0.39941634434195117,-3.7689669093577405e-07,5.664698646308576e-07,0.3994136797656174,-0.0004770934212806721,3.54710290510844e-05,0.3990432527969144,-0.0006434010503992364,-0.00012498689229869565,0.3980946185453474,-0.0003596680616023887,-0.0017095390669735174,0.39754842203158364,-0.0004972908308947068,-0.006365497302794654,0.39711692397860926,-7.188913846905172e-05,-0.0145583852278535,0.3944015943746008,6.03958407225989e-05,-0.027993558843623607,0.3996959442790719,-2.955913743007963e-07,3.04269348077827e-07,0.39947974594357855,-0.00048111804926315356,2.261808167717757e-05,0.3978096429253942,-0.000694029343391643,-0.00013422161450629764,0.3973650553691628,-0.00036283331195343147,-0.001142038759057481,0.3968986728345333,-0.000536164742635012,-0.004203968517953557,0.39651293967879236,-0.00019724829639731467,-0.00958578421244426,0.396267619003211,4.026483943383325e-05,-0.01866236973486788,0.39970050373846894,-5.8186255338026696e-08,-7.788963117404485e-08,0.3984953469740385,-0.0005722778560736803,-9.239827034886935e-06,0.3983030102095377,-0.0007029540374143068,-0.00012971798056250113,0.3982510218837414,-0.0008089655554443611,-0.0007101921558670311,0.39824323212323376,-0.0005574699714992083,-0.002099180270398972,0.39818722637106896,-0.0002843086609588294,-0.004728898105286515,0.39813389945608296,2.0133733187766066e-05,-0.009331234697385267,0.39999999999999997,0.0,0.0,0.39999944317115,-0.0006601137225683229,5.869162372037714e-06,0.39999973768955294,-0.0007610659126128621,8.550449524948018e-07,0.3999999649610382,-0.0009703148588462594,3.0643882339935894e-07,0.39999997384836405,-0.0005791403993321072,6.072162128379217e-06,0.40000028692907064,-0.0005485527545182518,-7.538697326936183e-07,0.39999999999999997,0.0,0.0
0.09999999999999999,0.43999999999999995,0.0,0.0,0.4399998527038102,0.0005112443461353292,1.3495321162672617e-05,0.4400001305121716,0.0007317067593652958,-6.493048279910607e-06,0.44000050263877233,0.0007747287951763395,-1.0014998813591522e-05,0.44000064050453747,0.0011196909142316604,-1.27829902207725e-05,0.4400007360690201,0.0007453150561394824,-2.2674414517458088e-05,0.43999999999999995,0.0,0.0,0.43981197454822535,2.255444398358757e-09,-8.930082453316167e-08,0.43936242145718146,0.0004873211922607726,-6.233984595893336e-05,0.4389971657976274,0.0007155628618638132,-0.0003599600678726796,0.4384218295259833,0.0007268800164212321,-0.0013798452138909728,0.43804625100422906,0.0010880198435851902,-0.0031837384468069636,0.438007402811972,0.0004425325273728505,-0.006367811549139557,0.4379056299012937,-2.895721918648165e-05,-0.011219911766697297,0.43991822590370083,5.279986313958326e-08,2.257873946559951e-07,0.4391425969687155,0.0004749414484100258,-1.9900923802861477e-05,0.43743010932912185,0.0007105894089823203,-0.0005313702212332619,0.4373114266667638,0.0006147856348251978,-0.0024380779580344555,0.4370815673331346,0.0010641997828449857,-0.006497257415480469,0.43666458311213463,0.00034883290972064065,-0.01268798977388308,0.4358112252869968,-5.791694042840815e-05,-0.022439867821796924,0.4397711936413346,8.24734274339235e-08,-3.682127551196017e-08,0.43971705066548095,0.0004355398815205098,-1.2475050105600719e-05,0.4381251089220711,-0.0007736559695293749,-0.0007359970247667641,0.43566242047746695,0.0005793579819277747,-0.0035947733172504107,0.4354584613543322,0.001037895067198618,-0.009628679654078782,0.43467671793820944,0.0002535147869668513,-0.019298351225531293,0.4337167940375085,-8.687677629254248e-05,-0.03365983037809082,0.4396982186240679,1.447875464113085e-07,-5.191736478675876e-07,0.43602117157317555,0.0003928258808359037,-1.2423394763920835e-05,0.4349414850406504,-0.0008249937319112885,-0.0008578536382542819,0.4347413707240374,0.0005331182440345268,-0.004418552628760916,0.4334265094477333,0.0010155099230528739,-0.012224544713674028,0.4325710946019087,0.0001549022342403913,-0.02583168447449217,0.4316224096860661,-0.00011583425217183813,-0.0448797481652692,0.43984142642418883,1.766630856877163e-07,-5.791286253573288e-07,0.4342958479616517,-0.00016855964932299607,-8.143302408738694e-06,0.43391661978732543,-0.000828746937220929,-0.0007814669560148265,0.4335821794187825,0.0002874049061801624,-0.004279971959699638,0.43332617898046283,0.0009932279933365417,-0.012139275050192626,0.4327137030452873,-0.00018364593053657644,-0.025722868252427273,0.43162247893233996,0.00011583405740467615,-0.0448797611011225,0.4399481931233543,2.2718970330119099e-07,-7.140933715909507e-08,0.43986833794401153,-0.00023312795543756733,-1.624542253814509e-05,0.4351796809580021,-0.0008632583759336777,-0.0006762298242123158,0.434818985457092,0.000283043324325812,-0.0034726097182273172,0.43465203142628467,-0.00030094081659945795,-0.009392519259674166,0.43427715110754406,-0.00027235614340563006,-0.0193177904842775,0.4337169204805035,8.687390484280499e-05,-0.03365979474660065,0.4402165685794596,1.5656770993271174e-07,2.0325333668555101e-07,0.4395550880769834,-0.00036520427004413055,-1.7545562409879185e-05,0.4368340492409665,-0.0008757554731474798,-0.000483590108633762,0.4362279113930999,-0.0004353683360828955,-0.0023344106100723163,0.4361951343880277,-0.000333091179488451,-0.006254876262792551,0.4360275133549319,-0.00037004185044856686,-0.012587434216027774,0.43581124609841704,5.791543895730623e-05,-0.022439844424329444,0.44036146065777854,1.8815718386612445e-07,-1.2448566405595795e-07,0.438834462225578,-0.00036690482222053724,-6.952352092533873e-05,0.4386865434123285,-0.0008851557416192729,-0.0003837815357491152,0.43865245329031344,-0.000502824902122658,-0.0013487118117942185,0.4384045253642935,-0.0003958874493857621,-0.0032891744271148176,0.4380189294767575,-0.0004603034716726605,-0.006354330161993277,0.4379056318690487,2.8957786440120082e-05,-0.011219928398251283,0.43999999999999995,0.0,0.0,0.4399996966551728,-0.0005438971145491123,-2.542386157568905e-06,0.43999973413813037,-0.0008977209056128952,-1.8157345278877632e-05,0.43999981839536445,-0.0005795312933787216,1.1699610330716662e-05,0.4400000639816634,-0.00043455933802659304,-8.887287087475801e-06,0.4400003241154833,-0.0005534939381694446,-7.2061555703299245e-06,0.43999999999999995,0.0,0.0
0.10999999999999999,0.4799999999999999,0.0,0.0,0.47999960128663016,0.0006333850674444847,-2.677616328468499e-06,0.4799994454911812,0.0011622520019189573,-1.1750047975052388e-05,0.47999984479674757,0.0012074865198586182,-2.1009174697599108e-05,0.4799998541489473,0.000763387982124861,-1.7556580071393377e-05,0.48000014096569854,0.0005217016326025107,-9.607437681192609e-06,0.4799999999999999,0.0,0.0,0.47979937102244097,3.4316814862707897e-08,-1.0736342952738275e-06,0.47979769174417014,0.0006241245749298565,-0.00015951960598819281,0.4796853877732008,0.0011607358047890828,-0.0006964376001006066,0.4785154578534824,0.0011116358041933657,-0.0020630189576131288,0.4780859042906908,0.0006941222805771694,-0.004439198124595656,0.4779084204713918,0.00038730234893824626,-0.007845538836750961,0.47774861580821426,-3.863300675094827e-05,-0.012991151206698729,0.4794687853694717,-6.917463677700922e-08,-1.2154482134319143e-06,0.47946675203174444,0.0005524856452045932,-0.00013698601999935506,0.47932662287643524,0.0011598274826756648,-0.001153527738829556,0.4790863122163692,0.001089757159243454,-0.00383044484092731,0.47898393149984414,0.0006443070044213968,-0.008699273967485864,0.47670065738530415,0.0002590162067118326,-0.015613615233219705,0.4754967697415823,-7.726771708306299e-05,-0.02598224379472772,0.4796052103888742,7.848784532138702e-09,-1.2472538659114049e-06,0.47822695865552833,0.0005320054439874993,-0.00014646111577059598,0.47518337605060934,0.0011236810073031527,-0.0014947621840362929,0.47514117963982566,0.0010529060784164538,-0.005505442888602934,0.474352705306592,0.0005270944484757488,-0.012797147102284115,0.47405331845199083,0.00011050602155653179,-0.023583042795265383,0.4732448766160329,-0.00011590221334742423,-0.03897335688747097,0.4798965000202837,-4.884672960099495e-08,-2.3763704679205024e-06,0.4767593290170645,0.0005099269750987712,-0.00017431831229982046,0.47640446095464867,0.0011154381811627832,-0.001862851450946986,0.47535484711288123,0.0010416441167683586,-0.00702205272814381,0.47372080095020935,0.0003383292155924382,-0.016694866698688512,0.47232087229380976,-2.2409135553911285e-05,-0.03151768777463553,0.4709929632717472,-0.00015454169667882125,-0.05196452993504276,0.479787066364936,4.1435994799542476e-08,-2.419737730586626e-06,0.4772235986049463,0.0004894630958146222,-0.000172679525539311,0.4757739746107087,-0.0011077110779841774,-0.001846213058513694,0.4754382005010815,0.0004552046761649922,-0.00696250932347183,0.4750453248286608,0.00033454255822045923,-0.01684883372908306,0.47195651117020515,-2.2891886272026446e-05,-0.03155286504854197,0.4709927387835482,0.00015454327527674933,-0.05196449096891424,0.4801823415333239,-1.5540689515769424e-07,-1.557372430118207e-06,0.48017066851379014,0.0004593343525636747,-0.0001480662900071047,0.4777838509751178,-0.0011165912800134002,-0.0015754943332310083,0.47693048175950675,-0.0008368183904129126,-0.005601745370644169,0.4749015571839596,-0.00037980466709053404,-0.013120829532108318,0.4746169511491134,-0.0002418312876963295,-0.023720111200083913,0.47324431861617766,0.00011590783816594339,-0.03897332983396384,0.47997100593399145,-1.2997096488127428e-07,-1.6402215640100253e-06,0.47952812966039965,0.00022087465351444558,-0.00014461497507384236,0.4781951755178618,-0.0011177713298819408,-0.0011264362539219856,0.478180229584234,-0.000923840254063771,-0.0038102711905241816,0.4758334301309445,-0.00043369544653758317,-0.00868039338410367,0.475716284718994,-0.0003761909539389282,-0.015712655247707312,0.47549602334745655,7.727218268626237e-05,-0.02598218425128855,0.4798283086213292,-5.598383669392393e-08,-1.0862539093556228e-06,0.47861908800943326,0.00019726476208599566,-0.00016125930934402698,0.478445778805748,-0.0011182728885528995,-0.0006923971119250983,0.4782374799653495,-0.0009383745791993303,-0.00202793492523345,0.4779814380588622,-0.0005199448407023088,-0.0043983076110548965,0.4778038260074335,-0.0005194746312144716,-0.00773278944411824,0.47774789916460225,3.863575239997291e-05,-0.012991065636356967,0.4799999999999999,0.0,0.0,0.4799995525755744,-0.0006666245347595963,-3.478533791134111e-06,0.4799994396747839,-0.001193252851753926,-2.335857435473798e-06,0.4799997815517146,-0.000969754651278593,-1.0327640142045623e-05,0.48000022053437724,-0.0009335287522371045,-1.5283951064413966e-05,0.4800005598148113,-0.0007074456665795055,-1.7674600190355874e-05,0.4799999999999999,0.0,0.0
0.11999999999999998,0.5199999999999999,0.0,0.0,0.5199997723343895,0.0005428416069975277,8.183537855387111e-06,0.5200000521053365,0.0007453328950447763,2.040525394746489e-06,0.5200003767705097,0.0008807370766424638,-1.4264643396706785e-05,0.5200007275765222,0.0008077402462449344,-2.8855779726075875e-05,0.5200010854548953,0.0008496596603940265,-4.175155651343268e-05,0.5199999999999999,0.0,0.0,0.5197055971651164,8.109552620501241e-08,-1.2422158256517426e-06,0.518546444925209,-2.5244984900325566e-05,-0.00027256694637905094,0.5181777820795018,0.0007337820045073047,-0.001119511025791318,0.518123749146883,0.000832229247839645,-0.002802237250906552,0.5180157963212629,0.0006802938710497211,-0.0055433152039430994,0.5179353569832371,0.0006664474373082894,-0.009299594969740034,0.5176575236625518,-4.885734214041179e-05,-0.014642193699579222,0.5194554005789428,2.1031825368579648e-07,-1.957802510706835e-06,0.5194398639447072,-0.0002946807434270504,-0.00035616664255741455,0.5192087396538065,0.0007252705265891396,-0.0019093314516492388,0.5191467184103289,0.0008104192998321762,-0.00536472977035917,0.51881931289306,0.0005503964755543814,-0.010909771549346756,0.5157703160632708,0.00047949405280994935,-0.01872013344809628,0.5153149228055793,-9.771497721311112e-05,-0.0292843690696147,0.5193541588504907,4.445148438426729e-07,-3.3466690671292994e-06,0.5171644871440402,-0.0003099741233998737,-0.00037538527650606094,0.515770359696672,0.0006515469995795099,-0.0025765352768375503,0.5153759545870791,-0.0009214943599819914,-0.007730432156992453,0.5151003221326607,0.00019570314608939894,-0.016233467133448913,0.514438379671749,0.0002961435389364355,-0.028184210952605798,0.5129723811473035,-0.00014657093459652596,-0.043926525688174185,0.5191430206104206,6.100196897615855e-07,-3.5372471300304884e-06,0.5176309320489287,-0.0003888971556545273,-0.00046057507236105954,0.5164731541373665,-0.00038074300380470347,-0.003226759189885237,0.5163242302166583,-0.0009849379363230215,-0.0097870964111883,0.5142351036916165,7.92524032743878e-05,-0.020863912832081787,0.5127081245839875,0.00010487882632138683,-0.03779173583327462,0.5106297319814254,-0.00019542669121857382,-0.05856866389738754,0.5190326227323864,8.394781244844563e-07,-3.7010277367705315e-06,0.5163717263591251,-0.00040502473794727374,-0.0004692508151995142,0.5140815395885604,-0.0006966933894508723,-0.0031327404362862248,0.5137556920535008,-0.0009981725493115035,-0.00964324534613087,0.5133495119898295,6.906586543203146e-05,-0.0205955142162498,0.5120005239062193,0.00010377059333801471,-0.03761501356073087,0.5106299115594984,0.0001954269056680544,-0.058568692619537385,0.5188493842411465,1.0244200318007225e-06,-3.0135990955684117e-06,0.5161263357506757,-0.0005604639493507054,-0.0003627698668779777,0.5153162884978579,-0.0008011647574109979,-0.002586814501262718,0.5152108783043886,-0.001052431595391452,-0.007757215344488759,0.5143799076138033,-0.00031889031873995354,-0.01617902138294512,0.5136781470877745,-7.59683852479113e-05,-0.028286588925320186,0.5129727022481009,0.00014657114872433245,-0.043926582691428205,0.518724867368967,1.2473539336965095e-06,-1.57109404019689e-06,0.518421308342482,-0.0006603974808896268,-0.00038507167418360165,0.5168949880020598,-0.0008488859655912788,-0.001977007539786151,0.5162672478806242,-0.0011241487082035084,-0.005500311602225172,0.5159650782335218,-0.0006684158730323898,-0.01101770811941547,0.5156769432145893,-0.0002694788135214114,-0.018657367580584915,0.5153153347727487,9.771515154562213e-05,-0.02928443901578106,0.5191822449356135,1.0831621570307694e-06,-8.347196087113948e-07,0.5189882841924437,-0.0006660727777159312,-0.00029364365515134394,0.5182673588260843,-0.0008725047962552306,-0.0011402928085710517,0.5182526030726319,-0.0011495668894841854,-0.0028327246463906506,0.5178507742111226,-0.0007400742867899098,-0.005519410113788932,0.51779096620141,-0.0004712083834548489,-0.009222912945743112,0.517657775176716,4.885807563897924e-05,-0.014642243502400218,0.5199999999999999,0.0,0.0,0.5199994799198703,-0.0006760643339804569,-1.6916336261938882e-05,0.5199996963339959,-0.0009743005187697636,-2.7388284238614656e-05,0.5200000098329136,-0.0011757215071881014,-2.8143381801368876e-05,0.5200002745218477,-0.0009209535275376806,-2.4996329659705196e-05,0.5200005643765448,-0.0006920568359965116,-2.3314319863514047e-05,0.5199999999999999,0.0,0.0
0.12999999999999998,0.5599999999999999,0.0,0.0,0.5599999193131093,0.0005241566193695146,-3.282265049943959e-05,0.560000040395207,0.000941435686304242,-4.142212685371033e-06,0.5600004255989635,0.001147923339326422,-2.663962400945916e-07,0.5600008779517734,0.0010584590537590997,-3.4793532587633294e-05,0.560001323896982,0.0009465941451788085,-3.6596160758166226e-05,0.5599999999999999,0.0,0.0,0.5594956452895109,-2.966664701979108e-07,-6.242125849234572e-07,0.5580436245115739,0.00046052423980119385,-0.0004381827851650057,0.5579280727581167,0.0009246120317045748,-0.0016001646329000762,0.5579196341771288,0.0010826517975301572,-0.0036398349498927285,0.5578118048615655,0.0009109013101334686,-0.006665661674059278,0.5577282067262728,0.0007157724180946785,-0.010522728716103049,0.5576285998135238,-5.9329658575282024e-05,-0.01617048898968666,0.559411733131438,-9.876962036441785e-08,-4.456658120792829e-06,0.559384399941241,-0.0003953686171265138,-0.0006384951029872175,0.5580856012458618,0.0009194672548556507,-0.0028012233622246863,0.5579872920293812,0.001058542053215051,-0.0069705375033568395,0.5578308645709329,0.0007659400961026829,-0.013291677884792805,0.5557123414024653,0.0004751214255763916,-0.02130081407660938,0.5552569619649709,-0.00011866488015466358,-0.03234101424855341,0.5595545997448493,7.207025528320591e-08,-4.458030181886542e-06,0.5576202868566106,-0.0004311236728754972,-0.000761912016519924,0.5548481771914219,0.0008937155215778177,-0.0038721928131301483,0.5547580060352444,0.0010168551617414617,-0.010050785792815924,0.5545344687034185,0.0006327531895909389,-0.019641481103049873,0.5539616616270403,0.00022808722004567623,-0.032273033277316496,0.5528853128741287,-0.00017800099589932244,-0.048511570472167954,0.5592251052039104,6.745020958890571e-08,-6.869686834250847e-06,0.5577836725297413,-0.0004328823097265055,-0.0008915945742019605,0.5561436758241365,0.000875776957455333,-0.004788607186179222,0.5549461816816208,0.000998398505516693,-0.012643146366681936,0.5542996541083034,-0.0004542567808615732,-0.025417580923883805,0.5528219769553099,4.033981370203663e-05,-0.04187087763540344,0.5505135998007773,-0.0002373414983488901,-0.06468217209924974,0.5592839918600649,2.7183023462707985e-07,-6.941911282199425e-06,0.5550412361105095,-0.00045086436018926864,-0.0008677435721706995,0.5544034194300316,-0.00048420570353212836,-0.004697983957691211,0.5539738596738675,0.000990335318458739,-0.01250077024438373,0.5535706562836472,-0.0005111797807119976,-0.025216315443460466,0.5519655982746329,3.877585835175541e-05,-0.04164818883083938,0.5505135472928382,0.00023734215845183299,-0.06468216437132607,0.5589695440782041,2.861037024687247e-07,-3.7269229868015536e-06,0.5588805414337545,-0.00048075934898688327,-0.0007786511189738147,0.5572169139238011,-0.0005026493145617891,-0.003953823978714553,0.5549303791642711,-0.0007787890495666207,-0.010127537142621103,0.5546908887022314,-0.0005711588824764243,-0.019856143575444064,0.5539035996447164,-0.00014890387358218734,-0.03219866716955177,0.5528852100737923,0.0001780038313191595,-0.048511588512235575,0.559049432929766,4.853879726724708e-07,-3.522585897211915e-06,0.558649338102333,-0.0005029095199226614,-0.0006880988170310503,0.5578367515967518,-0.0005287534578777829,-0.00295391463732619,0.5560941278805016,-0.0008085821926884485,-0.0071656821943172164,0.5559673231152098,-0.0006606886501925154,-0.01328968557372093,0.5556100267079171,-0.00038796722174670565,-0.021409789528120043,0.555256848938738,0.00011866756174821036,-0.032341035426014283,0.559488836745927,3.105803668631642e-07,-7.055541155665122e-07,0.5593342208780715,-0.000506883093523187,-0.00046335829440665284,0.5591956480852398,-0.0005512192630441366,-0.0016311653569989143,0.5586706844006721,-0.000893228543021692,-0.0036799810993946654,0.5586055720574961,-0.0008007472053808525,-0.006724386580779973,0.5580692472336198,-0.0006334399872508121,-0.010614380339834492,0.5576284916189397,5.93331472416253e-05,-0.0161705190254737,0.5599999999999999,0.0,0.0,0.5599998528312634,-0.0005086367246352409,-2.0340695130334182e-05,0.56000007655832,-0.0007791469663983645,-1.8217016791769674e-07,0.5600003958370332,-0.0009398842627700712,-1.1002366809764347e-05,0.5600007641753267,-0.0009142617714681974,-3.725074102387988e-05,0.5600011288891601,-0.0008659900399856489,-9.063527130913968e-06,0.5599999999999999,0.0,0.0
0.13999999999999999,0.6,0.0,0.0,0.6000003963199606,0.00016507873399126865,-3.7144256613024255e-05,0.6000008325934032,0.00025363196270377535,-6.618712228667191e-05,0.6000011099215596,0.0005461300247807263,-1.5635840404980882e-05,0.6000014541217764,0.0007697208708872898,-8.690388184982041e-05,0.6000017536522847,0.0010471944018328595,-8.261240798631064e-05,0.6,0.0,0.0,0.6000272522520227,2.6784683824276715e-08,6.954858542811227e-06,0.5990462445768568,0.00011978734640477945,-0.0006754722887676237,0.598863670259,0.00023553446627289697,-0.0021064087883989288,0.5987951680779685,0.00046579103512999143,-0.004502753063197908,0.5982184393052222,0.00039202873897833615,-0.007757591558244251,0.5980841963911703,0.0007569212563953829,-0.011972845323207892,0.597656825188396,-6.980386207532215e-05,-0.017573986655253317,0.5998295024280897,-2.3741442041822582e-08,5.487079922361858e-06,0.5994451875444189,-1.8352026756608425e-06,-0.0010617346078243325,0.59925027488622,0.00022721318731346366,-0.003873546908859676,0.5971717867827315,0.0003692438089854565,-0.008730237139717252,0.5967588192497593,0.0001801750299538688,-0.015458852245653533,0.5957479505740196,0.00045703446485024536,-0.023989124707012015,0.5953136238018446,-0.00013960955677677433,-0.03514799380132666,0.5996739807884202,-4.4871333560047764e-08,-2.8618189809224003e-06,0.5993682359484216,-2.8834410919030907e-06,-0.0013175352420063484,0.5980355081942479,0.000163231275094872,-0.005377106312577476,0.5969865300295935,-0.0005488464601839367,-0.012835048010589592,0.5965352608655857,3.2930033594408944e-05,-0.023125731624428835,0.5939542572569045,0.00015340830285808822,-0.03617546278846065,0.5929704205686346,-0.00020941875807542162,-0.052722051970432164,0.5997029002326614,-1.7469499566245316e-08,-4.765969510849607e-06,0.5969116310032494,-1.5302864341295087e-05,-0.001503037889101771,0.5954031756816387,0.00012546773474244252,-0.006396273866495799,0.5945989906021639,-0.0005877648195280915,-0.01570757536158106,0.5937305224070333,-5.116295593752928e-05,-0.028948639920285596,0.5924602391093604,-4.444742383761321e-05,-0.046006985594659815,0.5906272262730738,-0.0002792260071794037,-0.07029608785687988,0.5996335111325627,6.605265178310069e-10,-4.399802641356772e-06,0.5969364427828715,-2.3498414411120235e-05,-0.001511040231176711,0.5963098084233731,0.00010666083661951119,-0.006492155853472836,0.5955696860993339,-0.000589733263011416,-0.015757967028777752,0.5932581900479309,-5.51844911271349e-05,-0.028974338448848308,0.5923857027792836,-4.447563725819196e-05,-0.04591965340575806,0.5906271877683215,0.0002792258392865255,-0.07029608274260717,0.5997722574037643,-1.0931348802919938e-08,-4.685846186169896e-06,0.5994731767442225,-8.347593527656442e-05,-0.0013110999356727912,0.5964749554722951,6.773335780271563e-05,-0.0054295431804959535,0.5954535354575399,-0.0006461562726735124,-0.012668313392625119,0.5949479201928913,-0.00038373233927048293,-0.022998847268326322,0.5942889095597839,-0.0002472874307337623,-0.03603281127785332,0.5929703928697639,0.00020941827480382613,-0.05272205037325351,0.5998513487525192,4.029700980358495e-09,5.067939924783889e-06,0.5994754599293015,-0.0001426078999458879,-0.0010680489966359015,0.5991719554123353,-0.0001925643642669968,-0.003885310927206743,0.5987100616532254,-0.0006975593929967617,-0.00885175940870041,0.5982703366426422,-0.0005362113000500938,-0.01569912314394352,0.596096607139281,-0.0005348739013283083,-0.02418187389896395,0.5953136145658767,0.0001396118856930716,-0.03514802940746504,0.6000214792002859,-2.6651780161184257e-08,6.753565083424639e-06,0.5994505740568523,-0.00014446497671292117,-0.0006953089761641868,0.5992653364321237,-0.00028723447859161435,-0.002147596215252725,0.5988596077209339,-0.0007347103886607893,-0.0045448866322636405,0.5985544762524446,-0.0007680973188004533,-0.00782889695555884,0.5983426319828618,-0.0008469067059389547,-0.01189873422530559,0.5976567796311482,6.980715277562934e-05,-0.017574024998830377,0.6,0.0,0.0,0.600000409314606,-0.00023532368578801664,-3.388433408857931e-05,0.6000008002942603,-0.0004917294091294014,-2.9545506107031188e-05,0.6000011582749276,-0.0007781892880582489,-4.4584131280731076e-05,0.6000015488042862,-0.00103391833549962,-6.583197397414461e-05,0.6000020517974959,-0.001132843677281641,-6.0920015903987165e-05,0.6,0.0,0.0
0.15,0.64,0.0,0.0,0.6400006505890375,0.0002165181277352539,-1.7487899394509945e-05,0.6400012517245093,0.00048431384515369166,-2.8341243290718533e-05,0.6400018276751475,0.0007735238359451098,-5.50707831280403e-05,0.6400023665392186,0.0010944817406405211,-5.496516309766992e-05,0.6400029687469958,0.0013612796416915367,-6.101111880896775e-05,0.64,0.0,0.0,0.6398388508556557,3.703907515591743e-08,3.7817606786751452e-06,0.6387935348715836,-6.691223236599275e-05,-0.000972380777500241,0.6383554823967432,0.0002871756013152421,-0.0026782292087773013,0.6382056418224012,0.0005044138988354515,-0.005373847174967572,0.6380282701185294,0.000825313993951147,-0.008848791694837007,0.6379228586415362,0.001001125075671149,-0.013313299742424787,0.6377379536900868,-8.00263605762173e-05,-0.018850492416744018,0.6400531911964195,3.358940829969388e-08,-1.3542765370181475e-05,0.6395369453885535,-9.01164771995738e-05,-0.0016255696064784956,0.6392473257021765,0.00019463385691457767,-0.005037451325013677,0.6380600780963783,0.00040494809686958356,-0.010444344599812099,0.6376534495632867,0.0005140358594916876,-0.017863260853269808,0.6361055329729681,0.000634758427307225,-0.02672033529266221,0.6354758908628162,-0.00016005223367756871,-0.03770097504593086,0.6396712373177097,-1.6944628183735537e-07,-1.0624851398213617e-05,0.6394942859379003,-0.00010029569919758147,-0.0019823994161207335,0.6367072898681124,5.7821949755203195e-05,-0.006984485662538405,0.6359991612491395,0.0002135808103934103,-0.015090815545016449,0.6345459217323427,0.0001822233738476204,-0.02617185490126225,0.6338951667917243,0.0002696876247776332,-0.04004394176821615,0.6332138561221192,-0.00024007777939447723,-0.05655145832095799,0.6397138695104774,-8.411530970277165e-08,-2.406243435587388e-05,0.6365239129521272,-0.0001255149446213276,-0.002265106505857253,0.6363836940464603,-0.00023304860547037885,-0.008297327806332244,0.6359611779250598,-9.808113572024118e-05,-0.01853274243677257,0.6344201279562834,1.372917779211254e-05,-0.0328474223103234,0.6334393277227247,2.324996771469976e-05,-0.051132369962226885,0.6309518175633279,-0.00032010356420006803,-0.07540194238924838,0.6395663599954201,-3.853226701939788e-08,-2.3791245547955446e-05,0.6369817706363119,-0.0001451972254750014,-0.0022694998921327044,0.6346539614095565,-0.00026736043522984724,-0.008277062733240304,0.634166746695642,-0.00019512413805390828,-0.018332396402246976,0.6335676429385163,-8.287718603892676e-05,-0.032715852767411714,0.6327596037769014,2.2330757138389275e-05,-0.05113573547486132,0.6309518244088396,0.00032010204078935557,-0.07540194326991,0.6397563458459518,-2.1218172273499647e-08,-1.0313137134825167e-05,0.6393684995014388,-0.00016380050521202128,-0.0021217454376098945,0.6360428718368161,-0.0002753095062511298,-0.0071233375918116,0.6349369792343273,-0.00025601163932303657,-0.015258287936618502,0.634558306637988,-0.0002688653098840485,-0.026299843839603845,0.6341061843045757,-0.00022350462857097207,-0.040133666515569835,0.6332138639102782,0.000240076310187315,-0.05655145515198797,0.6399804790550198,-3.2405561567997744e-08,-1.1447096740734886e-05,0.6390263295594804,-0.00019174596938833434,-0.001573709605928063,0.6379324452509267,-0.0003345546053346544,-0.005067542549463372,0.6377326342867737,-0.00041891842560977887,-0.010516625187210138,0.6374742338524039,-0.000599634568212042,-0.017705950285109705,0.6365224854549575,-0.0005938042305406494,-0.026747979670574004,0.6354758848059453,0.00016005190973105384,-0.037700978928385254,0.6401809579054524,-2.391688801554818e-08,3.994471410898323e-06,0.6397524753252926,-0.00021301183567234606,-0.0009986967035242578,0.6391293804579832,-0.0003813047082462176,-0.0027361869167229517,0.6389591095579399,-0.000554060629078499,-0.00540138566340351,0.6384325223537332,-0.0007962842344870349,-0.008923553487047434,0.6381975558673678,-0.0009593926269535711,-0.013336905719944366,0.6377379227874566,8.00262612378929e-05,-0.018850488067390803,0.64,0.0,0.0,0.6400006169486706,-0.0002161644605358502,-1.7431441480554655e-05,0.6400011800645966,-0.0004764252016967266,-9.675666039169483e-05,0.640001814928126,-0.0006632333412433204,-3.962413394939198e-05,0.6400021907647885,-0.0010724260899472847,-4.965947161693017e-05,0.6400027766122397,-0.0013161731314066413,-0.00010791161817084263,0.64,0.0,0.0
