0.0,0.04,0.0,0.0,0.03799984240943141,-3.813625733952367e-06,0.0,0.03616244530946835,-6.357425584008514e-06,0.0,0.03490935342200086,-5.262594229626691e-06,0.0,0.03416019751184864,-2.1290479598951727e-06,0.0,0.03415989716787222,2.1357445947733495e-06,0.0,0.03490962670608765,5.265705443879764e-06,0.0,0.036162261024948426,6.3599329478359614e-06,0.0,0.03799995589152293,3.8130589496910527e-06,0.0,0.04,0.0,0.0
0.01,0.08,0.0,0.0,0.07859687589395421,-2.1437943832611786e-06,0.0,0.07780495298279383,-1.604619352228216e-06,0.0,0.07658865627941933,-2.7699743220116352e-06,0.0,0.0764202446959329,-1.0320712316802227e-06,0.0,0.07636729256794313,7.59680028480813e-07,0.0,0.07663526084639022,2.4172369289739516e-06,0.0,0.07777042836111742,1.6450848312434947e-06,0.0,0.07861529112208793,2.025379902428387e-06,0.0,0.08,0.0,0.0
0.02,0.12,0.0,0.0,0.11847559000858979,-2.2965990762005742e-06,0.0,0.11720523787332096,-3.174806918405504e-06,0.0,0.11617393304999032,-2.9507857971830635e-06,0.0,0.1156630405614266,-1.1206590459978964e-06,0.0,0.11571518124561263,1.2181063402577195e-06,0.0,0.11612829858880692,3.211867529896373e-06,0.0,0.11723904930749002,3.077005111326175e-06,0.0,0.11845769211953729,2.4357432652504994e-06,0.0,0.12,0.0,0.0
0.03,0.16,0.0,0.0,0.15843376179286783,-2.228504484864273e-06,0.0,0.1569196786168348,-4.150799007076673e-06,0.0,0.15600126481791649,-3.179668055594971e-06,0.0,0.15534303162714602,-1.3851845077855376e-06,0.0,0.1553751941524602,1.2665890820347176e-06,0.0,0.1559727550923571,3.2057163846369745e-06,0.0,0.15694046252252786,4.00468307981329e-06,0.0,0.1584230539925774,2.292844094679101e-06,0.0,0.16,0.0,0.0
0.04,0.2,0.0,0.0,0.19845118706654558,-2.3394928630346884e-06,0.0,0.19711950719746907,-3.4219632626044626e-06,0.0,0.1960793755903083,-3.1188837867944163e-06,0.0,0.19556129207629103,-1.191971105669023e-06,0.0,0.19559641449773713,1.2691763852429632e-06,0.0,0.19603496161519096,3.3470589623664054e-06,0.0,0.19716681452988674,3.2387582876623575e-06,0.0,0.1984200426813977,2.5446944328945164e-06,0.0,0.2,0.0,0.0
0.05,0.24000000000000002,0.0,0.0,0.23045329968925926,-0.00012343839287840808,0.0010609186486072518,0.22680159212824463,-9.244374278518622e-05,0.0017888550298290745,0.22292040145632647,-6.41673070801775e-05,0.0022537326958722375,0.21937345162164004,-3.0213627776693385e-05,0.0025027717573344503,0.21936834142753417,2.8765879795193902e-05,0.0025040421898896315,0.2229318295496237,6.253649840019735e-05,0.0022479172825494317,0.22688456395401738,8.975851594710556e-05,0.0017833453110198338,0.23052764936857506,0.00012092531889571761,0.0010795493754285628,0.24000000000000002,0.0,0.0
0.060000000000000005,0.28,0.0,0.0,0.2767664762000971,-3.387776168655492e-06,-0.0023802482985648492,0.27354184044479446,-6.6747682647291405e-06,-0.004761995590922539,0.27033151078960893,-9.795014410816148e-06,-0.0071455445716752915,0.26712933866029503,-1.2821505835417076e-05,-0.009530259486672984,0.267044328466537,1.2663315026157982e-05,-0.009509563420496374,0.2702722783483577,9.624326546344643e-06,-0.007130567628610889,0.273505025378965,6.5326002223293595e-06,-0.004752568694354833,0.27674983779395446,3.2949747606690007e-06,-0.0023756326727102433,0.28,0.0,0.0
0.07,0.32,0.0,0.0,0.3168046798341367,-2.6891525815761995e-06,-0.004632895094636114,0.3132825493196376,-1.77289501383226e-05,-0.009443739299889412,0.3108801865447559,-2.5814968496978986e-05,-0.014498821140289199,0.30905335436106385,-2.672466448062642e-05,-0.01943057871864087,0.30918355650808443,2.686541057525892e-05,-0.019460364499130457,0.31068826542588573,2.575437057302956e-05,-0.01444349783951362,0.3134718961149703,1.7889219604696902e-05,-0.009495704536574254,0.31668817913115527,4.601625219291788e-06,-0.004605437918894211,0.32,0.0,0.0
0.08,0.36,0.0,0.0,0.35616773533218515,-1.2138013299771382e-05,-0.006840171495120552,0.352336156092723,-2.426683616691933e-05,-0.013680390797278294,0.34850780389993985,-3.6357134572862935e-05,-0.020521007974683442,0.344680136963253,-4.843826199289576e-05,-0.027361672910465724,0.34479613752573407,4.6377005223468244e-05,-0.027386865873860584,0.3485953182938318,3.480464221824204e-05,-0.02053995971634821,0.352394006943321,2.3237493780842798e-05,-0.01369296971180848,0.35619724973210815,1.1616130374792656e-05,-0.006846526778409758,0.36,0.0,0.0
0.09,0.39999999999999997,0.0,0.0,0.39343319438478436,-2.4336473421367415e-05,-0.00837645002637581,0.38687233153350675,-4.852386060473644e-05,-0.016753070326500814,0.38030776533852906,-7.283703715808236e-05,-0.025130520616679503,0.3737567597499921,-9.679235839865108e-05,-0.03350787283957429,0.3737272641317386,9.640974695444879e-05,-0.0335017993371993,0.3802866314298684,7.25259346465283e-05,-0.02512600893772724,0.386856952073909,4.8352440635309226e-05,-0.016750126096501044,0.3934270959596652,2.420641723303796e-05,-0.008374898607707307,0.39999999999999997,0.0,0.0
0.09999999999999999,0.43999999999999995,0.0,0.0,0.4320853503541066,-3.5674093091692765e-05,-0.010109406287066575,0.4241693547424929,-7.144204085285108e-05,-0.020220049846741854,0.4162537230828238,-0.00010720035649965475,-0.03033072347530727,0.4083389111629619,-0.0001428788122737609,-0.0404401147621719,0.4083294543490702,0.0001423073273407942,-0.04043829799521856,0.4162466311192978,0.00010677022126469249,-0.03032938077983751,0.42416466405190745,7.115571021221087e-05,-0.02021914519679764,0.43208302690037886,3.553114168099846e-05,-0.010108935992441729,0.43999999999999995,0.0,0.0
0.10999999999999999,0.4799999999999999,0.0,0.0,0.4711875618630039,-4.758684346861377e-05,-0.011824480007205526,0.46237513122850954,-9.517345597440047e-05,-0.023648960649792234,0.4535627070623736,-0.00014275986517265445,-0.03547344188201547,0.4447502904594133,-0.00019034604570393818,-0.04729792389419378,0.444750424925614,0.000190268957505146,-0.04729795156135004,0.45356280782423325,0.0001427020510981092,-0.035473462638652524,0.46237520516558367,9.513470482746546e-05,-0.02364897511575806,0.47118759537346533,4.7567575474210155e-05,-0.011824486886132891,0.4799999999999999,0.0,0.0
0.11999999999999998,0.5199999999999999,0.0,0.0,0.5102357246917801,-6.052171444420698e-05,-0.013417211700117055,0.5004714499302363,-0.00012104339809421657,-0.026834423737791633,0.4907071732104426,-0.0001815652600199875,-0.040251635601790244,0.4809428970713439,-0.00024208703490407896,-0.05366884709799314,0.48094252381553215,0.00024227212963995087,-0.05366877606465839,0.4907068923597413,0.0001817040879916498,-0.04025158179465324,0.5004712601526444,0.00012113604570583782,-0.026834387804600485,0.5102356304507485,6.056803014920854e-05,-0.01341719404960198,0.5199999999999999,0.0,0.0
0.12999999999999998,0.5599999999999999,0.0,0.0,0.5493905530765014,-7.380825479169672e-05,-0.014916415903229537,0.5387811080629625,-0.00014761621284560745,-0.029832827667271643,0.5281716600703028,-0.00022142404431183332,-0.044749240167872496,0.5175622138644493,-0.0002952317989160175,-0.059665655862467484,0.5175620487045455,0.0002954082564768384,-0.05966562259911216,0.5281715370194362,0.00022155568700244236,-0.0447492174794375,0.5387810168029885,0.00014770364787516948,-0.0298328104665219,0.5493905134984302,7.385138444169753e-05,-0.014916405627955081,0.5599999999999999,0.0,0.0
0.13999999999999999,0.6,0.0,0.0,0.588562526670648,-8.710368523757401e-05,-0.01630582239589886,0.5771250645740639,-0.00017420713882450157,-0.03261164720761887,0.5656878784241105,-0.00026129986845879527,-0.0489174935324613,0.5542507207100801,-0.0003483911658290597,-0.06522334053469424,0.554250764465974,0.00034855899637269703,-0.06522334003973296,0.5656879113121324,0.0002614269381761504,-0.04891749299754411,0.5771250504154609,0.0001742942238882952,-0.03261164400706203,0.5885625379323497,8.714684625585792e-05,-0.01630582233550913,0.6,0.0,0.0
0.15,0.64,0.0,0.0,0.6280783505406603,-9.975945889014987e-05,-0.017628871981750074,0.6161566933001251,-0.00019951962453883024,-0.03525774327900707,0.6042352294845741,-0.0002992717409063808,-0.052886628117992274,0.5923137846164762,-0.00039902377938757827,-0.07051551439028002,0.5923137363092876,0.0003990928719943959,-0.07051550515698846,0.6042351929057312,0.00029932410016815785,-0.05288662113436478,0.6161566581653339,0.0001995553832424679,-0.035257737838399666,0.6280783382689717,9.977726620118831e-05,-0.017628869614418827,0.64,0.0,0.0
0.16,0.68,0.0,0.0,0.6676098667343218,-0.00011241318753332979,-0.018833760763652327,0.6552197535028245,-0.00022482547781539468,-0.037667522878383486,0.6428296429145338,-0.0003372376549370422,-0.05650128515811314,0.6304395523816801,-0.0004496489348030064,-0.07533504878781924,0.6304394118164875,0.00044961929062752693,-0.07533503310400325,0.6428295379245602,0.000337215401959503,-0.05650127342478309,0.6552196859078641,0.00022481053694932423,-0.03766751521711059,0.6676098320347174,0.0001124057548929546,-0.01883375687182703,0.68,0.0,0.0
0.17,0.7200000000000001,0.0,0.0,0.7071244271423363,-0.0001497160770262519,-0.020213269578340073,0.6942490522473701,-0.0002994138909529165,-0.04042643924353919,0.6813737390716991,-0.00044911297371946215,-0.06063966399916537,0.6686221535934703,-0.0005002635995579839,-0.07968121745814054,0.6686219206180116,0.0005001352212316868,-0.07968119761551713,0.6813735646063104,0.00044901730499830874,-0.06063965757142849,0.6942489352119133,0.00029935014267044445,-0.04042643483582234,0.7071243694455458,0.00014968418286140896,-0.02021326745700768,0.7200000000000001,0.0,0.0
0.18000000000000002,0.7600000000000001,0.0,0.0,0.7465012663464656,-0.00020093504844057963,-0.021449823381026738,0.733002953631454,-0.0004019393602944632,-0.04290076711436454,0.7195052932649116,-0.0006028144176077056,-0.06435066354522555,0.7074459233407798,-0.0005441574034034039,-0.08360966890273053,0.7074459686084984,0.0005440471158446214,-0.08360967768330957,0.7195053443714818,0.0006027318689312059,-0.06435067833992536,0.7330029924626528,0.0004018832056770074,-0.04290076691541278,0.7465012858408935,0.00020090834465074847,-0.021449839338840336,0.7600000000000001,0.0,0.0
0.19000000000000003,0.8000000000000002,0.0,0.0,0.7862462524233234,-0.00023705048233708064,-0.022558370138638786,0.7724931816346075,-0.0004741371599578528,-0.04511754467734355,0.7587402048130347,-0.0007111315834737619,-0.06767574476301799,0.7469605685426323,-0.0005790389457264443,-0.08710197767550935,0.7469605916888942,0.0005789963125736272,-0.08710198130552282,0.7587402121856296,0.000711100543459231,-0.06767574914368293,0.7724931867919461,0.0004741161285912574,-0.04511754397038931,0.7862462567943561,0.00023704035465533285,-0.02255837517280385,0.8000000000000002,0.0,0.0
0.20000000000000004,0.8400000000000002,0.0,0.0,0.8260840272170267,-0.0002688004393526244,-0.023505130624976826,0.812168669688225,-0.0005376243444497043,-0.04701086913315435,0.7982532331904205,-0.0008063777629747379,-0.07051580521249269,0.7867135493851859,-0.0006110682292086433,-0.09010166328915076,0.7867135446537805,0.0006110800070845235,-0.0901016624838853,0.7982532302566399,0.0008063865241878554,-0.07051580394761368,0.8121686676615186,0.0005376302466263001,-0.0470108689415119,0.8260840256865628,0.00026880331039011115,-0.023505129372500107,0.8400000000000002,0.0,0.0
0.21000000000000005,0.8800000000000002,0.0,0.0,0.8660232182077303,-0.00029521101506251187,-0.024287636198552894,0.8520470302299632,-0.0005904365075783976,-0.048575758483303,0.8380706202296839,-0.0008856094010351648,-0.07286320656627097,0.8267743220722079,-0.0006382287183071264,-0.09260494268790585,0.8267743093698039,0.0006382617899077323,-0.09260494063377865,0.8380706151232555,0.0008856338234666132,-0.07286320331035964,0.8520470270536786,0.0005904529271641667,-0.04857575790476037,0.8660232149343176,0.00029521906496706357,-0.024287633295915916,0.8800000000000002,0.0,0.0
0.22000000000000006,0.9200000000000003,0.0,0.0,0.9060831975126197,-0.0003146365592643908,-0.024903307179728898,0.8921670106114725,-0.0006292782402114236,-0.04980700566036502,0.8782504849836384,-0.0009438852300926845,-0.07471016139359962,0.8672038829354195,-0.0006583553939479781,-0.09460377441873422,0.8672038731234777,0.0006583825386188046,-0.09460377289670133,0.8782504813571347,0.0009439053075613536,-0.07471015879578392,0.8921670084569909,0.0006292916976172489,-0.04980700478664359,0.9060831950201261,0.0003146432186269232,-0.024903305257229173,0.9200000000000003,0.0,0.0
0.23000000000000007,0.9600000000000003,0.0,0.0,0.9462629483540563,-0.0003264024930342436,-0.0253477798825818,0.9325265500933836,-0.0006527988484291984,-0.050695849741105685,0.9187897602285503,-0.0009791783829406035,-0.07604353561266869,0.9080015551759104,-0.0006704918657730581,-0.09608470763314993,0.9080015515832102,0.0006705024132927116,-0.0960847070990815,0.9187897590380179,0.0009791861994752527,-0.07604353462619096,0.9325265496366122,0.0006528040777477187,-0.05069584940892984,0.9462629474892055,0.0003264051006873274,-0.025347779302941114,0.9600000000000003,0.0,0.0
0.24000000000000007,1.0000000000000002,0.0,0.0,0.9865529451936179,-0.000330349132577271,-0.025616446517847127,0.973106578980357,-0.0006606794183013837,-0.05123306851212522,0.9596598561968268,-0.000991007650202958,-0.07684947592365463,0.9491381901254334,-0.0006744755461520677,-0.09703346601914722,0.9491381913607474,0.0006744725546443137,-0.09703346616072181,0.9596598571073708,0.0009910054264954252,-0.07684947620726222,0.9731065796414213,0.0006606779325136544,-0.05123306869593061,0.9865529456172795,0.0003303483885613143,-0.025616446647599683,1.0000000000000002,0.0,0.0
0.25000000000000006,1.0400000000000003,0.0,0.0,1.0269434340436083,-0.0003264915801351467,-0.02570505522878933,1.0138875755804202,-0.0006529532589771677,-0.051410166814132637,1.0008315053722832,-0.0009794194913799886,-0.07711521771167267,0.990582775892023,-0.0006704572351366249,-0.09743693320521127,0.9905827789305749,0.0006704490589060614,-0.0974369335457121,1.0008315070729799,0.0009794134169946384,-0.0771152184531936,1.0138875767245261,0.0006529492056417315,-0.05141016729123217,1.026943434888749,0.00032648954269941363,-0.02570505550038271,1.0400000000000003,0.0,0.0
0.26000000000000006,1.0800000000000003,0.0,0.0,1.0674262288265337,-0.0003149352020958869,-0.02560970164483733,1.0548524580491256,-0.0006298703765597662,-0.05121940321482364,1.0422786872475804,-0.0009448055670123061,-0.07682910492868268,1.0323077399524887,-0.0006587023595318833,-0.09728323710271139,1.0323077424373888,0.0006586957349738264,-0.09728323734528917,1.0422786886640938,0.0009448006430220454,-0.07682910551071631,1.0548524590908124,0.0006298670879381828,-0.05121940359251755,1.0674262292833128,0.00031493356257021355,-0.025609701848883143,1.0800000000000003,0.0,0.0
0.2700000000000001,1.1200000000000003,0.0,0.0,1.1079930570224084,-0.0002959716059864656,-0.025326786527585497,1.0959861140330969,-0.0005919433650355732,-0.05065357343777709,1.0839791712816926,-0.0008879151551504996,-0.07598035988549247,1.0742899849593703,-0.0006395290342352095,-0.09656150182819835,1.0742899858962192,0.00063952651867901,-0.09656150190768831,1.08397917174764,0.0008879132883472987,-0.07598036010084584,1.095986114350184,0.0005919421191557604,-0.050653573571156664,1.1079930571756575,0.00029597098519827035,-0.025326786612982696,1.1200000000000003,0.0,0.0
0.2800000000000001,1.1600000000000004,0.0,0.0,1.1486361613635208,-0.0002699961653790044,-0.024853019651151092,1.1372723236290385,-0.0005399922846851027,-0.04970603925168073,1.125908484547226,-0.0008099884566314781,-0.0745590587649235,1.1165047522119584,-0.0006133536957290471,-0.0952617759413919,1.1165047518801337,0.0006133544759972748,-0.0952617759222478,1.125908484300388,0.0008099890381617448,-0.07455905870396418,1.1372723234739468,0.0005399926720298341,-0.049706039211932514,1.1486361612687999,0.0002699963597228173,-0.024853019630171076,1.1600000000000004,0.0,0.0
0.2900000000000001,1.2000000000000004,0.0,0.0,1.189348549117669,-0.0002375560895177402,-0.024185326728526572,1.1786970992604442,-0.00047511226621908424,-0.04837065480884294,1.168045647783199,-0.0007126685221438364,-0.07255598299370339,1.1589310655843765,-0.0005806955422833637,-0.09337486749245406,1.1589310647579976,0.0005806975577152388,-0.09337486745317254,1.1680456473380962,0.0007126700170690675,-0.07255598283527638,1.1786970989941443,0.00047511326036363727,-0.048370654691098386,1.189348548910125,0.00023755659143157005,-0.02418532668688833,1.2000000000000004,0.0,0.0
0.3000000000000001,1.2400000000000004,0.0,0.0,1.2301231210983414,-0.00019936255716093023,-0.023320872398656885,1.2202462458985455,-0.00039872558336614234,-0.04664175138914658,1.210369367176689,-0.0005980887574509916,-0.06996263047122012,1.2015476440027368,-0.0005422384374765831,-0.09089234921751102,1.2015476433050194,0.0005422400512292669,-0.0908923491975266,1.2103693668150979,0.000598089953330345,-0.06996263034970346,1.220246245697428,0.00039872637653371763,-0.046641751281293005,1.2301231209105459,0.000199362960502342,-0.0233208723801673,1.2400000000000004,0.0,0.0
0.3100000000000001,1.2800000000000005,0.0,0.0,1.2709532884837282,-0.00015627536378253843,-0.022257017778467093,1.2619065942970398,-0.00031255144294730963,-0.0445140506293301,1.2528598845123455,-0.0004688286773961146,-0.06677109010405183,1.2443345962882864,-0.0004988326212686128,-0.08780644537919342,1.24433459601157,0.000498833224416612,-0.08780644537659932,1.2528598843816476,0.000468829123601969,-0.06677109006020314,1.261906594039153,0.0003125517528601788,-0.04451405067036154,1.2709532884045422,0.00015627551529886485,-0.022257017780590253,1.2800000000000005,0.0,0.0
0.3200000000000001,1.3200000000000005,0.0,0.0,1.3117762935463926,-0.000113904631367458,-0.021031348931215717,1.3035528548612745,-0.00022779929140687434,-0.04206268404936431,1.295329428507713,-0.0003416932097811427,-0.06309401514646304,1.2871062700222204,-0.00045557727256394036,-0.08412533387593005,1.287106270032799,0.00045557735574015254,-0.08412533387158175,1.2953294285050372,0.0003416932706492442,-0.06309401514378887,1.3035528548703155,0.00022779933302915782,-0.04206268404724337,1.3117762935397277,0.00011390465459005547,-0.021031348930229492,1.3200000000000005,0.0,0.0
0.3300000000000001,1.3600000000000005,0.0,0.0,1.3525017852902326,-0.00010175878066519275,-0.01995760218342198,1.3450036399136986,-0.00020354155066098473,-0.039915529573066,1.337506969543225,-0.00030528905634158584,-0.05987356758540845,1.330010363754228,-0.00040706043960030933,-0.07983192743716978,1.3300103638882201,0.00040706031921850444,-0.07983192741889204,1.3375069702232014,0.0003052903706413458,-0.05987356745633051,1.3450036401734797,0.0002035435111901369,-0.03991552976680756,1.3525017858993376,0.00010176014426888426,-0.019957602062403094,1.3600000000000005,0.0,0.0
0.34000000000000014,1.4000000000000006,0.0,0.0,1.393265829108101,-8.85921219938233e-05,-0.01872884856000863,1.386531546480298,-0.0001772086998054333,-0.037457983268562464,1.3797972497253255,-0.00026582840183961016,-0.05618715455487466,1.3730631173767351,-0.0003544256835104291,-0.07491608584937905,1.3730631172341496,0.00035442553255128655,-0.07491608587283326,1.3797972495439745,0.0002658282901703954,-0.05618715456970506,1.386531546206794,0.000177208628367323,-0.03745798325718979,1.393265828857299,8.859208840577952e-05,-0.01872884853384188,1.4000000000000006,0.0,0.0
0.35000000000000014,1.4400000000000006,0.0,0.0,1.434010729339826,-7.544679222734978e-05,-0.017349609687054946,1.428021458270181,-0.00015089264564600817,-0.03469921944299948,1.4220321891459846,-0.00022633808615162072,-0.05204882900230136,1.4160429199736904,-0.0003017837272403892,-0.06939843873956456,1.416042919546062,0.00030178358009819704,-0.06939843880353215,1.422032188822469,0.00022633795818653073,-0.052048829051264074,1.4280214580612793,0.00015089254757550278,-0.034699219476165014,1.4340107292355857,7.54467386152758e-05,-0.017349609704087124,1.4400000000000006,0.0,0.0
0.36000000000000015,1.4800000000000006,0.0,0.0,1.4747353353113795,-6.228562770084493e-05,-0.015820016355935815,1.4694706704701945,-0.00012457152435021548,-0.03164003251020428,1.464206015448921,-0.00018685751018646235,-0.047460048087529905,1.458941359974278,-0.0002491439650136937,-0.06328006368521047,1.4589413592627947,0.00024914382212715515,-0.0632800637976384,1.4642060149270921,0.0001868574837559104,-0.047460048165998296,1.469470670130926,0.00012457156713822332,-0.03164003255835139,1.4747353351365995,6.228567285288425e-05,-0.01582001637880136,1.4800000000000006,0.0,0.0
0.37000000000000016,1.5200000000000007,0.0,0.0,1.5154374777117174,-4.912953668794276e-05,-0.014140541707622179,1.5108749560203163,-9.825899083260323e-05,-0.02828108281856929,1.506312499541176,-0.00014738742095428016,-0.04242161953384133,1.5017500416023957,-0.00019651680793830452,-0.056562156004797394,1.5017500406083608,0.00019651666815502527,-0.05656215617370242,1.506312498775775,0.0001473872009147022,-0.0424216196681688,1.5108749555464205,9.825875597882134e-05,-0.02828108291073324,1.5154374774664032,4.912938468964978e-05,-0.014140541755752254,1.5200000000000007,0.0,0.0
0.38000000000000017,1.5600000000000007,0.0,0.0,1.556424972456156,-3.583380528834014e-05,-0.01225612671550957,1.5528499513353509,-7.166748610027352e-05,-0.024512252765619257,1.5492749303694067,-0.00010750114897934657,-0.03676837849488234,1.5456999094084056,-0.0001433348274232268,-0.04902450453852389,1.5456999094477186,0.00014333486713230954,-0.0490245045298526,1.5492749303836069,0.00010750117936109442,-0.036768378489725154,1.552849951345999,7.166750629849213e-05,-0.02451225276141431,1.5564249724715387,3.583381518895034e-05,-0.012256126712297094,1.5600000000000007,0.0,0.0
0.3900000000000002,1.6000000000000008,0.0,0.0,1.5972041527315848,-2.4746938193200398e-05,-0.010249328946909003,1.59440678620543,-4.9497629159024674e-05,-0.02049833507489642,1.5916091206434921,-7.423907882601045e-05,-0.030747034665803998,1.5888134203856374,-9.891649393108947e-05,-0.04099471067441828,1.5888134202155435,9.891661374293339e-05,-0.04099471070250386,1.591609127500662,7.42389824678124e-05,-0.030747032751134523,1.5944067736009786,4.949763579232942e-05,-0.020498330835696042,1.5972041584152505,2.474683121497253e-05,-0.010249327408309854,1.6000000000000008,0.0,0.0
0.4000000000000002,1.6400000000000008,0.0,0.0,1.6379118104839712,-1.5425587650733724e-05,-0.008096353074242498,1.6358309296731492,-3.078562392179332e-05,-0.016192219034935108,1.633749785726628,-4.613611106146328e-05,-0.02428772251769963,1.6316759433982515,-6.139878346335315e-05,-0.032382736089874284,1.6316759436719872,6.13987851913316e-05,-0.03238273603245151,1.6337497857118597,4.613373548517804e-05,-0.024287722510138478,1.6358309302235627,3.078568664379096e-05,-0.016192219140870476,1.6379118103713708,1.54279034073725e-05,-0.00809635294343774,1.6400000000000008,0.0,0.0
0.4100000000000002,1.6800000000000008,0.0,0.0,1.6785826033289741,-7.940898053952594e-06,-0.005794443615178373,1.6771695660994956,-1.5850946413832282e-05,-0.011588613801412854,1.6757768055154465,-2.360216540293535e-05,-0.01738081063128169,1.6743876864521192,-3.1308350935592746e-05,-0.023171908313938318,1.674387684091964,3.13083984335466e-05,-0.02317190883841045,1.6757768028268032,2.3602202379452564e-05,-0.017380811105371593,1.6771695663666695,1.5850959784995884e-05,-0.011588613932720825,1.6785826018716778,7.940924123069336e-06,-0.005794443811398708,1.6800000000000008,0.0,0.0
0.4200000000000002,1.7200000000000009,0.0,0.0,1.720748910121474,-1.1631134652373773e-06,-0.0029528455293993494,1.7215552435444252,-3.109309967143698e-06,-0.005955972581603002,1.722419611823051,-4.199705793071651e-06,-0.008870402955810774,1.7233414229863477,-6.080914309546494e-06,-0.011835099306999285,1.723341428863111,6.080651884705842e-06,-0.011835097906493935,1.7224195805175606,4.199449815025759e-06,-0.008870407979316333,1.7215553026592745,3.1092479133482846e-06,-0.005955962606903605,1.720748877091246,1.1630212030699711e-06,-0.0029528509873113797,1.7200000000000009,0.0,0.0
0.4300000000000002,1.760000000000001,0.0,0.0,1.7573910913034683,-8.286589800217593e-06,-0.0013465024215580884,1.755453284502094,-9.97583124585495e-06,-0.0025579478918696377,1.753580879970544,-1.0799116070897462e-05,-0.0037044705191379844,1.7529962468547113,-4.2217332394153356e-06,-0.004558303025176796,1.752970881111269,4.3627757543741996e-06,-0.004564654148050051,1.7536099325514494,1.0725375961950235e-05,-0.0036987143446246037,1.7554253902157382,1.0330882348877579e-05,-0.0025623786466809463,1.757410025501931,8.162621956432065e-06,-0.0013436605813999338,1.760000000000001,0.0,0.0
0.4400000000000002,1.800000000000001,0.0,0.0,1.7976949203062966,-5.2448188056367796e-06,-0.0001584997026298826,1.7956945082018845,-7.827835602125275e-06,-0.0002972671491052827,1.794170297892101,-7.0082231591303015e-06,-0.00040124097547660203,1.7933859717239191,-2.7531791815502867e-06,-0.0004559495671555675,1.7933871061533364,2.7279136488292996e-06,-0.0004559284966641554,1.794173042301242,6.978672136822411e-06,-0.00040123040318896147,1.7956977184648604,7.797098127803453e-06,-0.00029723439507664046,1.7976970103008296,5.224251905698775e-06,-0.00015848756629473156,1.800000000000001,0.0,0.0
0.45000000000000023,1.840000000000001,0.0,0.0,1.8377714032976684,-4.542304321946377e-06,-1.684668181983057e-05,1.8356028098150856,-8.547860454987658e-06,-3.226306754672606e-05,1.834361869463005,-6.218561301267394e-06,-4.265007810606136e-05,1.8333866955793625,-2.7062072038576674e-06,-4.9059365391162055e-05,1.8333871653755207,2.7101324934288444e-06,-4.906046681446775e-05,1.8343617160655592,6.223933659686855e-06,-4.264871629603503e-05,1.8356033387426625,8.548307515384776e-06,-3.226339884280562e-05,1.837771431064204,4.544751262101742e-06,-1.6846002650314204e-05,1.840000000000001,0.0,0.0
0.46000000000000024,1.880000000000001,0.0,0.0,1.87868332605486,-1.7835410593962402e-06,-1.0246881426027697e-06,1.8777313679246643,-1.915061914132479e-06,-1.8603613727656963e-06,1.8767407436401555,-2.201735948057123e-06,-2.5722976500372894e-06,1.876409761119548,-7.524136860683615e-07,-2.8844440361525544e-06,1.8764239035193524,9.067109233021182e-07,-2.886219565066531e-06,1.8767282887477499,2.372773509607072e-06,-2.5707427833945815e-06,1.8777405820478004,1.9688547122303205e-06,-1.8615249493699262e-06,1.8786784027893453,1.8523359211159637e-06,-1.0240757653464328e-06,1.880000000000001,0.0,0.0
0.47000000000000025,1.920000000000001,0.0,0.0,1.9184861635996309,-2.1946775346073044e-06,-7.775046804034885e-08,1.9171335908533864,-3.464523741926884e-06,-1.46737025955945e-07,1.9161496552463895,-3.0018819202201206e-06,-1.9727701006854967e-07,1.9156259783043492,-1.1436108150895584e-06,-2.2442701983849381e-07,1.9156086950341176,1.2558371025356152e-06,-2.2460965944491994e-07,1.9161648042233466,3.025373352364028e-06,-1.9711777419742896e-07,1.9171223358725922,3.572102514414023e-06,-1.4685553257044754e-07,1.9184921544259406,2.189667090559764e-06,-7.768702427385283e-08,1.920000000000001,0.0,0.0
0.48000000000000026,1.960000000000001,0.0,0.0,1.9584069391061847,-2.644595974346148e-06,-6.1329083363133355e-09,1.9571652371902724,-3.2571613162539153e-06,-1.1302468369997805e-08,1.9559910724073883,-3.532355892274119e-06,-1.5496767010226432e-08,1.955587183248294,-1.3787732174542866e-06,-1.7427161469628176e-08,1.9555409935621573,1.130582276284508e-06,-1.7456824067830655e-08,1.9560381473949118,3.1767865822934233e-06,-1.546161091253811e-08,1.9571231413544192,3.3372797862516712e-06,-1.1338430161184198e-08,1.9584324513593419,2.4018852613019863e-06,-6.1096029628670126e-09,1.960000000000001,0.0,0.0
0.49000000000000027,2.000000000000001,0.0,0.0,1.9984078466221162,-2.39489458816047e-06,-4.86389817409096e-10,1.9969816343785887,-3.7947859271933564e-06,-9.181468816880062e-10,1.9959634359753275,-3.2146622391842528e-06,-1.2322210456933365e-09,1.9953932354744321,-1.231202845946428e-06,-1.4044660516567257e-09,1.9953832700090277,1.3896857597022436e-06,-1.4048328488114712e-09,1.9959726333179495,3.312016925772844e-06,-1.2318523164710774e-09,1.996974874715997,3.9201825531991865e-06,-9.184108696303257e-10,1.9984112414871558,2.41741831586209e-06,-4.862676081058867e-10,2.000000000000001,0.0,0.0
0.5000000000000002,2.040000000000001,0.0,0.0,2.038346825684652,-2.7436276657406255e-06,-3.999175054317952e-11,2.036983740094942,-3.7231612449764797e-06,-7.434909797243506e-11,2.035808911904407,-3.6963210913681756e-06,-1.0136424750740734e-10,2.035340870801244,-1.3837624644148608e-06,-1.1429039369069964e-10,2.0353119126741115,1.3510308841489e-06,-1.1444470131661986e-10,2.035834959826694,3.5502650376370584e-06,-1.0122264483133249e-10,2.0369640319813276,3.7677221859006762e-06,-7.445723945050171e-11,2.0383575927809034,2.634411624860311e-06,-3.9931969446311106e-11,2.040000000000001,0.0,0.0
0.5100000000000002,2.080000000000001,0.0,0.0,2.0783717650458686,-2.7431238289450856e-06,-3.1759303848121663e-12,2.077123263973283,-3.30077494314259e-06,-5.8329277170414976e-12,2.075932453330665,-3.5683038691952116e-06,-7.99735359537282e-12,2.0755085065582497,-1.3488794158465172e-06,-9.006257989757974e-12,2.0754620196067886,1.2279862878376585e-06,-9.019881816146076e-12,2.075988929924367,3.254411430993352e-06,-7.973588235815555e-12,2.077064498421994,3.524385829068079e-06,-5.8632212329271695e-12,2.078410912386961,2.477967783740428e-06,-3.1539299444368683e-12,2.080000000000001,0.0,0.0
0.5200000000000002,2.120000000000001,0.0,0.0,2.1185157600627456,-2.1487752511217184e-06,-2.3343057343079145e-13,2.117208775024431,-3.2839898748471745e-06,-4.388230220669934e-13,2.1162413348790805,-2.875415134089255e-06,-5.911031210638435e-13,2.115724540638613,-1.1584615257509973e-06,-6.722606459242753e-13,2.1157246874712783,1.0774029272514667e-06,-6.722588418884032e-13,2.116241272663607,2.823692488494612e-06,-5.911006341099882e-13,2.117208871557254,3.2799757236033234e-06,-4.3882143869407986e-13,2.1185156640987235,2.163163691813333e-06,-2.334330592922407e-13,2.120000000000001,0.0,0.0
0.5300000000000002,2.160000000000001,0.0,0.0,2.158146819577242,-3.407899326230562e-06,-2.1750828750730434e-14,2.156532983371258,-5.123227896444802e-06,-4.0802265289788176e-14,2.1553088591402965,-4.588743826773543e-06,-5.50790116855011e-14,2.154681212434906,-1.8234728686350704e-06,-6.25523675245741e-14,2.154680124776726,1.7165187488765085e-06,-6.256137618296553e-14,2.155309729805069,4.459390830807402e-06,-5.507079826955659e-14,2.1565325630690935,5.015850414067639e-06,-4.080587220586643e-14,2.1581470084085597,3.337698698574414e-06,-2.1748362581539292e-14,2.160000000000001,0.0,0.0
0.5400000000000003,2.200000000000001,0.0,0.0,2.1988544346236543,-9.407259241880414e-07,-1.2926484458375785e-15,2.197489618231338,-2.98199907358082e-06,-2.603377126308046e-15,2.1969793557129016,-1.8162495143041116e-06,-3.3292785670451363e-15,2.1963377896867216,-9.48442093786515e-07,-3.902478273913179e-15,2.196355754160808,7.485357066896159e-07,-3.883939223379377e-15,2.196963595131377,1.714625728401424e-06,-3.34555215572664e-15,2.197501280482872,2.8479695131522194e-06,-2.5913183722945317e-15,2.1988482465091237,9.353915796549681e-07,-1.2990489675519728e-15,2.200000000000001,0.0,0.0
0.5500000000000003,2.240000000000001,0.0,0.0,2.2384682679192838,-2.3065279088251662e-06,-1.0428575009140825e-16,2.23716953815066,-3.2854878452407276e-06,-1.9454464042759402e-16,2.236126425031106,-3.0642243920752405e-06,-2.639841609365596e-16,2.2356302721051624,-1.162702162754394e-06,-2.989186913040713e-16,2.2356567883457292,1.2311604949352656e-06,-2.985543495210376e-16,2.236094919677313,3.241730640851063e-06,-2.645127569263671e-16,2.237202157102041,3.172713161955976e-06,-1.9392557874560209e-16,2.2384467950002866,2.4488958957905414e-06,-1.0471066086085256e-16,2.240000000000001,0.0,0.0
0.5600000000000003,2.280000000000001,0.0,0.0,2.2781774766814067,-3.28390888127612e-06,-9.51502354714401e-18,2.2765801748358667,-4.9947136783391195e-06,-1.7872075865465244e-17,2.275384193994476,-4.425406660306989e-06,-2.4098835355060192e-17,2.2747586209576367,-1.7558596730884736e-06,-2.7388231667901207e-17,2.274758331988232,1.6828917083402828e-06,-2.7388449821821973e-17,2.2753844273042056,4.3269982025234175e-06,-2.4098665751348285e-17,2.276580126152787,4.901222754447848e-06,-1.787199174823128e-17,2.278177509496905,3.2220160625173278e-06,-9.51503921754336e-18,2.280000000000001,0.0,0.0
0.5700000000000003,2.320000000000001,0.0,0.0,2.3186499838949093,-1.7884712747151676e-06,-6.329745750636706e-19,2.3174969488825385,-2.597322574887601e-06,-1.185773802434783e-18,2.316577793896103,-2.4508096101403566e-06,-1.6038872222359739e-18,2.316150110992199,-9.831127015177368e-07,-1.819496800529701e-18,2.3161401765386587,8.729894525726758e-07,-1.8172337434978374e-18,2.316586735396594,2.3558294549343166e-06,-1.605909912592081e-18,2.317490075094542,2.6069610509551907e-06,-1.1842311458781667e-18,2.3186537540349557,1.7672552135188598e-06,-6.338121877642992e-19,2.320000000000001,0.0,0.0
0.5800000000000003,2.360000000000001,0.0,0.0,2.3582341014881942,-2.900896886316309e-06,-5.752400199629249e-20,2.356564905240746,-5.133601924085219e-06,-1.0924863438366026e-19,2.355491746958075,-4.096067595609199e-06,-1.4604309384113444e-19,2.354792623650066,-1.72668256910387e-06,-1.6679702300233307e-19,2.3548095760391705,1.621815051960722e-06,-1.6674417783751413e-19,2.355476075738236,4.0846081545139385e-06,-1.4609708225599697e-19,2.356575483431272,5.023956995826776e-06,-1.0921949130029588e-19,2.3582277740441233,2.920405323493821e-06,-5.754746686660466e-20,2.360000000000001,0.0,0.0
0.5900000000000003,2.4000000000000012,0.0,0.0,2.39841314300934,-2.493726665086845e-06,-4.526344206580186e-21,2.3970936229059467,-3.4340773549484902e-06,-8.385776450523318e-21,2.3959899721865248,-3.3177511050259033e-06,-1.1453463346573311e-20,2.3954906996978957,-1.2830038183992646e-06,-1.2917823268726691e-20,2.3955406985464487,1.2504586416483497e-06,-1.2898842081441711e-20,2.3959401923683705,3.499019924999547e-06,-1.1475927532393528e-20,2.397136871223016,3.2384357026782505e-06,-8.362866128472127e-21,2.398387410675079,2.662163938860565e-06,-4.5412149642674064e-21,2.4000000000000012,0.0,0.0
0.6000000000000003,2.4400000000000013,0.0,0.0,2.438426060851306,-2.3471735230628316e-06,-3.568316797517661e-22,2.436987436994132,-3.8992505826499095e-06,-6.755469438272112e-22,2.4360066058262895,-3.2379195209178365e-06,-9.04319550646995e-22,2.4354090182101378,-1.3566035178950822e-06,-1.0326981277987012e-21,2.4354240750463725,1.2319964652223227e-06,-1.0318481436906061e-21,2.435992926454733,3.1752341108959474e-06,-9.051097998459771e-22,2.4369973971575223,3.775964889573421e-06,-6.749808123923524e-22,2.4384210388684786,2.35814545376184e-06,-3.5710863070428906e-22,2.4400000000000013,0.0,0.0
0.6100000000000003,2.4800000000000013,0.0,0.0,2.4784821397876087,-2.2118509904082337e-06,-2.7275759706795943e-23,2.4771337656207684,-3.4515221983623054e-06,-5.140014588084749e-23,2.4761410017482484,-3.0153244646299113e-06,-6.919234519478311e-23,2.47562036365056,-1.141952141878777e-06,-7.866074183371778e-23,2.475608277632476,1.2652584580789357e-06,-7.870521712396404e-23,2.4761511881292373,3.0692771192945473e-06,-6.915643002596692e-23,2.47712656020649,3.550708932089979e-06,-5.142459246055356e-23,2.47848585758258,2.2275192363892745e-06,-2.726321475380107e-23,2.4800000000000013,0.0,0.0
0.6200000000000003,2.5200000000000014,0.0,0.0,2.5183820813845745,-2.6381312592071866e-06,-2.2054162890202087e-24,2.5170335098497487,-3.6670160306669666e-06,-4.1077449093483696e-24,2.515899897722146,-3.6123630879810153e-06,-5.588822224691407e-24,2.5154229589634474,-1.424554225358706e-06,-6.311341786454438e-24,2.5154017734386387,1.2331571260561786e-06,-6.317371567439152e-24,2.515920140813623,3.365155240719335e-06,-5.582669027072795e-24,2.5170168962091375,3.6300323396762653e-06,-4.113093540405791e-24,2.5183917015577175,2.5134721322890994e-06,-2.2022079291333036e-24,2.5200000000000014,0.0,0.0
0.6300000000000003,2.5600000000000014,0.0,0.0,2.5584640846956237,-2.3753668797803663e-06,-1.671254793329854e-25,2.5572118719905133,-3.172131123440135e-06,-3.100202654683889e-25,2.5561293552395545,-3.1678667399242217e-06,-4.224684258520372e-25,2.5556818205704843,-1.2079112744159668e-06,-4.770970984937665e-25,2.5556612161785397,1.151351663174778e-06,-4.774316322803994e-25,2.5561545377341637,3.022277223419301e-06,-4.218807211463553e-25,2.5571852031388893,3.2606002721064423e-06,-3.1078164670003355e-25,2.5584816033572233,2.2601486294260765e-06,-1.665886365330172e-25,2.5600000000000014,0.0,0.0
0.6400000000000003,2.6000000000000014,0.0,0.0,2.598390162795954,-2.669596622226843e-06,-1.319755735633877e-26,2.5971421418795533,-3.2705654392254507e-06,-2.4286580103559264e-26,2.595973245257762,-3.48092894531782e-06,-3.32542247427994e-26,2.595543925179547,-1.317495891859766e-06,-3.747563006248172e-26,2.5955033202112503,1.2133981145469398e-06,-3.752403723208119e-26,2.5960233177913175,3.2071324599503785e-06,-3.3166747284214624e-26,2.597089392856276,3.47047960095297e-06,-2.4399888105635755e-26,2.5984254319521995,2.432752406551169e-06,-1.3115062333017565e-26,2.6000000000000014,0.0,0.0
0.6500000000000004,2.6400000000000015,0.0,0.0,2.638420833423701,-2.3002795559252775e-06,-1.0429626803813826e-27,2.6369358963191805,-4.017182386235414e-06,-1.9911628945672696e-27,2.635967185894075,-3.213836912510366e-06,-2.6505637736526952e-27,2.6353678247674894,-1.2726013539799867e-06,-3.0332561003645164e-27,2.635337198689537,1.3871596170514767e-06,-3.036147832784952e-27,2.6359943470039897,3.1935341927900754e-06,-2.6479552166474245e-27,2.636916102683378,4.159226476479267e-06,-1.993003681924294e-27,2.6384310118992125,2.237822685809063e-06,-1.042063011871996e-27,2.6400000000000015,0.0,0.0
0.6600000000000004,2.6800000000000015,0.0,0.0,2.6784107666168984,-2.4661241178351784e-06,-8.347667835523393e-29,2.677034663132146,-3.6740480890568035e-06,-1.5650824668164914e-28,2.6759824538238584,-3.3165661892858183e-06,-2.1123670746565802e-28,2.675448237222951,-1.3203230125201506e-06,-2.3996648358501667e-28,2.675441057199508,1.2497717649171234e-06,-2.400062374024922e-28,2.6759905006765408,3.22905595455258e-06,-2.1117154960715616e-28,2.677028659593138,3.6719195541137107e-06,-1.5655788800184698e-28,2.678415235411153,2.429028030566783e-06,-8.342817983176074e-29,2.6800000000000015,0.0,0.0
0.6700000000000004,2.7200000000000015,0.0,0.0,2.718537594178256,-1.729694694569685e-06,-6.371150075700357e-30,2.7169195887765825,-4.411668764297604e-06,-1.239756409355768e-29,2.716242140049541,-2.7757781336693084e-06,-1.6221779154231975e-29,2.7154235713602892,-1.5633333629025911e-06,-1.874346455712678e-29,2.7155202546621244,9.800752827442386e-07,-1.8816974974892598e-29,2.716158253073728,2.7389487965069176e-06,-1.6156267481401912e-29,2.7169806601044146,3.96029747593386e-06,-1.244705698103905e-29,2.7185058334726655,1.8831726159052403e-06,-6.344352722358424e-30,2.7200000000000015,0.0,0.0
0.6800000000000004,2.7600000000000016,0.0,0.0,2.75818748635041,-3.3971047768762577e-06,-5.8257602627352905e-31,2.756778282207779,-4.185472496934931e-06,-1.0593792790446513e-30,2.755459223634774,-4.481094214378857e-06,-1.4688192708333777e-30,2.754986862617161,-1.742250599194003e-06,-1.633068113883453e-30,2.7549262986253957,1.4564628554059825e-06,-1.6583855640099258e-30,2.755512608651433,3.99948892559463e-06,-1.4465702275305979e-30,2.7567402720876553,4.225005236270689e-06,-1.075417953596096e-30,2.7582071628143057,3.1691750642696773e-06,-5.7406603601179315e-31,2.7600000000000016,0.0,0.0
0.6900000000000004,2.8000000000000016,0.0,0.0,2.7981827498169594,-3.201715848183637e-06,-5.168058982913635e-32,2.7965927270334348,-4.849339855469341e-06,-9.697069418549359e-32,2.795397365800282,-4.284186529441526e-06,-1.3090307266012763e-31,2.794775877998573,-1.6421897234337813e-06,-1.486119012926554e-31,2.7947764445461996,1.774381778194283e-06,-1.4873133645596405e-31,2.795396906995082,4.428434656951803e-06,-1.3080185797517144e-31,2.7965928971834604,4.967088147569614e-06,-9.703136703419318e-32,2.7981826431434342,3.2745179352633266e-06,-5.164690153063628e-32,2.8000000000000016,0.0,0.0
0.7000000000000004,2.8400000000000016,0.0,0.0,2.8381837406950345,-3.2514850222463415e-06,-4.642672829556241e-33,2.836594895692023,-4.955945032401647e-06,-8.716656112116841e-33,2.8353987864207815,-4.422819221873794e-06,-1.1760115940727945e-32,2.8347790403689177,-1.7820493279109767e-06,-1.3359970700739198e-32,2.8347795707052743,1.6164687012246348e-06,-1.336008138768053e-32,2.835398353615117,4.233740617145398e-06,-1.1760137153880689e-32,2.8365950683752588,4.799365663356197e-06,-8.716874165043864e-33,2.8381836604491437,3.177078657786979e-06,-4.642646007195953e-33,2.8400000000000016,0.0,0.0
0.7100000000000004,2.8800000000000017,0.0,0.0,2.878408023871999,-2.398947566902532e-06,-3.6632371227382513e-34,2.876988444075515,-3.771027025449648e-06,-6.91453837522636e-34,2.8759665692930905,-3.222507534462021e-06,-9.277669082300176e-34,2.8754030124046426,-1.244544853905275e-06,-1.057770384786409e-33,2.875385913629398,1.3561060447702807e-06,-1.057841744759392e-33,2.875981566398367,3.250425823892206e-06,-9.277341714717871e-34,2.8769772989534363,3.88251233194331e-06,-6.914811074528695e-34,2.878414156066173,2.384865467954929e-06,-3.6626970138528857e-34,2.8800000000000017,0.0,0.0
0.7200000000000004,2.9200000000000017,0.0,0.0,2.9183995845643054,-2.6218253799629726e-06,-2.888844492816022e-35,2.917155204948164,-3.2023419078309053e-06,-5.324276798240766e-35,2.9159719161993474,-3.4281721570306086e-06,-7.300286479782345e-35,2.915570463243629,-1.2172776761134273e-06,-8.210086315121428e-35,2.915522432715124,1.277951866364315e-06,-8.221398239374668e-35,2.916020444894667,3.2750902070710884e-06,-7.286435409714101e-35,2.9171122656007915,3.40372736417633e-06,-5.338828699154051e-35,2.9184254428369196,2.456040488112265e-06,-2.8792559886344644e-35,2.9200000000000017,0.0,0.0
0.7300000000000004,2.9600000000000017,0.0,0.0,2.958423553060193,-2.276734113668578e-06,-2.2856544892467368e-36,2.956935131070408,-4.015158250326036e-06,-4.3651259107852164e-36,2.955969180572317,-3.20342376001862e-06,-5.812063921282543e-36,2.9553734996428083,-1.2538225575231362e-06,-6.64533878645311e-36,2.955332474277146,1.3999034804057528e-06,-6.661984985679866e-36,2.956005346630135,3.1581499081648014e-06,-5.797289102159134e-36,2.956908812047108,4.1920709266245545e-06,-4.375737007590912e-36,2.958437161150722,2.195494059700076e-06,-2.280286073662737e-36,2.9600000000000017,0.0,0.0
0.7400000000000004,3.0000000000000018,0.0,0.0,2.9986617127386,-1.7134805358161472e-06,-1.5430820142583794e-37,2.997479639902748,-2.6487583833343877e-06,-2.9107887045845593e-37,2.9966031330531497,-2.3338746875311697e-06,-3.91124015192956e-37,2.996151183913529,-8.959447424366729e-07,-4.453499193473697e-37,2.9961229267473803,9.43848723024423e-07,-4.454598427864572e-37,2.996628099293422,2.2712282633657155e-06,-3.910238143671761e-37,2.9974610020845573,2.758326422506245e-06,-2.9115639712345546e-37,2.9986717587610268,1.660269020817312e-06,-1.542634234103439e-37,3.0000000000000018,0.0,0.0
0.7500000000000004,3.040000000000002,0.0,0.0,3.038239942919413,-2.832865360554714e-06,-1.4009836730794747e-38,3.0365617768693207,-5.0942441264231095e-06,-2.664755444988476e-38,3.035511092284543,-3.949003153120014e-06,-3.55736274466021e-38,3.0347799643667472,-1.691687833338689e-06,-4.0679327841960544e-38,3.0348469052558316,1.6299546848836676e-06,-4.0605512143073123e-38,3.0354498802459045,4.245984722531592e-06,-3.564474521630911e-38,3.0366133736576817,4.868093628253003e-06,-2.657890504511086e-38,3.038211827654434,3.0730441534671624e-06,-1.4048185807896373e-38,3.040000000000002,0.0,0.0
0.7600000000000005,3.080000000000002,0.0,0.0,3.078201347859621,-3.1003891058190925e-06,-1.2586721879942488e-39,3.076619536631761,-4.720102774081513e-06,-2.3655240930444884e-39,3.0754451877518885,-4.1160198902663936e-06,-3.187139385681879e-39,3.0748199950805146,-1.560736497746109e-06,-3.624302170286191e-39,3.074819802113524,1.7611295679952016e-06,-3.624323129261468e-39,3.0754439645295397,4.31700737385485e-06,-3.187258253585423e-39,3.076618369269172,4.861351791785981e-06,-2.3656514864089205e-39,3.078200573783804,3.1911213687471697e-06,-1.2587383691452254e-39,3.080000000000002,0.0,0.0
0.7700000000000005,3.120000000000002,0.0,0.0,3.1184151291835676,-2.3911215146418525e-06,-9.931593746330782e-41,3.1169782772675854,-3.897346531292393e-06,-1.876813363676271e-40,3.115982999578448,-3.265750600348631e-06,-2.5158824334322274e-40,3.115388251604174,-1.3654654755438029e-06,-2.8709689581834627e-40,3.1154038454546975,1.2419627678424326e-06,-2.8687425431681564e-40,3.1159696110661224,3.220390753782187e-06,-2.5177058316789186e-40,3.11698826567993,3.78328619865302e-06,-1.875457670909808e-40,3.1184094062962324,2.398159978934688e-06,-9.940536859693516e-41,3.120000000000002,0.0,0.0
0.7800000000000005,3.160000000000002,0.0,0.0,3.158410632625186,-2.500064857016259e-06,-7.878725559529053e-42,3.1570909669288216,-3.431143393910373e-06,-1.4602647016662635e-41,3.155984015210074,-3.3207850554549555e-06,-1.9937651725962462e-41,3.155485069853297,-1.2755876559049744e-06,-2.2495247557137499e-41,3.1555362757382053,1.2661707418123672e-06,-2.2450843170998232e-41,3.1559334931543916,3.522840870374368e-06,-1.998666620201866e-41,3.1571344526631506,3.24105894301769e-06,-1.4555645747958072e-41,3.158384859149096,2.6707878174257023e-06,-7.908271598608141e-42,3.160000000000002,0.0,0.0
0.7900000000000005,3.200000000000002,0.0,0.0,3.1988251030892996,-1.3382196301094695e-06,-4.611611994455788e-43,3.197791930411371,-2.050263324000275e-06,-8.667014479595128e-43,3.197025041410723,-1.8056634160520792e-06,-1.1677134140807582e-42,3.1966170505450036,-7.172627705398724e-07,-1.3278708482255158e-42,3.1966170333775032,7.063258034958113e-07,-1.3278728338514702e-42,3.1970250345980795,1.797268037148563e-06,-1.1677161023138701e-42,3.1977919043029823,2.0463978034110344e-06,-8.667056891525018e-43,3.1988250958401063,1.3357053556418644e-06,-4.611632164072071e-43,3.200000000000002,0.0,0.0
0.8000000000000005,3.240000000000002,0.0,0.0,3.2384766611557487,-2.284675376462811e-06,-3.5701918003608437e-44,3.23720682302617,-3.159343942182265e-06,-6.615505616251205e-44,3.2361749873034658,-2.941472609758112e-06,-9.010127944757218e-44,3.23566884358375,-1.1096836691991555e-06,-1.0185604974694545e-43,3.23571223120724,1.2191234305866973e-06,-1.0186442978208268e-43,3.2361368042949477,3.1818058301026896e-06,-9.009496199089854e-44,3.2372351072373347,3.094555513861394e-06,-6.616064234544771e-44,3.2384617703002294,2.4114566266033146e-06,-3.56990311664225e-44,3.240000000000002,0.0,0.0
0.8100000000000005,3.280000000000002,0.0,0.0,3.278168666142717,-3.3296814512916676e-06,-3.260985686115047e-45,3.2765711055443543,-5.024472495654192e-06,-6.118501211756848e-45,3.275363453147024,-4.496358784264334e-06,-8.258229522432699e-45,3.274740955428314,-1.8052183911534241e-06,-9.379019160238934e-45,3.2747401983371165,1.6542365179928581e-06,-9.381353538268895e-45,3.2753640816728318,4.338161645700463e-06,-8.256250422494437e-45,3.276570786566774,4.900013576396487e-06,-6.119627103320194e-45,3.2781688373028115,3.2521192126494087e-06,-3.2603550442926334e-45,3.280000000000002,0.0,0.0
0.8200000000000005,3.320000000000002,0.0,0.0,3.3183166590307716,-2.802163357329085e-06,-2.7153549642804983e-46,3.3168353618977724,-4.294212410637867e-06,-5.104089146536155e-46,3.315736586450412,-3.7705910427720196e-06,-6.876675776423023e-46,3.3151523383350168,-1.489682800814349e-06,-7.819627795105533e-46,3.3151524097376286,1.4588909931695033e-06,-7.819523785171844e-46,3.315736558780261,3.703724849148335e-06,-6.876669236582175e-46,3.3168354461431027,4.213498296776191e-06,-5.10394431930236e-46,3.318316645267525,2.7466620975614727e-06,-2.715338484352779e-46,3.320000000000002,0.0,0.0
0.8300000000000005,3.360000000000002,0.0,0.0,3.358189836888823,-3.1786617667690667e-06,-2.449510480263794e-47,3.3566030064546153,-4.836300600148419e-06,-4.600968108407704e-47,3.3554147668475793,-4.269801299749698e-06,-6.20432384470115e-47,3.354793401647232,-1.6554956601628582e-06,-7.050738367924668e-47,3.354793727160615,1.7405407694522e-06,-7.050807454573703e-47,3.355414495798446,4.376738915516083e-06,-6.204229433563555e-47,3.3566031238284775,4.933736028062087e-06,-4.600980675730618e-47,3.3581897843977893,3.2426107131093175e-06,-2.449464602515687e-47,3.360000000000002,0.0,0.0
0.8400000000000005,3.400000000000002,0.0,0.0,3.398710865713555,-1.5691057623023523e-06,-1.5717602039206882e-48,3.3975452209660686,-2.5387130483487127e-06,-2.966674949912474e-48,3.396725222529911,-2.1427303368894606e-06,-3.985396192768126e-48,3.396255356035687,-8.492159792609486e-07,-4.5366582558365415e-48,3.3962574356290096,8.886504690642869e-07,-4.5418344420034665e-48,3.396723391478867,2.1958926887442995e-06,-3.980844935429364e-48,3.397546579737771,2.577911939227195e-06,-2.9700760149030257e-48,3.398710141382247,1.6016426395009933e-06,-1.5699553458084907e-48,3.400000000000002,0.0,0.0
0.8500000000000005,3.440000000000002,0.0,0.0,3.438382101040365,-2.573445380605021e-06,-1.2922579097043733e-49,3.4369723411634925,-3.86858215460883e-06,-2.427499942714736e-49,3.435915020053974,-3.407398852071854e-06,-3.267893409460324e-49,3.435358583421296,-1.320782391805616e-06,-3.720216109173427e-49,3.43534842948117,1.3905573781375857e-06,-3.7187278137128e-49,3.4359242633167066,3.431985569897765e-06,-3.269458018086144e-49,3.436964955850424,3.9451660373230705e-06,-2.426434584728165e-49,3.438386523004893,2.559181175969019e-06,-1.2925338249183065e-49,3.440000000000002,0.0,0.0
0.8600000000000005,3.480000000000002,0.0,0.0,3.4785171448839214,-2.0910866179032275e-06,-9.585917144915525e-51,3.4772077388895553,-3.2342613309799653e-06,-1.8029974437976143e-50,3.476244787458362,-2.832301432905102e-06,-2.4273695040979236e-50,3.4757249620848385,-1.1276281585668102e-06,-2.761613907625394e-50,3.4757251679028607,1.1409619776986076e-06,-2.761596102455532e-50,3.4762445978797367,2.899704242749726e-06,-2.427384563480545e-50,3.477208040689332,3.340383588798356e-06,-1.8029470373125396e-50,3.478516996286752,2.176177103774514e-06,-9.586134963710487e-51,3.480000000000002,0.0,0.0
0.8700000000000006,3.5200000000000022,0.0,0.0,3.5183971619852628,-2.6806179771617855e-06,-7.599803220488109e-52,3.517151798802143,-3.296004545203931e-06,-1.3970917388813536e-51,3.51599422790501,-3.464542338345182e-06,-1.913615805515123e-51,3.5155524721888005,-1.3392177599542976e-06,-2.157522966051154e-51,3.5155422254176503,1.2001780282750336e-06,-2.1562439496846576e-51,3.516003142182338,3.328023411376175e-06,-1.9147310348848407e-51,3.517145295765186,3.2521448316745544e-06,-1.396294675585004e-51,3.5184005793423583,2.607525845383814e-06,-7.604026588107798e-52,3.5200000000000022,0.0,0.0
0.8800000000000006,3.5600000000000023,0.0,0.0,3.558509373857342,-1.6989978135212196e-06,-5.931224337109034e-53,3.556801270061502,-4.788694857110587e-06,-1.1629722237653539e-52,3.5560948124187926,-3.039684969920205e-06,-1.5182352351050592e-52,3.5552932147411496,-1.573883589871646e-06,-1.7572445522615703e-52,3.55534214691301,1.1794978215585658e-06,-1.7539917436581908e-52,3.5560514070474856,2.9401622093927347e-06,-1.521134455282516e-52,3.5568330046857315,4.492152993432252e-06,-1.1608770641057293e-52,3.558492231458744,1.765042043695081e-06,-5.942725970561083e-53,3.5600000000000023,0.0,0.0
0.8900000000000006,3.6000000000000023,0.0,0.0,3.598795938611637,-1.4322625255268868e-06,-3.656578418440812e-54,3.5977371332419956,-2.1802833803248833e-06,-6.872116080153712e-54,3.596951262791854,-1.9206242472971225e-06,-9.258811186015621e-54,3.596533108858515,-7.496870871596285e-07,-1.0528771333722192e-53,3.5965330992490743,7.627834075111854e-07,-1.0528788892940241e-53,3.596951246020575,1.922888573200702e-06,-9.25884373590324e-54,3.5977371133909966,2.181503627170427e-06,-6.872146666091174e-54,3.5987959285853277,1.4301539728415823e-06,-3.656591176995988e-54,3.6000000000000023,0.0,0.0
0.9000000000000006,3.6400000000000023,0.0,0.0,3.6381102306284774,-3.5409588893955524e-06,-3.521574473456838e-55,3.636467747820728,-5.299563512921814e-06,-6.604728559269538e-55,3.6352210076239224,-4.738287111009644e-06,-8.913809100083909e-55,3.6345797415736603,-1.8798713444699805e-06,-1.0126981285864138e-54,3.634578648463577,1.7841170663043824e-06,-1.0126840021301562e-54,3.635221946508156,4.62201281209402e-06,-8.914001827471182e-55,3.6364671587054,5.203134550136833e-06,-6.604718093235188e-55,3.6381105452541593,3.4727980333053486e-06,-3.5216574502423564e-55,3.6400000000000023,0.0,0.0
0.9100000000000006,3.6800000000000024,0.0,0.0,3.6782671554939905,-2.8997975988789323e-06,-3.006471698562098e-56,3.6767501193442644,-4.400635813700266e-06,-5.645887155195319e-56,3.6756182523539485,-3.853800670135701e-06,-7.608101294846123e-56,3.6750181344984423,-1.4987427771189067e-06,-8.652463684928934e-56,3.675016264354663,1.585875286765603e-06,-8.65262920384739e-56,3.6756199990673437,3.949287446089132e-06,-7.60786704870631e-56,3.6767487492091093,4.46252224665744e-06,-5.646069746096993e-56,3.678267942692054,2.9240337361545774e-06,-3.0063079139374346e-56,3.6800000000000024,0.0,0.0
0.9200000000000006,3.7200000000000024,0.0,0.0,3.7182729328331563,-3.0732349356980105e-06,-2.5188066858024537e-57,3.7169681955425142,-3.591057879735473e-06,-4.637932593102674e-57,3.715701684845402,-3.913853533435927e-06,-6.351547921176759e-57,3.7152534707188605,-1.434133436468743e-06,-7.163381865059798e-57,3.715252017605665,1.443694820259346e-06,-7.160393227481613e-57,3.7157030125104433,3.918830077234755e-06,-6.35408440570547e-57,3.7169669730265236,3.6072735195900067e-06,-4.6358845519334797e-57,3.718273699733926,3.0748950561114008e-06,-2.520044787899461e-57,3.7200000000000024,0.0,0.0
0.9300000000000006,3.7600000000000025,0.0,0.0,3.7585352630222566,-2.066803123214232e-06,-1.8205794559614906e-58,3.757254588672096,-3.117448411938691e-06,-3.418882190216837e-58,3.7562935003572737,-2.7787851904833384e-06,-4.608827870299374e-58,3.7557910827498837,-1.0979004059782053e-06,-5.239728002171121e-58,3.755788123444133,1.0696271894583324e-06,-5.2393937096111445e-58,3.756296089258628,2.7325360623411292e-06,-4.6090797589302306e-58,3.757252611689393,3.1027612350921735e-06,-3.4187101798904634e-58,3.7585362537162212,2.0435338483930055e-06,-1.8207398211788852e-58,3.7600000000000025,0.0,0.0
0.9400000000000006,3.8000000000000025,0.0,0.0,3.7983430815106334,-2.6617450560221595e-06,-1.5195639023980392e-59,3.7968878812956115,-4.115633411526265e-06,-2.85486983406169e-59,3.795805211525404,-3.605314674367004e-06,-3.8474152110881817e-59,3.7952307460205965,-1.4157941535899806e-06,-4.374406926471746e-59,3.7952315408269395,1.3998629284310209e-06,-4.374481190775394e-59,3.795804586504205,3.536055684217251e-06,-3.847337229817334e-59,3.796888545778458,4.034261181850847e-06,-2.8548892783289354e-59,3.798342815714148,2.662105186848788e-06,-1.519531127396728e-59,3.8000000000000025,0.0,0.0
0.9500000000000006,3.8400000000000025,0.0,0.0,3.8383518017748477,-2.7313218961402126e-06,-1.2374613063546093e-60,3.8370138396770086,-3.5959640038383004e-06,-2.2826859531261475e-60,3.8358703501347637,-3.4951187558839498e-06,-3.119248216207404e-60,3.835359374778888,-1.3128018361127185e-06,-3.5184875581059914e-60,3.8353773530527304,1.3828363771622122e-06,-3.523299843127533e-60,3.8358547188815866,3.617921518332735e-06,-3.1150084232075733e-60,3.8370251941566114,3.563670410489163e-06,-2.285805433956044e-60,3.838345844013274,2.7665850894264586e-06,-1.2357910048065544e-60,3.8400000000000025,0.0,0.0
0.9600000000000006,3.8800000000000026,0.0,0.0,3.8784155383518635,-2.486231830189664e-06,-9.663300180943634e-62,3.877097752578304,-3.4252247240533124e-06,-1.789302773032275e-61,3.875996156859927,-3.3076481410192255e-06,-2.445177959989012e-61,3.8754972809835597,-1.279760360903327e-06,-2.756539155132854e-61,3.8755471638994763,1.2461153844459456e-06,-2.7534663539009205e-61,3.875946451846292,3.4873700470066942e-06,-2.4490216758415323e-61,3.8771410549604814,3.2292497268228223e-06,-1.785176187161501e-61,3.8783896834021827,2.6550866825213682e-06,-9.690968651235913e-62,3.8800000000000026,0.0,0.0
0.9700000000000006,3.9200000000000026,0.0,0.0,3.9184156459550366,-2.3761006837573072e-06,-7.655318608391043e-63,3.9169812331764295,-3.871096485639467e-06,-1.4465575163399252e-62,3.915986643977122,-3.2431254039474325e-06,-1.9386894713145916e-62,3.915391869421787,-1.3472173704856138e-06,-2.212964297958013e-62,3.915408672902874,1.2458167439874984e-06,-2.210553729037782e-62,3.9159712526438097,3.2116843654930782e-06,-1.9409541223151346e-62,3.91699252677533,3.757760711684406e-06,-1.4449126641765527e-62,3.918409919731147,2.3973584471731385e-06,-7.663424290348421e-63,3.9200000000000026,0.0,0.0
0.9800000000000006,3.9600000000000026,0.0,0.0,3.9584230669364224,-2.463162938712021e-06,-6.027340438690416e-64,3.957109031980409,-3.4073437965200884e-06,-1.1180577401601376e-63,3.9560146660040876,-3.2821741589397714e-06,-1.5253284712539476e-63,3.955516607773084,-1.2772250736006743e-06,-1.7218173574912014e-63,3.9555651882703833,1.2253081659805082e-06,-1.7184492316165278e-63,3.955965782395609,3.4436117472190604e-06,-1.5291656968985968e-63,3.9571520895531678,3.2077619766572626e-06,-1.1142692980840933e-63,3.9583972008022603,2.629894097778707e-06,-6.05147225350993e-64,3.9600000000000026,0.0,0.0
0.9900000000000007,4.0,0.0,0.0,3.998430654177816,-2.239767596690694e-06,-4.7864396521693205e-65,3.996916279195186,-4.157182826300474e-06,-9.14943896353799e-65,3.9959937542164283,-3.194015750507165e-06,-1.2162488326099786e-64,3.9953370446366736,-1.3869168904106897e-06,-1.3938704889099616e-64,3.9953676332820143,1.2727150669790398e-06,-1.3931648943995581e-64,3.9959665730472325,3.2152761103732378e-06,-1.2168947257724667e-64,3.996936092108002,4.015454780932336e-06,-9.145001053588238e-65,3.99842048429252,2.301764967844336e-06,-4.788502170311925e-65,4.0,0.0,0.0
