0.01,0,1.149215669969557e-17
0.02,0,2.3682274880981933e-17
0.03,0,1.6312931485594344e-17
0.04,0,2.5679778372837724e-17
0.05,0,2.917638507883178e-17
0.060000000000000005,0,3.1567393289869694e-17
0.07,0,4.1360890267547225e-17
0.08,0,3.544882529884697e-17
0.09,0,3.066748281112122e-17
0.09999999999999999,0,3.47787315782949e-17
,,RedoAct,IN,66,OUT
0.09999999999999999,0,6.668921275078246e-05
,1,7.150965615172305e-05
,2,3.7693547944042624e-10
,3,3.949109141943159e-15
0.10999999999999999,0,0.005118800012798145,37: out
,1,2.5580956965491827e-05
,2,7.816613947729267e-06
,3,6.910006796310679e-11
0.11999999999999998,0,0.008387326387931599,37: out
,1,4.5894602683602885e-05
,2,6.370210821380648e-05
,3,4.118161379304218e-09
,4,3.721491951124943e-13
0.12999999999999998,0,0.017509234888260474,37: out
,1,8.464209321707319e-05
,2,0.0012063234753570387
,3,1.3706750171645207e-06
,4,1.9058341238943652e-07
,5,1.2214744259262446e-13
,,RedoAct,IN,87,OUT
0.12999999999999998,0,0.00010285244398382724
,1,0.00013296214746397314
,2,1.5614768220184633e-08
,3,7.805318657958892e-12
0.13999999999999999,0,0.09430820958489174,37: 66-->91out,38: out
,1,7.411322510972951e-05
,2,0.00047701890364569685
,3,1.3203769885242677e-07
,4,9.647368358555703e-10
,5,1.221988282072193e-15
0.15,0,0.05455390481798865,37: out,38: out
,1,9.618305892250041e-05
,2,0.00031356659502498305
,3,1.2340142172048532e-07
,4,1.8617008858513362e-10
,5,1.4796814800054869e-15
0.16,0,0.02795873224824233,37: out,38: out
,1,4.1539491141852526e-05
,2,4.185484455174966e-05
,3,1.4622516888267008e-09
,4,2.4068034144002392e-14
0.17,0,0.017224164018614537,37: out,38: out
,1,2.0774909598784285e-05
,2,8.50614870990466e-06
,3,4.2491721163731405e-11
0.18000000000000002,0,0.011416047139529355,37: out,38: out
,1,1.1251491806580732e-05
,2,2.085889646716835e-06
,3,2.0870073761524695e-12
,,RedoAct,IN,95,OUT
0.18000000000000002,0,0.0001569308408064207
,1,0.00012972095153701216
,2,2.036005626618081e-10
,3,4.7786774634778166e-15
0.19000000000000003,0,0.008943988567627466,36: out,37: out,38: out
,1,3.5029872662578664e-06
,2,1.728718736718791e-07
,3,4.252548884205098e-15
,,RedoAct,IN,66,OUT
0.19000000000000003,0,0.00016454229185666332
,1,0.00011776681511393625
,2,4.657299130573309e-10
,3,5.608093649532247e-15
0.20000000000000004,0,0.00789584831987867,36: out,38: out,127: out
,1,1.4349034841494753e-05
,2,1.1980727616066903e-06
,3,4.704469756037383e-13
0.21000000000000005,0,0.00979339386899698,36: out,38: out,127: out
,1,2.6861137891103835e-05
,2,4.877516221368373e-06
,3,1.5998762322101163e-11
0.22000000000000006,0,0.013699798746637824,36: out,38: out,127: out
,1,6.328126540399956e-05
,2,5.11329636502126e-05
,3,3.7988478038599e-09
,4,7.954790462878512e-14
0.23000000000000007,0,0.0254648854242952,36: out,38: out,127: 66-->91out
,1,0.00011941362994960714
,2,0.0003618772301026412
,3,1.1391421065159296e-08
,4,2.696925173469048e-12
0.24000000000000007,0,0.03268586904756249,36: out,38: out,127: out
,1,3.212791836608269e-05
,2,1.6568516723479632e-05
,3,1.0766537384508056e-11
,,RedoAct,IN,OUT
0.24000000000000007,0,0.00022603514185654574
,1,0.00014069424936412233
,2,1.3449038304032209e-09
,3,1.9297702319175108e-14
,,RedoPen
0.24000000000000007,0,1.8627918075143982e-06
,1,1.6511365214731434e-07
,2,2.2147345564994013e-15
0.25000000000000006,0,0.0643555755395211,36: out,127: out,131: out
,1,2.2091767076061194e-05
,2,3.5536320125761508e-06
,3,1.0492996202646662e-12
0.26000000000000006,0,0.049536377375262085,36: out,127: out,131: out
,1,1.861364255091873e-05
,2,5.583762158919172e-06
,3,5.777348611222409e-12
0.2700000000000001,0,0.036450603090235505,36: out,127: out,131: out
,1,1.6515296089357378e-05
,2,6.3584909025520465e-06
,3,5.137098255853721e-12
0.2800000000000001,0,0.02652060477572305,36: out,127: out,131: out
,1,1.3603850982757251e-05
,2,3.927333398508691e-06
,3,1.7969596227654007e-12
,,RedoAct,IN,OUT
0.2800000000000001,0,0.0001220434224634504
,1,7.520236742001106e-05
,2,2.6719050143909035e-10
,3,3.3803724987887913e-15
0.2900000000000001,0,0.015153832036885216,36: out,123: out,127: out,131: out
,1,4.223960307610022e-06
,2,2.1169557228157128e-07
,3,5.482598086379275e-15
,,RedoAct,IN,66,OUT
0.2900000000000001,0,0.00023718125866687827
,1,0.00016454500319333946
,2,7.923470343974321e-10
,3,8.154285135802434e-15
0.3000000000000001,0,0.010288331744747853,37: 91-->90,38: 87-->86,123: out,126: out,131: out
,1,1.3583362182697567e-05
,2,5.109693226114174e-07
,3,1.308972931451857e-13
0.3100000000000001,0,0.013299542787770959,123: out,126: out,131: out
,1,3.2730324620300665e-05
,2,6.2227313549071144e-06
,3,3.120575514550893e-11
0.3200000000000001,0,0.017933626221664088,36: 95-->94out,123: out,126: 66-->91out,131: out
,1,0.00016936153728856467
,2,0.0005800273742289099
,3,3.057340724625369e-07
,4,4.395925142936743e-09
,5,3.919822071163285e-15
0.3300000000000001,0,0.03930893851456424,36: out,37: out,123: out,126: out,131: out
,1,5.416285969213048e-05
,2,2.4714321393010893e-05
,3,2.2979454910442874e-11
,,RedoAct,IN,8,OUT
0.3300000000000001,0,3.4234931487850996e-05
,1,3.683652967456388e-05
,2,1.588225433616813e-10
,3,7.793365373683445e-15
0.34000000000000014,0,0.04444951175429915,7: out,36: out,37: out,123: out,126: out
,1,3.481188234525238e-05
,2,4.042463622626145e-05
,3,1.0913177233176867e-10
,4,5.135306669769399e-15
,,RedoAct,IN,OUT
0.34000000000000014,0,3.0052013893274934e-05
,1,2.8593584476155382e-06
,2,6.753108181166095e-12
,,RedoPen
0.34000000000000014,0,1.5081012135759674e-06
,1,6.466843345320855e-08
,2,4.840290141843404e-15
0.35000000000000014,0,0.0549772597068508,7: out,36: out,37: out,123: out,126: out,130: out
,1,1.864402993435328e-05
,2,7.115525510868534e-06
,3,9.30351136634304e-12
0.36000000000000015,0,0.04545503267899401,7: out,36: out,37: out,123: out,126: out,130: out
,1,1.4086454216745115e-05
,2,6.580253517937728e-06
,3,7.0047454441219344e-12
0.37000000000000016,0,0.03592388404304268,7: out,36: out,37: out,123: out,126: out,130: out
,1,1.5294375312069197e-05,36: out
,2,2.4407936751521487e-05,7: out,36: out
,3,6.9676082856423e-11,36: out
,,RedoAct,IN,OUT,94
0.37000000000000016,0,9.385258477440496e-05,7: out
,1,4.9164067995038875e-09
,2,4.915463077870709e-13
0.38000000000000017,0,0.030599449078786287,7: out,37: out,38: out,123: out,126: out,130: out
,1,1.7562226123927043e-05,7: out
,2,3.1066100579976995e-05,7: out
,3,1.200633260047705e-10,7: out
,4,6.570384134872839e-15,7: out
,,RedoAct,IN,OUT,8
0.38000000000000017,0,3.595121658947581e-05
,1,3.5824660164425616e-10
,2,8.269062818511166e-15
0.3900000000000002,0,0.02385099179216295,37: out,38: out,123: out,126: out,130: out,131: 87-->86
,1,1.3554536240293354e-05
,2,2.2833032472405297e-06
,3,1.2841963121246733e-12
,,RedoAct,IN,66,OUT
0.3900000000000002,0,0.001219191809648862,122: out,131: 86-->87
,1,0.0016569691019060837,122: out
,2,3.343703602339377e-07
,3,2.3800759862248165e-10
,4,7.361981760719073e-15
0.4000000000000002,0,0.013465051925184325,37: out,38: out,122: out,125: out,130: out,131: 87-->86
,1,2.0743095671099326e-05
,2,1.3662582955897278e-06
,3,6.60967706329506e-13
0.4100000000000002,0,0.01275221967864499,37: out,38: out,122: out,125: out,127: 91-->90,130: out
,1,4.921728176977689e-05
,2,1.2062592810708988e-05
,3,1.4198140149077658e-10
,4,8.894343304507096e-15
0.4200000000000002,0,0.017852902688765798,37: out,38: out,122: out,123: 95-->94,125: out,130: out
,1,0.0011464331071179045,125: 66-->91
,2,0.00016845663207431665
,3,1.9616254818835893e-07
,4,8.301426007219731e-13
0.4300000000000002,0,0.06034649543009613,37: out,38: out,122: out,123: out,125: out,130: out
,1,8.893470670750056e-05
,2,0.00042608103000756086
,3,1.1346197521954009e-07
,4,7.84073069811967e-10
,5,5.0733564388728904e-15
,,RedoAct,IN,8,OUT
0.4300000000000002,0,0.0003152260359752469
,1,2.9750771554989008e-05
,2,5.834529149682234e-09
,3,3.6416006872416633e-14
,,RedoPen
0.4300000000000002,0,2.69162134420016e-07
,1,2.0687062797442208e-10
,2,7.36981265383717e-15
0.4400000000000002,0,0.07968032065044243,37: out,38: 86-->85out,51: out,122: out,123: out,125: out,127: out
,1,0.0017056234385449769
,2,0.003445018584131792
,3,2.1220967851351166e-06
,4,1.5852016025157524e-08
,5,9.053783383389867e-15
,,RedoAct,IN,OUT
0.4400000000000002,0,1.1121623561206909e-05
,1,3.0382590122498185e-07
,2,2.5024489932030296e-14
,,RedoPen
0.4400000000000002,0,1.958099331988675e-06
,1,9.991404211948662e-08
,2,7.836515716421292e-15
0.45000000000000023,0,0.0477429562636728,37: 90-->89,51: out,122: out,123: out,125: out,129: out
,1,0.00012506655472761395
,2,5.458575543027442e-05
,3,1.5554948751064042e-09
,4,1.9443866202509952e-14
0.46000000000000024,0,0.0369184029394744,51: out,122: out,123: out,125: out,127: out,129: out
,1,1.4656759683080067e-05
,2,1.4903961155031845e-06
,3,2.906742339590073e-13
0.47000000000000025,0,0.0318253474212989,51: out,122: out,123: out,125: out,127: out,129: out
,1,1.0612041970254101e-05
,2,9.708880322869933e-07
,3,8.563737521045754e-14
0.48000000000000026,0,0.027662853406966264,51: out,122: out,123: out,125: out,127: out,129: out
,1,8.373669134765774e-06,51: out,123: out
,2,1.7727621230261847e-06,51: out,123: out
,3,1.9939845602076023e-13,51: out,123: out
,,RedoAct,IN,OUT,8,94
0.48000000000000026,0,0.0003949773921249103
,1,8.727129460503634e-09
,2,2.074675287068637e-12
0.49000000000000027,0,0.03263471438031697,122: out,125: out,127: out,129: out,131: out
,1,1.9245714620921245e-05
,2,2.082643450616343e-06
,3,2.5009674706431986e-13
,,RedoAct,IN,66,OUT
0.49000000000000027,0,0.01091311489423577,121: out,124: out
,1,0.006113588658717647,121: out,124: out
,2,0.0001531109593522352
,3,1.5407760104833368e-06
,4,3.9042465837074846e-11
0.5000000000000002,0,0.01819883546824227,121: out,124: out,127: out,129: out,130: 87-->86
,1,1.1548841107031535e-05
,2,2.9078465298336285e-07
,3,2.439380771774478e-14
0.5100000000000002,0,0.01852362857263888,121: out,124: out,126: 91-->90,127: out,129: out
,1,2.7001540114400007e-05
,2,2.960943968133409e-06
,3,5.082341629999476e-12
0.5200000000000002,0,0.020877242825214,121: out,124: out,127: out,129: out,131: out
,1,4.418774901606549e-05
,2,1.6404801850947753e-05
,3,3.2793271086344e-10
,4,1.6768911476716453e-14
,,RedoPen
0.5200000000000002,0,1.0654743075606415e-06
,1,2.933321668218182e-08
,2,1.375881243085641e-14
0.5300000000000002,0,0.04762533413330726,121: out,122: 95-->94out,124: 66-->91out,127: out,129: out,131: out
,1,0.000515691311547354
,2,0.0035719764069147134
,3,8.147490135192027e-06
,4,1.0557747488540714e-06
,5,9.424267701401067e-13
0.5400000000000003,0,0.13085457034480408,37: out,38: out,121: out,122: out,124: out,127: out,129: out,131: out
,1,0.00020686873056378265
,2,0.009253311295903763
,3,2.0320920085009367e-05
,4,5.857215631279089e-05
,5,9.635956811451678e-09
,6,1.4874872406384153e-12
,,RedoAct,IN,8,OUT
0.5400000000000003,0,0.0007011728147309973
,1,1.1870141828310718e-05
,2,8.32454350496871e-08
,3,1.218262859095418e-13
,,RedoPen
0.5400000000000003,0,3.2947813340379484e-06
,1,4.7494263480085845e-09
,2,1.583555535965646e-14
0.5500000000000003,0,0.3396719858625178,37: out,38: out,50: out,121: out,122: out,124: out,126: out,127: 90-->89out,131: 86-->85out
,1,0.00382246685566679
,2,0.04716588175260946,50: out,122: out
,3,0.0012049664106394823
,4,0.0009773335874401496
,5,4.52171219546406e-07
,6,1.7255064558354345e-10
,7,3.428143107793856e-14
,,RedoAct,IN,OUT
0.5500000000000003,0,0.0011938829848334791,128: out
,1,0.0008390390588100321,128: out
,2,8.657945553359997e-07
,3,3.991488040185902e-10
,4,1.423868641780945e-14
,,RedoPen
0.5500000000000003,0,2.588852072850123e-06
,1,1.513781473529668e-07
,2,8.664271820230225e-15
0.5600000000000003,0,0.029332349656872852,50: out,121: out,122: out,124: out,128: out
,1,1.4867177080935829e-05
,2,2.427453856757576e-06
,3,1.182212525008324e-12
0.5700000000000003,0,0.026445728890913314,50: out,121: out,122: out,124: out,126: out,128: out
,1,1.0703363438485476e-05
,2,1.5136758526831734e-06
,3,3.5103979592889124e-13
0.5800000000000003,0,0.02397798580543115,50: out,121: out,122: out,124: out,126: out,128: out
,1,7.553401585040203e-06,50: out
,2,5.955134424711089e-07,50: out
,3,2.863483907749844e-14,50: out
,,RedoAct,IN,OUT,8
0.5800000000000003,0,1.564224605702719e-05
,1,2.1437564352830102e-11
0.5900000000000003,0,0.0210404855252656,122: out,124: out,126: out,128: out
,1,6.7704155030532585e-06,122: out
,2,1.3728200092888293e-07,122: out
,3,1.4817990924565238e-14,122: out
,,RedoAct,IN,93,OUT,94
0.5900000000000003,0,0.00011510316403728145
,1,0.0006231447390986299,5: out
,2,2.2878408709879114e-07
,3,7.330994271248123e-09
,4,1.1840887407002588e-14
0.6000000000000003,0,0.027661406059671562,5: out,37: out,38: out,124: out,126: out,128: out
,1,1.203833466427174e-05
,2,3.2068264061564645e-07
,3,1.3425615875704875e-14
,,RedoAct,IN,66,OUT
0.6000000000000003,0,0.0007431920110702758,120: out
,1,0.00022304548596891084,120: out
,2,3.262507866543131e-08
,3,1.0130925700817735e-12
0.6100000000000003,0,0.022389584240283106,5: out,21: out,120: out,126: out,128: out,129: 87-->86
,1,1.2182227168145077e-05
,2,1.4912802560207974e-06
,3,2.8514023289307066e-13
,,RedoPen
0.6100000000000003,0,8.085486893759094e-08
,1,1.2344016964496995e-12
0.6200000000000003,0,0.022723369463888442,5: out,21: out,37: out,120: out,125: 91-->90,126: out,128: out
,1,2.9035559568059595e-05
,2,5.93766306340179e-06
,3,7.825821358318951e-12
,,RedoAct,IN,81,OUT
0.6200000000000003,0,1.5486595949154479e-06
,1,1.5360376758461364e-09
,2,1.454994795821021e-14
0.6300000000000003,0,0.027459482892805535,5: out,21: 66-->91out,37: out,39: out,120: out,121: 95-->94,126: out,128: out,130: out
,1,0.0003070359920518153,39: out
,2,9.562542671186232e-05,39: out
,3,1.7180932287439468e-08,39: out
,4,8.381438960327702e-12,39: out
,,RedoAct,IN,OUT
0.6300000000000003,0,3.611009292334788e-07
,1,5.4332977153040165e-14
,,RedoPen
0.6300000000000003,0,3.631816032935729e-07
,1,2.08026792117963e-09
,2,1.5152059049088677e-14
0.6400000000000003,0,0.07458850933119536,5: out,21: out,37: out,38: out,120: out,121: out,126: out,128: out,130: out
,1,7.94640150175303e-05
,2,0.00021684335135274853
,3,1.0696194173650545e-08
,4,1.1861024403071608e-12
0.6500000000000004,0,0.11293630246349004,5: out,21: out,37: out,38: out,120: out,121: out,126: out,130: out,131: out
,1,0.0001793491214300563
,2,0.0038254993912220456
,3,7.518634674519555e-06
,4,1.7633043330678711e-06
,5,8.62259742535185e-12
,,RedoAct,IN,8,OUT
0.6500000000000004,0,2.4817076705917808e-05
,1,9.899584419874613e-08
,2,3.1217916058191827e-13
,,RedoPen
0.6500000000000004,0,2.5567601037286313e-06
,1,1.4169612035796191e-09
,2,1.293447074693918e-14
0.6600000000000004,0,0.2892606069800197,5: 93-->92out,21: out,37: out,38: 85-->84out,49: out,120: out,121: out,125: out,126: 90-->89out,130: 86-->85out,131: out,135: out
,1,0.0017218143052926882
,2,0.013561208361359111,5: out,38: 84-->85,49: out
,3,1.4678094243759322e-05
,4,9.270176264670627e-07
,5,2.7419834393360965e-13
0.6700000000000004,0,0.02408350367106478,5: out,21: out,37: out,38: 85-->84out,49: out,120: out,121: out,135: out
,1,2.1188615351461004e-05
,2,5.743949383129627e-06
,3,4.119162067137661e-12
0.6800000000000004,0,0.024676804726175124,5: out,21: out,37: 89-->88out,38: out,49: out,120: out,121: out,125: out,135: out
,1,8.81338349828976e-06,49: out
,2,1.172217966127262e-06,49: out
,3,8.280935871803877e-14,49: out
,,RedoAct,IN,93,OUT,8
0.6800000000000004,0,8.466844693944338e-05
,1,0.00024197846484262824,43: out
,2,2.5593653367072e-08
,3,2.5478587253129828e-11
0.6900000000000004,0,0.020985453456394538,5: 92-->48out,21: out,37: out,38: out,43: out,120: out,121: out,125: out,135: out
,1,9.004055980481763e-06
,2,2.3329354107218636e-06
,3,4.780584237457327e-13
0.7000000000000004,0,0.019554654251195392,5: out,21: out,37: out,38: out,43: out,121: out,125: out,135: out
,1,6.173163753725993e-06,5: out,121: out
,2,4.7113037630190763e-07,5: out,121: out
,3,5.487310757610929e-14,5: out,121: out
,,RedoAct,IN,OUT,48,94
0.7000000000000004,0,0.0001022232176090304
,1,1.9536298848985523e-09
,2,1.3841135374826134e-13
0.7100000000000004,0,0.02569993972274778,21: out,37: out,38: out,43: out,125: out,131: out,135: out
,1,1.1533107339853924e-05,37: out
,2,1.891162047978581e-06,37: out
,3,1.0499127775052685e-12,37: out
,,RedoAct,IN,OUT,88
0.7100000000000004,0,8.309220369537401e-06
,1,4.281381690150537e-12
0.7200000000000004,0,0.028050642494186376,21: out,38: out,43: out,125: out,128: 87-->86,131: out,135: out
,1,1.7025292208566748e-05
,2,3.817688971391599e-06
,3,2.3939287804568723e-12
0.7300000000000004,0,0.027900125810649434,21: out,38: out,43: out,124: 91-->90,125: out,129: out,131: out,135: out
,1,2.0914360703009514e-05
,2,2.816591490557316e-06
,3,7.607543182384493e-13
,,RedoAct,IN,OUT
0.7300000000000004,0,1.055039566566017e-05
,1,7.104890301710868e-08
,2,3.8023612826359325e-14
,,RedoPen
0.7300000000000004,0,1.0888597490481065e-07
,1,7.113871979175331e-11
0.7400000000000004,0,0.029708732093290183,21: out,43: out,120: 95-->94,125: out,129: out,131: out,135: out
,1,0.00028854189337797925
,2,9.389429361810253e-05
,3,1.1042624814273737e-07
,4,1.0897122044943342e-11
,,RedoAct,IN,95,OUT
0.7400000000000004,0,0.004691203807498808,20: out,120: out
,1,0.0030366404185003374,20: out
,2,0.0002911989090609309
,3,1.911493458012904e-05
,4,2.877245481403522e-08
,5,1.9112636291231766e-13
,,RedoPen
0.7400000000000004,0,6.300786509102646e-07
,1,7.257733527942424e-09
,2,1.8248264350339377e-14
0.7500000000000004,0,0.07232704111939287,20: out,43: out,120: out,125: out,129: out,131: out,135: 81-->80out
,1,6.648623697095297e-05,38: out
,2,0.00011124456160926945,38: out
,3,2.4615278124520866e-09,38: out
,4,8.921003776671116e-14,38: out
,,RedoAct,IN,OUT,84
0.7500000000000004,0,5.9176335101905904e-05
,1,4.1962076065139116e-10
,2,2.5751735146813916e-14
,,RedoPen
0.7500000000000004,0,1.286085264499149e-07
,1,7.806022405287561e-11
0.7600000000000005,0,0.11170351418744431,20: out,43: out,120: out,125: out,127: out,129: out,130: out,131: out
,1,0.00018476013093214497
,2,0.00438345029771242
,3,1.1091295039423954e-05
,4,4.377657612371327e-06
,5,6.904512975080181e-11
,,RedoPen
0.7600000000000005,0,3.059863812524165e-07
,1,2.1515402423907745e-11
0.7700000000000005,0,0.28034781724104674,20: out,43: 93-->92out,120: out,124: out,125: 90-->89,127: out,129: 86-->85out,130: out,131: 85-->84out,134: out,135: out
,1,0.0033248776653537096
,2,0.034191903989719226,20: out,43: out,131: 84-->85
,3,5.7552209768939185e-05
,4,1.829911601289618e-05
,5,8.80777550294879e-11
,,RedoAct,IN,87,OUT
0.7700000000000005,0,3.5242609009215747e-06
,1,5.225523859118823e-08
,2,1.7910232210224854e-14
,,RedoPen
0.7700000000000005,0,4.5536933808032875e-07
,1,3.779694468808084e-11
0.7800000000000005,0,0.020852203868343588,20: out,43: 92-->48out,120: out,131: 85-->84,135: out
,1,6.582308174107248e-05,22: out
,2,4.822991094079622e-06,22: out
,3,1.6104903744618253e-11,22: out
,,RedoAct,IN,93,OUT,87
0.7800000000000005,0,0.00018096603024261553
,1,0.00017460897954189666,42: out
,2,1.1022522645310666e-08
,3,2.6086144106135184e-13
0.7900000000000005,0,0.02031042421670705,20: out,42: out,43: out,120: out,127: 89-->88out,131: out,134: out,135: out
,1,2.2102126684903917e-05
,2,3.2121489507075804e-06
,3,2.6621697148498408e-12
0.8000000000000005,0,0.01892363062217916,20: out,42: out,43: out,120: out,127: out,131: out,134: out,135: out
,1,8.075821493208285e-06
,2,4.746148014187309e-07
,3,4.1464304202605465e-14
,,RedoPen
0.8000000000000005,0,8.20011635181419e-08
,1,3.525708103643959e-11
0.8100000000000005,0,0.017166447574828134,20: out,42: out,43: out,120: out,124: out,127: out,134: out,135: out
,1,6.58649284884549e-06,120: out
,2,4.721112187265772e-07,120: out
,3,4.719034231831375e-14,120: out
,,RedoAct,IN,OUT,94
0.8100000000000005,0,0.00022298388788269136
,1,7.241453316209123e-09
,2,1.3259130673539583e-12
0.8200000000000005,0,0.022505569477468443,20: out,42: out,43: out,124: out,127: out,134: out,135: out
,1,9.728577676418552e-06,43: out
,2,1.4742354180033216e-06,43: out
,3,4.2578915181069504e-13,43: out
,,RedoAct,IN,87,OUT,48
0.8200000000000005,0,0.00018771830269975943
,1,1.0769402535706425e-06
,2,1.0599453946501317e-09
,3,2.294913498765052e-14
0.8300000000000005,0,0.026123269129177916,20: out,22: 87-->86,42: out,124: out,127: out,130: out,134: out,135: out
,1,1.2681727372693507e-05
,2,2.5870939373015582e-06
,3,1.387899264608678e-12
,,RedoPen
0.8300000000000005,0,4.760872376436527e-09
,1,6.23602556748711e-14
0.8400000000000005,0,0.02746096413344481,20: out,21: 91-->90,42: out,124: out,127: out,128: out,130: out,134: out,135: out
,1,1.3514850852569885e-05
,2,1.2707909012699974e-06
,3,2.81078474635114e-13
0.8500000000000005,0,0.029679827028798515,20: 95-->94,42: out,124: out,127: out,128: out,130: out,134: out,135: out
,1,1.709201474529351e-05,127: out
,2,2.4706748707962178e-06,127: out
,3,8.333209515768163e-13,127: out
,,RedoAct,IN,OUT,88
0.8500000000000005,0,5.7966724830445366e-05,135: out
,1,5.0207854639206765e-09,135: out
,2,4.493109463365195e-14,135: out
,,RedoAct,IN,OUT,80
0.8500000000000005,0,6.641085178345388e-09
,1,1.43510589857752e-14
0.8600000000000005,0,0.050290766645949295,20: out,42: out,124: out,128: out,130: out,134: 81-->80out
,1,5.225686008801979e-05
,2,7.543366186484052e-05
,3,1.9017469524231365e-09
,4,8.641843608954094e-14
,,RedoPen
0.8600000000000005,0,2.5413418815561165e-08
,1,1.6458295164277486e-12
0.8700000000000006,0,0.05681659499270115,20: out,42: out,124: out,126: out,128: out,130: out
,1,0.0001027857950586159
,2,0.000433458908366627
,3,2.141352826268066e-07
,4,3.1556553263635e-10
,5,1.934780220273506e-14
0.8800000000000006,0,0.1029454823191086,20: out,42: 93-->92out,124: 90-->89out,126: out,128: out,129: out,130: out,133: out
,1,0.0007119571607897416,131: out
,2,0.004905776517191087,42: 92-->48out,128: 86-->85,131: out
,3,0.008482446393649583,131: out
,4,4.430149583470749e-05,131: out
,5,1.4407672995497194e-06,131: out
,6,2.765276149977698e-12,131: out
,,RedoAct,IN,OUT,84
0.8800000000000006,0,0.0002939755594010189
,1,5.110694421110095e-09
,2,1.9910127569814093e-13
,,RedoAct,IN,93,OUT
0.8800000000000006,0,0.0005246870238539984,41: out
,1,0.00046545465224878533,41: out
,2,2.3649149965261766e-06
,3,1.5138589608761976e-08
,4,1.656984495055655e-14
,,RedoPen
0.8800000000000006,0,1.448407514235433e-07
,1,9.852285055102055e-11
0.8900000000000006,0,0.017401743857905404,20: out,41: out,42: out,130: 85-->84,133: out
,1,5.994108450498487e-05
,2,3.671940936499395e-06
,3,9.802119776213737e-12
0.9000000000000006,0,0.02146208782775187,20: out,41: out,42: out,126: 89-->88out,130: out,133: out,134: out
,1,3.174079326487741e-05,20: out
,2,2.8225760833097426e-06,20: out
,3,2.646733548760964e-12,20: out
,,RedoAct,IN,OUT,94
0.9000000000000006,0,5.067825176293302e-06
,1,9.087134773554062e-11
0.9100000000000006,0,0.019107446656939205,21: out,41: out,42: out,126: out,130: out,133: out,134: out
,1,1.1680835260675639e-05
,2,1.3174571298651428e-06
,3,2.646606268220722e-13
,,RedoPen
0.9100000000000006,0,4.398786277818098e-08
,1,3.4854938942782553e-12
0.9200000000000006,0,0.016192956035122347,21: out,41: out,42: out,126: out,130: out,133: out,134: out
,1,6.916022895491144e-06
,2,5.430711402858594e-07
,3,1.2869051849848825e-13
,,RedoPen
0.9200000000000006,0,5.098884178498003e-08
,1,8.462897184216233e-12
0.9300000000000006,0,0.014825631463205854,21: out,41: out,42: out,126: out,133: out,134: out
,1,5.469928888132542e-06,42: out
,2,1.4536723870644152e-06,42: out
,3,2.9777500343837474e-13,42: out
,,RedoAct,IN,OUT,48
0.9300000000000006,0,0.00040313951956845895
,1,4.5232412329978887e-08
,2,1.7918136232403849e-10
,3,1.4155312322382738e-14
0.9400000000000006,0,0.020123761843412868,21: out,41: out,126: out,129: out,133: out,134: out
,1,1.2459169642319767e-05
,2,1.8908970833246144e-05
,3,5.1381985016567565e-11
0.9500000000000006,0,0.024356340548534295,21: out,22: out,41: out,126: out,129: out,133: out,134: out
,1,1.2479723443405325e-05
,2,1.1757912834521607e-05
,3,1.7617572212740553e-11
,,RedoPen
0.9500000000000006,0,5.345284655559073e-09
,1,4.2590068269854345e-14
0.9600000000000006,0,0.029130183230470917,21: out,22: out,41: out,126: out,129: out,133: out,134: out
,1,1.6001317605758596e-05,126: out
,2,6.743367085508883e-06,126: out
,3,1.2613614391686953e-11,126: out
,,RedoAct,IN,OUT,88
0.9600000000000006,0,0.00017576443969788663
,1,1.165063573487908e-08
,2,1.1544487969589846e-11
0.9700000000000006,0,0.03999015249122387,21: out,22: out,41: out,129: out,133: 81-->80out,134: out
,1,3.684268941254886e-05,134: out
,2,8.001159248986925e-05,134: out
,3,6.6486216061091315e-09,134: out
,4,2.436293074314189e-12,134: out
,,RedoAct,IN,81,OUT
0.9700000000000006,0,4.382738949034714e-05
,1,6.08231599541847e-07
,2,8.286033813653573e-12
0.9800000000000006,0,0.037910431875474285,21: out,22: out,41: 93-->92out,125: out,129: out,132: out
,1,5.989081866487427e-05
,2,0.000217003949234106
,3,5.250016822361317e-08
,4,1.3156223173057764e-10
,5,2.59082570690657e-14
0.9900000000000007,0,0.03744008765948268,21: 90-->89out,22: out,41: 92-->48out,125: out,129: out,132: out
,1,0.00010937140673658844,130: out
,2,0.0002093205327413618,130: out
,3,1.4370698068562075e-07,130: out
,4,1.6005773017113334e-10,130: out
,5,1.4621291794519174e-14,130: out
,,RedoAct,IN,93,OUT,84
0.9900000000000007,0,0.00021650474054328624
,1,9.863122519266731e-05
,2,3.0190896298670766e-09
,3,3.5660266979708756e-13
,,RedoPen
0.9900000000000007,0,1.5950852673682772e-07
,1,9.578855410044032e-11
1.0000000000000007,0,0.044630266257644435,22: 86-->85out,40: out,41: out,125: 89-->88out,128: out,129: 85-->84out,132: out,133: out
,1,0.06602176462498836,22: 85-->86out,40: out,125: 88-->89out,132: out
,2,0.0035431965594224153,40: out,41: out
,3,0.052034925701639506,22: out,41: out,125: 89-->88
,4,0.000623722934447074
,5,0.02016295753892771,22: 86-->85,40: out,41: out
,6,0.0023425267916812186
,7,0.0006008185427817348
,8,5.055696749532137e-06
,9,3.630673782483787e-09
,,Cutback
0.9950000000000007,0,0.015355080299301771,22: 86-->85out,40: out,41: out,129: 85-->84
,1,0.00018709642613254585
,2,3.714719092542065e-05
,3,1.0183428814531692e-09
,4,1.880810666649513e-14
,,RedoPen
0.9950000000000007,0,6.18439975850069e-08
,1,1.3508333668287506e-11
1.0000000000000007,0,0.00653207548368416,40: out,41: out,125: 89-->88
,1,1.4216592412542801e-05
,2,3.002913152852011e-07
,3,7.443743395716479e-14
