0.01,0,1.813712702250126e-18
0.02,0,3.3411834271553864e-18,1: None-->5out,5: None-->13out,24: None-->5out,25: None-->9out,26: None-->9out,27: None-->9out
0.03,0,9.216064396635413e-18,1: None-->5out,5: None-->13out,24: None-->5out,25: None-->9out,26: None-->9out,27: None-->9out
0.04,0,7.094371771280135e-18,1: None-->5out,5: None-->13out,24: None-->5out,25: None-->9out,26: None-->9out,27: None-->9out
0.05,0,0.020509311118242404,1: None-->5,5: None-->13,24: None-->5,25: None-->9,26: None-->9,27: None-->9
,1,6.449858335821812e-06,5: out
,2,1.53633612548809e-08,5: None-->13out
,3,3.3613619625504093e-15,5: None-->13out
,,RedoPen
0.05,0,0.020509311118242404,1: None-->5,5: None-->13,24: None-->5,25: None-->9,26: None-->9,27: None-->9
,1,6.449858335821812e-06,5: out
,2,1.53633612548809e-08,5: None-->13out
,3,3.3613619625504093e-15,5: None-->13out
,,RedoPen
0.05,0,0.0238501753773986,1: None-->5,5: None-->13,24: None-->5,25: None-->9,26: None-->9,27: None-->9
,1,6.785411825006309e-06,5: out
,2,1.6911470739840854e-08,5: None-->13out
,3,4.1156343402174876e-15,5: None-->13out
0.060000000000000005,0,0.011670262793755212,5: None-->13
,1,2.6419103380339244e-05
,2,5.721917621966733e-07
,3,2.0527599506535937e-13
,,RedoPen
0.060000000000000005,0,0.011670262793755212,5: None-->13
,1,2.6419103380339244e-05
,2,5.721917621966733e-07
,3,2.0527599506535937e-13
,,RedoPen
0.060000000000000005,0,0.016258809855443736,5: None-->13
,1,4.1370590661547266e-05
,2,1.942198743059088e-06
,3,1.8447261580424474e-12
0.07,0,1.2333354388228465e-05
,1,4.3820919779028603e-10
,2,2.1792278015799607e-15
,,RedoPen
0.07,0,1.2333354388228465e-05
,1,4.3820919779028603e-10
,2,2.1792278015799607e-15
,,RedoPen
0.07,0,1.5839435270086415e-05
,1,4.705845200819831e-10
,2,3.40146310818072e-15
0.08,0,1.6102322533036824e-05
,1,8.971350250889206e-10
,2,4.618511667994187e-15
,,RedoPen
0.08,0,1.6102322533036824e-05
,1,8.971350250889206e-10
,2,4.618511667994187e-15
,,RedoPen
0.08,0,2.050396345625413e-05
,1,7.182464832963344e-10
,2,6.545010857530847e-15
0.09,0,2.0693737859116468e-05
,1,1.3869228208716488e-09
,2,4.2783526443134e-15
,,RedoPen
0.09,0,2.0693737859116468e-05
,1,1.3869228208716488e-09
,2,4.2783526443134e-15
,,RedoPen
0.09,0,2.557135970168115e-05
,1,9.967033207825288e-10
,2,1.314104816415265e-14
0.09999999999999999,0,2.5677452080421233e-05
,1,1.8971704874893115e-09
,2,9.046815440575981e-15
,,RedoPen
0.09999999999999999,0,2.5677452080421233e-05
,1,1.8971704874893115e-09
,2,9.046815440575981e-15
,,RedoPen
0.09999999999999999,0,3.0863817172321156e-05
,1,1.2950042779933705e-09
,2,7.578688425808522e-15
0.10999999999999999,0,0.000645128055105922,5: out
,1,0.4873309167079734,5: None-->13
,2,0.0005380236524910611
,3,0.0006425820675037728,5: out
,4,0.48725738776627203,5: None-->13
,5,0.0005378210878457195
,6,0.0006425823355246424,5: out
,7,0.4872573400145783,5: None-->13
,8,0.0005378213396065021
,9,0.0006425823363161665,5: out
,10,0.48725734020444406,5: None-->13
,11,0.0005378213394147649
,12,0.0006425823363140452,5: out
,13,0.4872573402040931,5: None-->13
,14,0.0005378213394143326
,15,0.0006425823363139397,5: out
,16,0.4872573402040961,5: None-->13
,17,0.0005378213394146322
,18,0.0006425823363140574,5: out
,19,0.48725734020409306,5: None-->13
,20,0.0005378213394143305
,21,0.0006425823363140383,5: out
,22,0.4872573402040931,5: None-->13
,23,0.000537821339414571
,24,0.0006425823363140567,5: out
,25,0.487257340204096,5: None-->13
,26,0.0005378213394146591
,27,0.0006425823363139671,5: out
,28,0.487257340204096,5: None-->13
,29,0.0005378213394145897
,30,0.0006425823363140606,5: out
,31,0.4872573402040961,5: None-->13
,32,0.0005378213394149019
,33,0.0006425823363140604,5: out
,34,0.48725734020409606,5: None-->13
,35,0.0005378213394147719
,36,0.000642582336313965,5: out
,37,0.4872573402040931,5: None-->13
,38,0.0005378213394143544
,39,0.0006425823363139394,5: out
,40,0.487257340204096,5: None-->13
,41,0.0005378213394145721
,42,0.000642582336314059,5: out
,43,0.4872573402040961,5: None-->13
,44,0.0005378213394148828
,45,0.0006425823363140603,5: out
,46,0.4872573402040947,5: None-->13
,47,0.0005378213394145707
,48,0.0006425823363140327,5: out
,49,0.4872573402040946,5: None-->13
,50,0.0005378213394145785
,51,0.000642582336314056,5: out
,52,0.487257340204096,5: None-->13
,53,0.0005378213394147664
,54,0.0006425823363141388,5: out
,55,0.4872573402040979,5: None-->13
,56,0.000537821339414915
,57,0.0006425823363138868,5: out
,58,0.4872573402040979,5: None-->13
,59,0.0005378213394145852
,60,0.0006425823363139467,5: out
,61,0.4872573402040961,5: None-->13
,62,0.0005378213394148821
,63,0.0006425823363139768,5: out
,64,0.4872573402040978,5: None-->13
,65,0.0005378213394149683
,66,0.0006425823363138727,5: out
,67,0.4872573402040947,5: None-->13
,68,0.0005378213394146743
,69,0.0006425823363139568,5: out
,70,0.487257340204096,5: None-->13
,71,0.0005378213394145745
,72,0.0006425823363141392,5: out
,73,0.487257340204096,5: None-->13
,74,0.0005378213394145903
,75,0.0006425823363140598,5: out
,76,0.4872573402040931,5: None-->13
,77,0.0005378213394143135
,78,0.0006425823363139461,5: out
,79,0.4872573402040931,5: None-->13
,80,0.000537821339414466
,81,0.0006425823363141309,5: out
,82,0.487257340204096,5: None-->13
,83,0.0005378213394145903
,84,0.000642582336314057,5: out
,85,0.487257340204096,5: None-->13
,86,0.000537821339414624
,87,0.0006425823363140553,5: out
,88,0.4872573402040979,5: None-->13
,89,0.0005378213394149313
,90,0.0006425823363139774,5: out
,91,0.4872573402040979,5: None-->13
,92,0.0005378213394148319
,93,0.000642582336313958,5: out
,94,0.48725734020409595,5: None-->13
,95,0.0005378213394146088
,96,0.000642582336314054,5: out
,97,0.4872573402040961,5: None-->13
,98,0.0005378213394149012
,99,0.0006425823363141479,5: out
,,Cutback
0.105,0,0.0006693691210806669,5: out
,1,0.504587871622036,5: None-->13
,2,0.0005329575185197918
,3,0.0006673424345667021,5: out
,4,0.5045424874370593,5: None-->13
,5,0.0005324809320836985
,6,0.0006673436169502992,5: out
,7,0.5045423678186899,5: None-->13
,8,0.0005324818462228182
,9,0.0006673436165366276,5: out
,10,0.5045423683104889,5: None-->13
,11,0.0005324818447896064
,12,0.0006673436165342907,5: out
,13,0.5045423683092715,5: None-->13
,14,0.0005324818447913067
,15,0.0006673436165343772,5: out
,16,0.5045423683092731,5: None-->13
,17,0.0005324818447911664
,18,0.0006673436165345463,5: out
,19,0.50454236830927,5: None-->13
,20,0.0005324818447908364
,21,0.0006673436165343362,5: out
,22,0.5045423683092684,5: None-->13
,23,0.0005324818447914238
,24,0.0006673436165342317,5: out
,25,0.5045423683092719,5: None-->13
,26,0.0005324818447911986
,27,0.0006673436165344485,5: out
,28,0.5045423683092696,5: None-->13
,29,0.0005324818447913104
,30,0.0006673436165343802,5: out
,31,0.5045423683092731,5: None-->13
,32,0.0005324818447911884
,33,0.0006673436165345424,5: out
,34,0.5045423683092715,5: None-->13
,35,0.0005324818447913505
,36,0.0006673436165343776,5: out
,37,0.5045423683092719,5: None-->13
,38,0.0005324818447912879
,39,0.0006673436165343746,5: out
,40,0.5045423683092731,5: None-->13
,41,0.0005324818447915356
,42,0.0006673436165343945,5: out
,43,0.5045423683092719,5: None-->13
,44,0.0005324818447908756
,45,0.0006673436165342476,5: out
,46,0.5045423683092684,5: None-->13
,47,0.0005324818447914189
,48,0.0006673436165343185,5: out
,49,0.5045423683092731,5: None-->13
,50,0.0005324818447915563
,51,0.0006673436165342187,5: out
,52,0.5045423683092735,5: None-->13
,53,0.0005324818447912782
,54,0.0006673436165344533,5: out
,55,0.5045423683092696,5: None-->13
,56,0.0005324818447912899
,57,0.000667343616534292,5: out
,58,0.5045423683092731,5: None-->13
,59,0.0005324818447911914
,60,0.0006673436165345452,5: out
,61,0.50454236830927,5: None-->13
,62,0.0005324818447913029
,63,0.0006673436165343771,5: out
,64,0.5045423683092731,5: None-->13
,65,0.0005324818447911917
,66,0.0006673436165345444,5: out
,67,0.5045423683092715,5: None-->13
,68,0.0005324818447913094
,69,0.0006673436165343757,5: out
,70,0.5045423683092731,5: None-->13
,71,0.0005324818447915632
,72,0.0006673436165342266,5: out
,73,0.5045423683092719,5: None-->13
,74,0.0005324818447908975
,75,0.0006673436165342472,5: out
,76,0.5045423683092684,5: None-->13
,77,0.0005324818447914245
,78,0.0006673436165342306,5: out
,79,0.5045423683092735,5: None-->13
,80,0.0005324818447912009
,81,0.0006673436165344498,5: out
,82,0.5045423683092696,5: None-->13
,83,0.0005324818447913712
,84,0.000667343616534287,5: out
,85,0.5045423683092731,5: None-->13
,86,0.0005324818447911914
,87,0.0006673436165345418,5: out
,88,0.50454236830927,5: None-->13
,89,0.0005324818447913274
,90,0.000667343616534289,5: out
,91,0.5045423683092731,5: None-->13
,92,0.0005324818447912282
,93,0.0006673436165345422,5: out
,94,0.50454236830927,5: None-->13
,95,0.0005324818447913277
,96,0.0006673436165342861,5: out
,97,0.5045423683092731,5: None-->13
,98,0.0005324818447911746
,99,0.0006673436165345457,5: out
,,Cutback
0.1025,0,0.0001869364102136964
,1,1.1091169428132303e-09
,2,1.1748933654036697e-14
0.105,0,0.00016335459442569218
,1,7.783850931150413e-10
,2,1.218538722669194e-14
0.11,0,0.0005328673840358723
,1,6.388389484229837e-09
,2,9.505027787260116e-14
0.12,0,0.0005918306039787956,5: out
,1,0.4487533939339826,5: None-->13
,2,0.0006662874807141246
,3,0.0005923645317004186,5: out
,4,0.4488697489368533,5: None-->13
,5,0.0006661971702000327
,6,0.0005923626518870911,5: out
,7,0.44886951050442314,5: None-->13
,8,0.000666197083675896
,9,0.0005923626531424305,5: out
,10,0.44886951069514,5: None-->13
,11,0.0006661970839731083
,12,0.0005923626531433948,5: out
,13,0.44886951069515074,5: None-->13
,14,0.0006661970839726342
,15,0.0005923626531435181,5: out
,16,0.44886951069515274,5: None-->13
,17,0.000666197083973471
,18,0.0005923626531436724,5: out
,19,0.4488695106951493,5: None-->13
,20,0.0006661970839726075
,21,0.0005923626531435264,5: out
,22,0.44886951069515224,5: None-->13
,23,0.000666197083973005
,24,0.000592362653143528,5: out
,25,0.44886951069515085,5: None-->13
,26,0.0006661970839729619
,27,0.0005923626531433913,5: out
,28,0.44886951069515074,5: None-->13
,29,0.0006661970839730573
,30,0.0005923626531435367,5: out
,31,0.44886951069515274,5: None-->13
,32,0.0006661970839730465
,33,0.000592362653143539,5: out
,34,0.44886951069515074,5: None-->13
,35,0.0006661970839726546
,36,0.0005923626531436557,5: out
,37,0.44886951069515224,5: None-->13
,38,0.0006661970839741897
,39,0.0005923626531435488,5: out
,40,0.4488695106951546,5: None-->13
,41,0.0006661970839729409
,42,0.0005923626531435275,5: out
,43,0.44886951069515274,5: None-->13
,44,0.0006661970839730635
,45,0.0005923626531435307,5: out
,46,0.44886951069515274,5: None-->13
,47,0.0006661970839730749
,48,0.0005923626531435304,5: out
,49,0.44886951069515274,5: None-->13
,50,0.0006661970839734861
,51,0.0005923626531435389,5: out
,52,0.44886951069515085,5: None-->13
,53,0.0006661970839728587
,54,0.0005923626531433878,5: out
,55,0.44886951069515074,5: None-->13
,56,0.000666197083972632
,57,0.0005923626531435265,5: out
,58,0.44886951069515074,5: None-->13
,59,0.0006661970839726393
,60,0.0005923626531436617,5: out
,61,0.44886951069515224,5: None-->13
,62,0.0006661970839729911
,63,0.0005923626531435334,5: out
,64,0.44886951069515074,5: None-->13
,65,0.0006661970839726352
,66,0.0005923626531435186,5: out
,67,0.44886951069515074,5: None-->13
,68,0.000666197083972644
,69,0.0005923626531435242,5: out
,70,0.44886951069515274,5: None-->13
,71,0.0006661970839730666
,72,0.0005923626531435331,5: out
,73,0.44886951069515074,5: None-->13
,74,0.0006661970839726846
,75,0.0005923626531435197,5: out
,76,0.44886951069515074,5: None-->13
,77,0.0006661970839729668
,78,0.0005923626531435261,5: out
,79,0.44886951069515074,5: None-->13
,80,0.0006661970839726733
,81,0.0005923626531435245,5: out
,82,0.44886951069515074,5: None-->13
,83,0.0006661970839726067
,84,0.0005923626531433954,5: out
,85,0.44886951069515074,5: None-->13
,86,0.0006661970839726189
,87,0.0005923626531436545,5: out
,88,0.4488695106951492,5: None-->13
,89,0.0006661970839729482
,90,0.0005923626531435261,5: out
,91,0.4488695106951493,5: None-->13
,92,0.0006661970839722848
,93,0.0005923626531435244,5: out
,94,0.44886951069515074,5: None-->13
,95,0.0006661970839726375
,96,0.0005923626531435191,5: out
,97,0.44886951069515074,5: None-->13
,98,0.0006661970839726232
,99,0.0005923626531436654,5: out
,,Cutback
0.115,0,0.0003569346788318063
,1,2.1531531688852257e-09
,2,1.4532142009280265e-14
0.12000000000000001,0,0.00018763536894880972
,1,3.339392646314134e-10
,2,9.458956684814996e-15
0.13,0,0.0004952122020222161,27: 9-->13
,1,1.448342249482782e-06
,2,4.486711843609996e-10
,3,6.6533428673842986e-15
0.14,0,0.002418119306830132,27: out
,1,1.0805666301987724,27: None-->13
,2,0.00024946712131594255
,3,0.0010974955036704617
,4,2.3420564866673436e-08
,5,1.0611653053322564e-11
0.15000000000000002,0,0.0035274020744336452,24: 5-->9,27: out
,1,1.057171519372156,24: 9-->5,27: None-->13
,2,0.00026915531613942907,24: 5-->9
,3,0.0009614730155864128
,4,7.276080759864332e-09
,5,7.689506543786515e-13
0.16000000000000003,0,0.0047925881736397705,27: out
,1,1.0078135371830326,27: None-->13
,2,0.00027750832224141176
,3,0.0007333961169943295
,4,6.2957325389100074e-09
,5,5.536011824653344e-13
0.17000000000000004,0,0.006164921257591493,27: out
,1,0.9371294600936929,27: None-->13
,2,0.000293867088348465
,3,0.0005833941163311831
,4,3.139633306698926e-08
,5,9.114374589697677e-12
0.18000000000000005,0,0.007662146309870389,27: out
,1,0.8497067607086222,27: None-->13
,2,0.003550964868857523
,3,0.001710822028867183
,4,4.695319147660817e-05
,5,3.250763793847607e-07
,6,1.672562438854401e-12
,,RedoPen
0.18000000000000005,0,0.007662146309870389,27: out
,1,0.8497067607086222,27: None-->13
,2,0.003550964868857523
,3,0.001710822028867183
,4,4.695319147660817e-05
,5,3.250763793847607e-07
,6,1.672562438854401e-12
,,RedoPen
0.18000000000000005,0,0.007661846926703107,27: out
,1,0.8496220426692869,27: None-->13
,2,0.0035486633805102952
,3,0.0017097837421683744
,4,4.6865011917871325e-05
,5,3.2409013901914725e-07
,6,1.6654625424074367e-12
0.19000000000000006,0,0.00953801916615307,26: 9-->13out
,1,1.1130352658282903,26: None-->13
,2,0.00010176132408562726
,3,6.557244915158362e-05
,4,5.084128999612217e-10
,5,1.3423693493394117e-14
0.20000000000000007,0,0.013490623892955538,26: out
,1,1.1005113940750872,26: None-->13
,2,0.00011637086472364608
,3,0.00010659998512014349
,4,2.3687195616067907e-09
,5,6.318992871769713e-14
0.21000000000000008,0,0.016773154517336342,1: 5-->9,26: out
,1,1.054488289317905,26: None-->13
,2,0.00012448689144081468
,3,0.00013319659777647586
,4,6.843712667774421e-09
,5,5.033967962699641e-13
,,RedoPen
0.21000000000000008,0,0.016773154517336342,1: 5-->9,26: out
,1,1.054488289317905,26: None-->13
,2,0.00012448689144081468
,3,0.00013319659777647586
,4,6.843712667774421e-09
,5,5.033967962699641e-13
,,RedoPen
0.21000000000000008,0,0.019713016096145272,1: 5-->9,26: out
,1,1.0547592593536517,26: None-->13
,2,0.00013032541221266042
,3,0.00016619655135000286
,4,1.1702994286697054e-08
,5,1.7450079094984676e-12
0.22000000000000008,0,0.023248514640905334,26: out
,1,0.9807802817137998,26: None-->13
,2,0.00014747456212374144
,3,0.0001552343630634048
,4,2.7399237624104297e-08
,5,6.147677151242774e-12
,,RedoPen
0.22000000000000008,0,0.023248514640905334,26: out
,1,0.9807802817137998,26: None-->13
,2,0.00014747456212374144
,3,0.0001552343630634048
,4,2.7399237624104297e-08
,5,6.147677151242774e-12
,,RedoPen
0.22000000000000008,0,0.02699409529297057,26: out
,1,0.9813676134730859,26: None-->13
,2,0.0001546165983429155
,3,0.0002194238119841745
,4,4.503340478782444e-08
,5,2.238350177588458e-11
0.2300000000000001,0,0.04162856554343598,5: 13-->17,26: out
,1,0.8859722444199,26: None-->13
,2,0.0005330759228236348
,3,5.500247844525891e-05
,4,4.2301692433573866e-07
,5,3.555622553494814e-11
,,RedoPen
0.2300000000000001,0,0.04162856554343598,5: 13-->17,26: out
,1,0.8859722444199,26: None-->13
,2,0.0005330759228236348
,3,5.500247844525891e-05
,4,4.2301692433573866e-07
,5,3.555622553494814e-11
,,RedoPen
0.2300000000000001,0,0.04986659901544277,5: 13-->17,26: out
,1,0.8874642667200048,26: None-->13
,2,0.0005736401682008033
,3,0.0001571306436448941
,4,1.4025871284360437e-06
,5,9.634457822318921e-10
,6,6.981299214998075e-15
0.2400000000000001,0,0.04119365197125194
,1,8.143249758062522e-06
,2,1.5864636155737482e-05
,3,2.8870461005308222e-11
,,RedoPen
0.2400000000000001,0,0.04119365197125194
,1,8.143249758062522e-06
,2,1.5864636155737482e-05
,3,2.8870461005308222e-11
,,RedoPen
0.2400000000000001,0,0.04614304499587511
,1,2.1099382068985525e-05
,2,9.362712407187379e-05
,3,1.0983189891031642e-09
,4,1.4895728997721696e-13
0.2500000000000001,0,0.04092842689049179,25: 9-->13out
,1,1.0740820782503613,25: None-->13
,2,7.04566012032463e-05
,3,1.0454038311107508e-05
,4,2.3632649479919193e-11
,,RedoPen
0.2500000000000001,0,0.04092842689049179,25: 9-->13out
,1,1.0740820782503613,25: None-->13
,2,7.04566012032463e-05
,3,1.0454038311107508e-05
,4,2.3632649479919193e-11
,,RedoPen
0.2500000000000001,0,0.04443443189222753,25: 9-->13out
,1,1.0716139641307956,25: None-->13
,2,8.538852419060665e-05
,3,5.977375497412268e-06
,4,3.6473135506604425e-10
,5,1.4958972091224884e-14
0.2600000000000001,0,0.0431429461944289,25: out
,1,1.0553006531707296,25: None-->13
,2,7.848939841350363e-05
,3,3.327961743424596e-06
,4,7.144240637449154e-11
,,RedoPen
0.2600000000000001,0,0.0431429461944289,25: out
,1,1.0553006531707296,25: None-->13
,2,7.848939841350363e-05
,3,3.327961743424596e-06
,4,7.144240637449154e-11
,,RedoPen
0.2600000000000001,0,0.045573917224105594,25: out
,1,1.0537034155195741,25: None-->13
,2,6.58381804701664e-05
,3,1.480766342294698e-05
,4,1.9521258522616007e-10
,5,1.5865493886384115e-14
0.27000000000000013,0,0.0403116646166335,25: out
,1,1.013209351034155,25: None-->13
,2,7.604203525848544e-05
,3,1.0787685103245702e-06
,4,3.2437418534140884e-11
,,RedoPen
0.27000000000000013,0,0.0403116646166335,25: out
,1,1.013209351034155,25: None-->13
,2,7.604203525848544e-05
,3,1.0787685103245702e-06
,4,3.2437418534140884e-11
,,RedoPen
0.27000000000000013,0,0.04185885262703717,25: out
,1,1.012331415182025,25: None-->13
,2,6.253322756407337e-05
,3,3.5889876148831506e-05
,4,4.522160815820757e-10
,5,1.1907068718736105e-14
0.28000000000000014,0,0.03706072075767277,25: out
,1,0.9527056330955795,25: None-->13
,2,6.999929606045026e-05
,3,9.318025360106074e-06
,4,4.747140969806422e-10
,5,2.6641531922698342e-14
,,RedoPen
0.28000000000000014,0,0.03706072075767277,25: out
,1,0.9527056330955795,25: None-->13
,2,6.999929606045026e-05
,3,9.318025360106074e-06
,4,4.747140969806422e-10
,5,2.6641531922698342e-14
,,RedoPen
0.28000000000000014,0,0.038082992372779144,25: out
,1,0.9523340791460982,25: None-->13
,2,5.812934350386261e-05
,3,5.83910324289146e-05
,4,1.1885007407903102e-09
,5,1.0548706919910532e-13
0.29000000000000015,0,0.03349431377219303,25: out
,1,0.8770456132212905,25: None-->13
,2,6.151862538929016e-05
,3,2.2967163615035114e-05
,4,1.2457216098443412e-09
,5,2.0767518082607682e-14
,,RedoPen
0.29000000000000015,0,0.03349431377219303,25: out
,1,0.8770456132212905,25: None-->13
,2,6.151862538929016e-05
,3,2.2967163615035114e-05
,4,1.2457216098443412e-09
,5,2.0767518082607682e-14
,,RedoPen
0.29000000000000015,0,0.03423804654860386,25: out
,1,0.8770249830595616,25: None-->13
,2,5.3418928134919813e-05
,3,7.733982737164258e-05
,4,2.5339672375095236e-09
,5,1.2423834241933906e-13
0.30000000000000016,0,0.030130513672200418,25: out,27: 13-->17
,1,0.7882076079654039,25: None-->13
,2,8.205072922309733e-05
,3,9.53387890978098e-06
,4,1.970498881040312e-09
,5,2.0204968692748904e-14
,,RedoPen
0.30000000000000016,0,0.030130513672200418,25: out,27: 13-->17
,1,0.7882076079654039,25: None-->13
,2,8.205072922309733e-05
,3,9.53387890978098e-06
,4,1.970498881040312e-09
,5,2.0204968692748904e-14
,,RedoPen
0.30000000000000016,0,0.030515176593539608,25: out,27: 13-->17
,1,0.788435468475233,25: None-->13
,2,6.0391780225284654e-05
,3,6.329626207866012e-05
,4,7.743366861885987e-09
,5,7.925610172088026e-13
0.31000000000000016,0,0.02512155442940295,25: out
,1,0.6872162587774089,25: None-->13
,2,0.00011441804884659527
,3,8.14357366481513e-05
,4,3.703757878308328e-08
,5,5.9904692692184175e-12
,,RedoPen
0.31000000000000016,0,0.02512155442940295,25: out
,1,0.6872162587774089,25: None-->13
,2,0.00011441804884659527
,3,8.14357366481513e-05
,4,3.703757878308328e-08
,5,5.9904692692184175e-12
,,RedoPen
0.31000000000000016,0,0.025663651964896807,25: out
,1,0.6879028054375506,25: None-->13
,2,0.00015064050855245523
,3,0.000392943501614123
,4,3.1126533002129436e-07
,5,1.2039712229696156e-09
,6,1.2627286628986541e-14
0.3200000000000002,0,0.02196677441724511
,1,2.6334225086419794e-06
,2,1.6000265487963856e-06
,3,2.955384565594051e-13
,,RedoPen
0.3200000000000002,0,0.02196677441724511
,1,2.6334225086419794e-06
,2,1.6000265487963856e-06
,3,2.955384565594051e-13
,,RedoPen
0.3200000000000002,0,0.02303893599494392
,1,1.55343559746067e-05
,2,6.647020802230597e-05
,3,7.200268124042215e-10
,4,7.00810421999632e-14
0.3300000000000002,0,0.02094357197244467,1: out,24: 9-->13out
,1,0.7155685536319468,1: None-->9,24: None-->13
,2,0.001273714104453656,26: out
,3,0.002850352027480609,24: out,26: None-->13out
,4,0.5971587686139002,24: None-->13,26: None-->13out
,5,0.00013775362502822482,26: None-->13out
,6,0.0017271194959782707,26: None-->13out
,7,3.5076158335915004e-07,26: None-->13out
,8,1.8881648391578878e-08,26: None-->13out
,9,1.597910915826987e-14,26: None-->13out
,,RedoPen
0.3300000000000002,0,0.02094357197244467,1: out,24: 9-->13out
,1,0.7155685536319468,1: None-->9,24: None-->13
,2,0.001273714104453656,26: out
,3,0.002850352027480609,24: out,26: None-->13out
,4,0.5971587686139002,24: None-->13,26: None-->13out
,5,0.00013775362502822482,26: None-->13out
,6,0.0017271194959782707,26: None-->13out
,7,3.5076158335915004e-07,26: None-->13out
,8,1.8881648391578878e-08,26: None-->13out
,9,1.597910915826987e-14,26: None-->13out
,,RedoPen
0.3300000000000002,0,0.022366963174433284,1: out,24: 9-->13out
,1,0.7036782540551088,1: None-->9,24: None-->13
,2,0.0017842481609862033,26: out
,3,0.0023216342927425498,26: None-->13out
,4,7.223487630854275e-05,26: None-->13out
,5,8.387954603782258e-06,26: None-->13out
,6,9.437684708176514e-10,26: None-->13out
,7,1.5073664297478402e-14,26: None-->13out
0.3400000000000002,0,0.02610970214701102,1: out,24: out,26: None-->13out
,1,0.58414966852619,1: None-->9,24: None-->13,26: None-->13out
,2,0.0010404579273520598,26: None-->13out
,3,0.0020832424538382256,1: out,26: None-->13out
,4,0.00019739433000797918,1: None-->9out,26: None-->13out
,5,2.097099085295294e-05,1: None-->9out,26: None-->13out
,6,2.02639077039027e-08,1: None-->9out,26: None-->13out
,7,2.582459303539977e-13,1: None-->9out,26: None-->13out
,,RedoPen
0.3400000000000002,0,0.02610970214701102,1: out,24: out,26: None-->13out
,1,0.58414966852619,1: None-->9,24: None-->13,26: None-->13out
,2,0.0010404579273520598,26: None-->13out
,3,0.0020832424538382256,1: out,26: None-->13out
,4,0.00019739433000797918,1: None-->9out,26: None-->13out
,5,2.097099085295294e-05,1: None-->9out,26: None-->13out
,6,2.02639077039027e-08,1: None-->9out,26: None-->13out
,7,2.582459303539977e-13,1: None-->9out,26: None-->13out
,,RedoPen
0.3400000000000002,0,0.027279694052357587,1: out,24: out,26: None-->13out
,1,0.4503096452962336,1: None-->9,24: None-->13,26: None-->13out
,2,0.0015098722569015098,26: None-->13out
,3,0.0014953440280939412,1: out,26: None-->13out
,4,0.0003186898874432217,1: None-->9out,26: None-->13out
,5,1.655464132383879e-05,1: None-->9out,26: None-->13out
,6,4.553081406574154e-08,1: None-->9out,26: None-->13out
,7,3.554794915267658e-13,1: None-->9out,26: None-->13out
0.3500000000000002,0,0.026885207361358278,1: None-->9out,5: out,24: out,26: None-->13out
,1,110.89352323336416,1: None-->9out,5: None-->13,24: None-->13,26: None-->13out
,2,0.875633113068809,1: None-->9out,5: out,24: out,26: None-->13
,3,2.571113345977118,1: None-->9out,5: None-->17,24: None-->13
,4,0.17174052659018807,1: None-->9out,24: out,26: out,27: out
,5,0.32044374995018704,1: None-->9,24: None-->13,26: None-->13out,27: None-->17out
,6,0.029392820551641493,24: out,25: out,26: None-->13out,27: None-->17out
,7,0.09095850994769863,1: out,24: None-->13,25: None-->13out,26: None-->13out,27: None-->17out
,8,0.0027941973844678013,1: None-->9out,24: out,25: None-->13out,26: None-->13out,27: None-->17out
,9,0.7212880451564495,1: None-->9out,24: None-->9out,25: None-->13out,26: None-->13out,27: None-->13out
,10,0.5073869293713394,1: None-->9out,24: None-->9out,25: None-->13,26: None-->13out,27: None-->17
,11,0.06669380629153289,1: None-->9out,24: None-->9out,26: None-->13out
,12,0.06109201109967889,1: None-->9out,24: None-->13out,26: None-->13out
,13,0.011548182515029766,1: None-->9out,24: None-->13out,26: None-->13out
,14,0.1696894944265256,1: None-->9out,24: None-->13,26: None-->13out
,15,0.0005133153020766082,1: None-->9out,26: None-->13out
,16,0.05676278825300344,1: None-->9out,5: out,24: out,26: None-->13out
,17,97.60531690396883,1: None-->9,5: None-->17,24: None-->13,26: None-->13out
,18,nan,5: out,24: out,26: None-->13
,,Cutback
0.3450000000000002,0,0.007995818712241268,1: None-->9out,24: out,26: None-->13out
,1,0.42418039801399243,1: None-->9,24: None-->13,26: None-->13out
,2,0.0006039549017713715,26: None-->13out
,3,0.003603781142454498,1: out,26: None-->13out
,4,0.00030452000228342266,1: None-->9out,26: None-->13out
,5,0.00010172603881566121,1: None-->9out,26: None-->13out
,6,2.2205023717776158e-07,1: None-->9out,26: None-->13out
,7,6.533438930632285e-11,1: None-->9out,26: None-->13out
,,RedoPen
0.3450000000000002,0,0.007573730662250265,1: None-->9out,24: out,26: None-->13out
,1,0.3730000713530802,1: None-->9,24: None-->13,26: None-->13out
,2,0.000617069523028364,26: None-->13out
,3,0.0034614102850458284,1: out,26: None-->13out
,4,0.00032548746107001096,1: None-->9out,26: None-->13out
,5,0.00010458808389098789,1: None-->9out,26: None-->13out
,6,2.792983574052878e-07,1: None-->9out,26: None-->13out
,7,9.169191112365866e-11,1: None-->9out,26: None-->13out
0.3500000000000002,0,0.010766625482719394,1: None-->9out,24: out,26: None-->13out
,1,0.32031730441241124,1: None-->9,24: None-->13,26: None-->13out
,2,0.0009217375963284975,1: out,26: None-->13out
,3,0.004983834909142752,1: None-->9out,26: None-->13out
,4,1.6231259454821205e-05,1: None-->9out,26: None-->13out
,5,1.5066649980811901e-05,1: None-->9out,26: None-->13out
,6,6.136048276766601e-12,1: None-->9out,26: None-->13out
,,RedoPen
0.3500000000000002,0,0.010766625482719394,1: None-->9out,24: out,26: None-->13out
,1,0.32031730441241124,1: None-->9,24: None-->13,26: None-->13out
,2,0.0009217375963284975,1: out,26: None-->13out
,3,0.004983834909142752,1: None-->9out,26: None-->13out
,4,1.6231259454821205e-05,1: None-->9out,26: None-->13out
,5,1.5066649980811901e-05,1: None-->9out,26: None-->13out
,6,6.136048276766601e-12,1: None-->9out,26: None-->13out
,,RedoPen
0.3500000000000002,0,0.009844151514014441,1: None-->9out,24: out,26: None-->13out
,1,0.2791346277780426,1: None-->9,24: None-->13,26: None-->13out
,2,0.0009115327675336429,1: out,26: None-->13out
,3,0.004723103631108832,1: None-->9out,26: None-->13out
,4,1.711473614755117e-05,1: None-->9out,26: None-->13out
,5,1.5092230097736972e-05,1: None-->9out,26: None-->13out
,6,1.318386694733163e-11,1: None-->9out,26: None-->13out
0.3600000000000002,0,0.03887199313527208,1: None-->9out,5: out,24: out,26: None-->13out
,1,134.89131886032706,1: None-->13out,5: None-->13,24: None-->13out,26: None-->13out
,2,nan,1: None-->9out,5: out,24: None-->13,26: None-->13
,,Cutback
0.3550000000000002,0,0.014311448101359656,1: None-->9out,5: out,24: out,26: None-->13out
,1,157.9139312162821,1: None-->9out,5: None-->13,24: None-->13out,25: out,26: None-->13out,27: 17-->13
,2,nan,1: None-->9out,5: out,24: None-->9out,25: None-->13out,26: None-->13out
,,Cutback
0.3525000000000002,0,0.004148071689337919,1: None-->9out,26: None-->13out
,1,3.807459272774281e-06,1: None-->9out,26: None-->13out
,2,3.425564276002949e-06,1: None-->9out,26: None-->13out
,3,1.5742722851631383e-11,1: None-->9out,26: None-->13out
,,RedoPen
0.3525000000000002,0,0.004162272218879459,1: None-->9out,26: None-->13out
,1,3.569157308925342e-06,1: None-->9out,26: None-->13out
,2,3.2112901216178005e-06,1: None-->9out,26: None-->13out
,3,1.3416322103834414e-11,1: None-->9out,26: None-->13out
0.3550000000000002,0,0.00566472136790609,1: None-->9out,26: None-->13out
,1,6.730228789535428e-06,1: None-->9out,26: None-->13out
,2,1.6359752536902168e-05,1: None-->9out,26: None-->13out
,3,4.401723625178868e-10,1: None-->9out,26: None-->13out
,4,4.1377378050721606e-14,1: None-->9out,26: None-->13out
,,RedoPen
0.3550000000000002,0,0.00566472136790609,1: None-->9out,26: None-->13out
,1,6.730228789535428e-06,1: None-->9out,26: None-->13out
,2,1.6359752536902168e-05,1: None-->9out,26: None-->13out
,3,4.401723625178868e-10,1: None-->9out,26: None-->13out
,4,4.1377378050721606e-14,1: None-->9out,26: None-->13out
,,RedoPen
0.3550000000000002,0,0.004728239175013568,1: None-->9out,26: None-->13out
,1,3.608142789471826e-05,1: None-->9out,26: None-->13out
,2,6.60434482744228e-05,1: None-->9out,26: None-->13out
,3,1.8527633121105165e-08,1: None-->9out,26: None-->13out
,4,6.356364856430403e-12,1: None-->9out,26: None-->13out
0.3600000000000002,0,0.019399388104194677,1: None-->9out,5: out,24: out,26: None-->13out
,1,4.925458704518949,1: None-->9out,24: None-->13out,25: out,26: None-->13out,27: 17-->13
,2,nan,1: None-->9out,5: None-->17out,24: None-->9out,25: None-->13out,26: None-->13out
,,Cutback
0.3575000000000002,0,0.00904231788652824,1: None-->9out,26: None-->13out
,1,1.0310719068422593e-05,1: None-->9out,26: None-->13out
,2,0.00011668094814188896,1: None-->9out,26: None-->13out
,3,2.6272431405721374e-08,1: None-->9out,26: None-->13out
,4,5.258289987225431e-11,1: None-->9out,26: None-->13out
,,RedoPen
0.3575000000000002,0,0.012436100647866261,1: None-->9out,5: out,26: None-->13out
,1,10.03196954981997,1: None-->9out,24: out,25: out,26: None-->13out,27: 17-->13
,2,nan,1: None-->9out,24: None-->9out,25: None-->13out,26: None-->13out
,,Cutback
0.3562500000000002,0,0.004037243846962064,1: None-->9out,26: None-->13out
,1,2.478234808625119e-05,1: None-->9out,26: None-->13out
,2,4.094810784627682e-05,1: None-->9out,26: None-->13out
,3,1.409457759615038e-10,1: None-->9out,26: None-->13out
,4,2.4390756245797942e-14,1: None-->9out,26: None-->13out
0.35750000000000015,0,0.0032703813916075777,1: None-->9out,26: None-->13out
,1,4.706239133135736e-06,1: None-->9out,26: None-->13out
,2,7.30610517792891e-06,1: None-->9out,26: None-->13out
,3,1.529091122393102e-10,1: None-->9out,26: None-->13out
,4,3.8040119057302274e-14,1: None-->9out,26: None-->13out
0.36000000000000015,0,0.012431362385937903,1: None-->9out,5: out,26: None-->13out
,1,11.868520450531838,1: None-->9out,24: out,25: out,26: None-->13out,27: 17-->13
,2,nan,1: None-->9out,24: None-->9out,25: None-->13out,26: None-->13out
,,Cutback
0.3587500000000001,0,0.004897926178917771,1: None-->9out,26: None-->13out
,1,6.921840444771955e-06,1: None-->9out,26: None-->13out
,2,4.01343257052672e-05,1: None-->9out,26: None-->13out
,3,5.251365980860071e-09,1: None-->9out,26: None-->13out
,4,2.158523577346421e-12,1: None-->9out,26: None-->13out
,,RedoPen
0.3587500000000001,0,0.003650775199201775,1: None-->9out,26: None-->13out
,1,4.2410493958522775e-05,1: None-->9out,26: None-->13out
,2,0.00013456403524208274,1: None-->9out,26: None-->13out
,3,1.5773359058932894e-07,1: None-->9out,26: None-->13out
,4,7.29151189118888e-10,1: None-->9out,26: None-->13out
,5,2.4242202114402174e-14,1: None-->9out,26: None-->13out
0.3600000000000001,0,0.00888091144728698,1: None-->9out,26: None-->13out
,1,8.595565658230447e-06,1: None-->9out,26: None-->13out
,2,0.0003914719732241524,1: None-->9out,26: None-->13out
,3,4.752945363274595e-07,1: None-->9out,26: None-->13out
,4,5.158513462720422e-08,1: None-->9out,26: None-->13out
,5,1.5092408802044592e-14,1: None-->9out,26: None-->13out
0.3700000000000001,0,0.3158080227575453,1: None-->9,5: out,24: out,26: None-->17
,1,111.77501762665447,1: 9-->13out,5: None-->17,24: None-->13out
,2,nan,1: None-->9out,5: out,24: None-->13,26: 17-->13
,,Cutback
0.3650000000000001,0,0.09408998730317636,1: None-->9,5: out,24: out,26: None-->13out
,1,122.52779836891895,1: 9-->13out,5: None-->17,24: None-->13out,26: None-->17out
,2,nan,1: None-->9out,5: out,24: None-->13,26: None-->13
,,Cutback
0.3625000000000001,0,0.02718330596997135,1: None-->9,5: out,24: out,26: None-->13out
,1,3.717384972899935,1: out,24: None-->13out,25: out,26: None-->13out,27: 17-->13
,2,nan,1: None-->9out,5: None-->17out,24: None-->9out,25: None-->13out,26: None-->13out
,,Cutback
0.36125000000000007,0,0.012248182381815971,1: None-->9out,5: out,26: None-->13out
,1,14.65992775774897,1: None-->9out,24: out,26: None-->13out,27: 17-->13
,2,nan,1: None-->9out,24: None-->9out,25: out,26: None-->13out
,,Cutback
0.3606250000000001,0,0.006499854242367893,1: None-->9out,26: None-->13out
,1,6.57985954122799e-06,1: None-->9out,26: None-->13out
,2,0.0005432431189331232,1: None-->9out,26: None-->13out
,3,1.3541354227796295e-06,1: None-->9out,26: None-->13out
,4,1.1486789385282453e-06,1: None-->9out,26: None-->13out
,5,4.4275161302191476e-11,1: None-->9out,26: None-->13out
,,RedoPen
0.3606250000000001,0,0.0039869069152559545,1: None-->9out,26: None-->13out
,1,4.089690304190031e-05,1: None-->9out,26: None-->13out
,2,0.0010138322300481213,1: None-->9out,26: None-->13out
,3,4.57846821317995e-06,1: None-->9out,26: None-->13out
,4,1.2578776785965194e-05,1: None-->9out,26: None-->13out
,5,5.030767896685318e-09,1: None-->9out,26: None-->13out
,6,2.2944677559030152e-12,1: None-->9out,26: None-->13out
0.36125000000000007,0,0.012036721547440206,1: None-->9,5: out,26: None-->13out
,1,15.16334788291056,1: out,24: out,25: out,26: None-->13out,27: 17-->13
,2,nan,1: None-->9out,24: None-->9out,25: None-->13out,26: None-->13out
,,Cutback
0.3609375000000001,0,0.006823544290225496,1: None-->9out,26: None-->13out
,1,8.749701563296805e-06,1: None-->9out,25: out,26: None-->13out
,2,0.006923793573479077,1: None-->9,25: None-->13out,26: None-->13out
,3,1.1808297315358513e-05,25: None-->13out,26: None-->13out
,4,0.0009545106872942679,25: None-->13out,26: None-->13out
,5,4.908099421204238e-07,25: None-->13out,26: None-->13out
,6,6.117250537236903e-07,25: None-->13out,26: None-->13out
,7,2.8627363067637168e-12,25: None-->13out,26: None-->13out
0.36125000000000007,0,0.005545988032343716,25: None-->13out,26: None-->13out
,1,3.5242456484397703e-06,25: None-->13out,26: None-->13out
,2,0.00037022038271403336,25: None-->13out,26: None-->13out
,3,6.210204545308231e-07,25: None-->13out,26: None-->13out
,4,4.0567290874849863e-07,25: None-->13out,26: None-->13out
,5,5.125104137043966e-12,25: None-->13out,26: None-->13out
0.36250000000000004,0,0.04614973335887755,5: out,24: out,25: None-->13out,26: None-->17out
,1,126.46776531315506,1: out,5: None-->17,24: None-->13out,25: None-->13out,26: None-->13out
,2,0.6884974912093416,1: None-->9out,5: out,24: None-->13out,25: None-->13,26: None-->13
,3,3.826507838484184,1: None-->9out,5: None-->17,24: None-->13
,4,0.12907099515368584,1: None-->9,24: out,26: out,27: out
,5,0.10477559672115766,1: out,24: None-->13,25: out,26: None-->13out,27: None-->17out
,6,0.6322826395563659,1: None-->9,24: out,25: None-->13out,26: None-->13out,27: None-->17out
,7,0.006318225877462409,1: out,24: None-->13out,25: None-->13out,26: None-->13out,27: None-->17out
,8,0.6527715149558571,1: None-->9out,24: None-->13out,25: None-->13out,26: None-->13out,27: None-->17out
,9,0.001457777600945616,1: None-->9out,24: None-->13out,25: None-->13out,26: None-->13out,27: None-->17out
,10,0.5387312080491937,1: None-->9out,24: None-->13out,25: None-->13out,26: None-->13out,27: None-->17out
,11,0.0007241723367247781,1: None-->9out,24: None-->9out,25: None-->13out,26: None-->13out,27: None-->17out
,12,2.7912137327539375,1: None-->9out,24: None-->13out,25: None-->13out,26: None-->13out,27: None-->13out
,13,0.007962832425338975,1: None-->9out,24: None-->13out,25: None-->13out,26: None-->13out,27: None-->17out
,14,0.05933051137841835,1: None-->9out,24: None-->13out,25: None-->13out,26: None-->13out,27: None-->17out
,15,47.300704726636056,1: None-->9out,5: None-->17,24: None-->13,25: None-->13out,26: None-->13,27: None-->17
,16,0.0559098954823619,1: None-->9out,24: out,25: None-->13,27: out
,17,0.013233992373783147,1: None-->9out,24: None-->13out,25: out,26: out,27: None-->17out
,18,0.07466663244338763,1: None-->9out,24: None-->13out,25: None-->13out,26: None-->13out,27: None-->17out
,19,0.01058661788736262,1: None-->9out,24: None-->13out,25: None-->13out,26: None-->13out,27: None-->17out
,20,0.1568427630202856,1: None-->9out,24: None-->13out,25: None-->13out,26: None-->13out,27: None-->17out
,21,0.0025376030578488,1: None-->9out,24: None-->13out,25: None-->13out,26: None-->13out,27: None-->17out
,22,0.38023052853757944,1: None-->9out,24: None-->13out,25: None-->13out,26: None-->13out,27: None-->17out
,23,0.0006883564356311517,1: None-->9out,24: None-->13out,25: None-->13out,26: None-->13out,27: None-->17out
,24,nan,1: None-->9out,24: None-->13out,25: None-->13out,26: None-->13out,27: None-->17out
,,Cutback
0.36187500000000006,0,0.015513494732594358,5: out,25: None-->13out,26: None-->13out
,1,10.637136252363195,1: out,24: out,25: None-->13out,26: None-->13out,27: 17-->13
,2,nan,1: None-->9out,24: None-->9out,25: None-->13out,26: None-->13out
,,Cutback
0.36156250000000006,0,0.010382869504254322,5: out,25: None-->13out,26: None-->13out
,1,21.40766130800102,1: out,24: out,25: None-->13out,26: None-->13out,27: 17-->13
,2,nan,1: None-->9out,24: None-->9out,25: None-->13out,26: None-->13out
,,Cutback
0.3614062500000001,0,0.004891777965654385,25: None-->13out,26: None-->13out
,1,2.8234407348878575e-06,25: None-->13out,26: None-->13out
,2,0.0014741606428166456,25: None-->13out,26: None-->13out
,3,2.0396111350394855e-06,25: None-->13out,26: None-->13out
,4,0.000537917065393001,25: None-->13out,26: None-->13out
,5,2.0341475788284505e-06,25: None-->13out,26: None-->13out
,6,0.0013476572862713698,25: None-->13out,26: None-->13out
,7,2.2595456408311533e-06,25: None-->13out,26: None-->13out
,8,0.0006083213381238943,25: None-->13out,26: None-->13out
,9,1.6820852255652342e-06,25: None-->13out,26: None-->13out
,10,0.0014972781222659744,25: None-->13out,26: None-->13out
,11,1.635048978225954e-06,25: None-->13out,26: None-->13out
,12,0.0005188849100354135,25: None-->13out,26: None-->13out
,13,2.014770795037916e-06,25: None-->13out,26: None-->13out
,14,0.002174394671632391,25: None-->13out,26: None-->13out
,15,2.1680307843982695e-06,25: None-->13out,26: None-->13out
,16,0.0007981656204365476,25: None-->13out,26: None-->13out
,17,1.7629549029501168e-06,25: None-->13out,26: None-->13out
,18,0.0006219356151456291,25: None-->13out,26: None-->13out
,19,1.5657358326165043e-06,25: None-->13out,26: None-->13out
,20,0.0012733307427344126,25: None-->13out,26: None-->13out
,21,2.2284747318101716e-06,25: None-->13out,26: None-->13out
,22,0.0005917347300757812,25: None-->13out,26: None-->13out
,23,1.6708913574034268e-06,25: None-->13out,26: None-->13out
,24,0.0019846669648715537,25: None-->13out,26: None-->13out
,25,1.6853851220280531e-06,25: None-->13out,26: None-->13out
,26,0.0006057904782873507,25: None-->13out,26: None-->13out
,27,1.95650204247846e-06,25: None-->13out,26: None-->13out
,28,0.0007916936743893062,25: None-->13out,26: None-->13out
,29,2.3426095928457894e-06,25: None-->13out,26: None-->13out
,30,0.0005783460030455668,25: None-->13out,26: None-->13out
,31,1.538417297461748e-06,25: None-->13out,26: None-->13out
,32,0.004650157099167111,25: None-->13out,26: None-->13out
,33,2.0891073516860392e-06,25: None-->13out,26: None-->13out
,34,0.0014379001507111972,25: None-->13out,26: None-->13out
,35,1.7806340240535978e-06,25: None-->13out,26: None-->13out
,36,0.0005865873449828502,25: None-->13out,26: None-->13out
,37,1.7244022940864474e-06,25: None-->13out,26: None-->13out
,38,0.0018522471249520734,25: None-->13out,26: None-->13out
,39,1.6693938043514052e-06,25: None-->13out,26: None-->13out
,40,0.0005800171119680613,25: None-->13out,26: None-->13out
,41,1.967039228453311e-06,25: None-->13out,26: None-->13out
,42,0.0009341689868361857,25: None-->13out,26: None-->13out
,43,2.321511845608939e-06,25: None-->13out,26: None-->13out
,44,0.0005581990967097083,25: None-->13out,26: None-->13out
,45,1.583383523771454e-06,25: None-->13out,26: None-->13out
,46,0.16800870559654663,1: out,5: out,24: out,25: None-->13,26: None-->13out
,47,157.17630675615547,1: None-->13,5: None-->17,24: None-->13,26: None-->17
,48,nan,1: 13-->9out,5: out,26: 17-->13
,,Cutback
0.36132812500000006,0,0.001212842601062101,25: None-->13out,26: None-->13out
,1,1.8846382840986915e-06,25: None-->13out,26: None-->13out
,2,2.5561201331000853e-05,25: None-->13out,26: None-->13out
,3,2.05999894187256e-08,25: None-->13out,26: None-->13out
,4,1.4152198140850893e-10,25: None-->13out,26: None-->13out
,5,4.545205348034822e-14,25: None-->13out,26: None-->13out
,,RedoPen
0.36132812500000006,0,0.0005059810750772748,25: None-->13out,26: None-->13out
,1,3.785197656553561e-05,25: None-->13out,26: None-->13out
,2,6.607574016174768e-05,25: None-->13out,26: None-->13out
,3,1.0832536973300664e-06,25: None-->13out,26: None-->13out
,4,4.733028392572214e-08,25: None-->13out,26: None-->13out
,5,9.687796879816664e-13,25: None-->13out,26: None-->13out
0.36140625000000004,0,0.0024705571756673175,25: None-->13out,26: None-->13out
,1,2.333819275663697e-06,25: None-->13out,26: None-->13out
,2,0.000572702330600748,25: None-->13out,26: None-->13out
,3,1.7590573687043125e-06,25: None-->13out,26: None-->13out
,4,8.489140106072169e-05,25: None-->13out,26: None-->13out
,5,9.374996272965766e-07,25: None-->13out,26: None-->13out
,6,2.4873386549968575e-06,25: None-->13out,26: None-->13out
,7,9.76224092893126e-09,25: None-->13out,26: None-->13out
,8,3.01087879109694e-11,25: None-->13out,26: None-->13out
0.36156250000000006,0,0.06077786242089462,5: out,24: out,25: None-->13out,26: None-->17out
,1,115.32713708882122,1: out,5: None-->17,24: None-->13out,25: None-->13out,26: None-->13out
,2,0.37286613057829066,1: None-->9out,5: out,24: None-->13out,25: None-->13,26: None-->13
,3,2.844225501498601,1: None-->9out,5: None-->17,24: None-->13
,4,0.063335271526948,1: None-->9out,24: out,26: out,27: out
,5,0.02828685296826713,1: None-->9out,24: None-->13out,25: out,26: None-->13out,27: None-->17out
,6,0.008190726011577361,1: None-->9out,24: None-->13out,25: None-->13out,26: None-->13out,27: None-->17out
,7,0.04977143417998113,1: None-->9out,24: None-->13out,25: None-->13out,26: None-->13out,27: None-->17out
,8,0.01250569346599761,1: None-->9out,24: None-->13out,25: None-->13out,26: None-->13out,27: None-->17out
,9,0.08998936727617142,1: None-->9out,24: None-->13out,25: None-->13out,26: None-->13out,27: None-->17out
,10,0.006067678661128637,1: None-->9out,24: None-->9out,25: None-->13out,26: None-->13out,27: None-->17out
,11,1.8939600531406924,1: None-->9out,24: None-->9out,25: None-->13out,26: None-->13out,27: None-->13
,12,0.0021649117292228404,1: None-->9out,24: None-->9out,25: None-->13out,26: None-->13out
,13,2.4377396825843576,1: None-->9out,24: None-->13,25: None-->13,26: None-->13,27: 13-->17
,14,0.0004379383641740611,1: None-->9out,26: out
,15,0.06882602738583882,1: None-->9out,5: out,24: out,26: None-->13out
,16,137.00067110724552,1: None-->13,5: None-->17,24: None-->13,26: None-->17out
,17,nan,1: 13-->9out,5: out,26: None-->13
,,Cutback
0.361484375,0,0.018890922373408184,5: out,25: None-->13out,26: None-->13out
,1,9.553694227978777,1: out,24: out,25: None-->13out,26: None-->13out,27: 17-->13
,2,nan,1: None-->9out,24: None-->9out,25: None-->13out,26: None-->13out
,,Cutback
0.36144531250000006,0,0.01055722824483405,5: out,25: None-->13out,26: None-->13out
,1,21.51639346338651,1: out,24: out,25: None-->13out,26: None-->13out,27: 17-->13
,2,nan,1: None-->9out,24: None-->9out,25: None-->13out,26: None-->13out
,,Cutback
0.36142578125,0,0.007397937731244692,25: None-->13out,26: None-->13out
,1,2.21887919852114e-06,25: None-->13out,26: None-->13out
,2,0.0031001412691140143,25: None-->13out,26: None-->13out
,3,1.7391586136976258e-06,25: None-->13out,26: None-->13out
,4,0.007896145413488879,25: None-->13out,26: None-->13out
,5,2.1542387001168044e-06,25: None-->13out,26: None-->13out
,6,0.002773261576411845,25: None-->13out,26: None-->13out
,7,2.1090647718993818e-06,25: None-->13out,26: None-->13out
,8,0.007877928289454198,25: None-->13out,26: None-->13out
,9,2.255595397029875e-06,25: None-->13out,26: None-->13out
,10,0.003202424171970888,25: None-->13out,26: None-->13out
,11,1.739797595428657e-06,25: None-->13out,26: None-->13out
,12,0.006300448720456741,25: None-->13out,26: None-->13out
,13,2.0111346907797603e-06,25: None-->13out,26: None-->13out
,14,0.0025637208014104703,25: None-->13out,26: None-->13out
,15,2.1005929615250436e-06,25: None-->13out,26: None-->13out
,16,0.011460561174376771,5: out,25: None-->13out,26: None-->13out
,17,18.307632448311068,1: out,24: out,25: None-->13out,26: None-->13out,27: 17-->13
,18,nan,1: None-->9out,24: None-->9out,25: None-->13out,26: None-->13out
,,Cutback
0.36141601562500003,0,0.0018321409385649704,25: None-->13out,26: None-->13out
,1,2.083045817451413e-06,25: None-->13out,26: None-->13out
,2,0.0013288309058554475,25: None-->13out,26: None-->13out
,3,1.6446444234571786e-06,25: None-->13out,26: None-->13out
,4,0.005953706504435085,25: None-->13out,26: None-->13out
,5,2.1259851915331486e-06,25: None-->13out,26: None-->13out
,6,0.00202391124857569,25: None-->13out,26: None-->13out
,7,1.738350493576081e-06,25: None-->13out,26: None-->13out
,8,0.0013118388183757876,25: None-->13out,26: None-->13out
,9,1.669245847958686e-06,25: None-->13out,26: None-->13out
,10,0.0065844061384076474,25: None-->13out,26: None-->13out
,11,2.1522450806197083e-06,25: None-->13out,26: None-->13out
,12,0.002186094945454692,25: None-->13out,26: None-->13out
,13,1.7374109166799964e-06,25: None-->13out,26: None-->13out
,14,0.0012691350503964453,25: None-->13out,26: None-->13out
,15,1.6782493870507828e-06,25: None-->13out,26: None-->13out
,16,0.010062946759985555,5: out,25: None-->13out,26: None-->13out
,17,24.637783840361692,1: out,24: out,25: None-->13out,26: None-->13,27: 17-->13
,18,nan,1: None-->9out,24: None-->9out,25: None-->13out,26: out
,,Cutback
0.36141113281250004,0,0.0004558811725330348,25: None-->13out,26: None-->13out
,1,2.063972290990158e-06,25: None-->13out,26: None-->13out
,2,0.00213436472741499,25: None-->13out,26: None-->13out
,3,1.6684159240222337e-06,25: None-->13out,26: None-->13out
,4,0.0006057880651253367,25: None-->13out,26: None-->13out
,5,1.910343089332458e-06,25: None-->13out,26: None-->13out
,6,0.0005063066138112874,25: None-->13out,26: None-->13out
,7,2.35749830378924e-06,25: None-->13out,26: None-->13out
,8,0.0007625197705276301,25: None-->13out,26: None-->13out
,9,1.4823615234157376e-06,25: None-->13out,26: None-->13out
,10,0.00046028243824921487,25: None-->13out,26: None-->13out
,11,2.250220943351578e-06,25: None-->13out,26: None-->13out
,12,0.0012977750443153462,25: None-->13out,26: None-->13out
,13,1.5633083840663344e-06,25: None-->13out,26: None-->13out
,14,0.00044749780405142016,25: None-->13out,26: None-->13out
,15,2.0023606920742994e-06,25: None-->13out,26: None-->13out
,16,0.0021831098772468202,25: None-->13out,26: None-->13out
,17,2.1564294324700464e-06,25: None-->13out,26: None-->13out
,18,0.000772520145586698,25: None-->13out,26: None-->13out
,19,1.7700395746802585e-06,25: None-->13out,26: None-->13out
,20,0.0005003402671155872,25: None-->13out,26: None-->13out
,21,1.564507167154921e-06,25: None-->13out,26: None-->13out
,22,0.0032529897077180833,25: None-->13out,26: None-->13out
,23,2.0824218369654365e-06,25: None-->13out,26: None-->13out
,24,0.0010462747166695488,25: None-->13out,26: None-->13out
,25,1.7870284538897126e-06,25: None-->13out,26: None-->13out
,26,0.0004850694298708861,25: None-->13out,26: None-->13out
,27,1.6595429426058993e-06,25: None-->13out,26: None-->13out
,28,0.006137952113962804,25: None-->13out,26: None-->13out
,29,2.0250249048959684e-06,25: None-->13out,26: None-->13out
,30,0.0015114180470508633,25: None-->13out,26: None-->13out
,31,1.970876224747206e-06,25: None-->13out,26: None-->13out
,32,0.0005087391561380089,25: None-->13out,26: None-->13out
,33,1.9793965623323593e-06,25: None-->13out,26: None-->13out
,34,0.0007541848974941535,25: None-->13out,26: None-->13out
,35,2.3620923573084093e-06,25: None-->13out,26: None-->13out
,36,0.0004920822566819069,25: None-->13out,26: None-->13out
,37,1.5344137139264539e-06,25: None-->13out,26: None-->13out
,38,0.010709949736004113,5: out,25: None-->13out,26: None-->13out
,39,20.74488873539039,1: out,24: out,25: None-->13out,26: None-->13out,27: 17-->13
,40,nan,1: None-->9out,24: None-->9out,25: None-->13out,26: None-->13out
,,Cutback
0.36140869140625004,0,0.00011370191988148297,25: None-->13out,26: None-->13out
,1,1.4887265232707981e-06,25: None-->13out,26: None-->13out
,2,8.382426365928104e-05,25: None-->13out,26: None-->13out
,3,3.1281384245778702e-06,25: None-->13out,26: None-->13out
,4,0.00013947263203463697,25: None-->13out,26: None-->13out
,5,9.77438818685003e-07,25: None-->13out,26: None-->13out
,6,9.155938999504618e-05,25: None-->13out,26: None-->13out
,7,2.9146849851325355e-06,25: None-->13out,26: None-->13out
,8,0.00012393868853471083,25: None-->13out,26: None-->13out
,9,1.000327465817491e-06,25: None-->13out,26: None-->13out
,10,0.00012115530148787858,25: None-->13out,26: None-->13out
,11,3.0287333657554036e-06,25: None-->13out,26: None-->13out
,12,0.00010085673830501575,25: None-->13out,26: None-->13out
,13,1.0654588624304256e-06,25: None-->13out,26: None-->13out
,14,0.008476725314850381,25: None-->13out,26: None-->13out
,15,2.223914691570859e-06,25: None-->13out,26: None-->13out
,16,0.0023274835964878296,25: None-->13out,26: None-->13out
,17,1.7446730883369577e-06,25: None-->13out,26: None-->13out
,18,0.0006162010310528773,25: None-->13out,26: None-->13out
,19,1.933912251287441e-06,25: None-->13out,26: None-->13out
,20,0.0001936616563441322,25: None-->13out,26: None-->13out
,21,1.958601404066542e-06,25: None-->13out,26: None-->13out
,22,9.356184607851246e-05,25: None-->13out,26: None-->13out
,23,1.4642253582336676e-06,25: None-->13out,26: None-->13out
,24,0.00038918648331003183,25: None-->13out,26: None-->13out
,25,1.3561898971562673e-06,25: None-->13out,26: None-->13out
,26,0.0001005027514306045,25: None-->13out,26: None-->13out
,27,1.7142162565767934e-06,25: None-->13out,26: None-->13out
,28,8.92955026762667e-05,25: None-->13out,26: None-->13out
,29,3.3270703138061366e-06,25: None-->13out,26: None-->13out
,30,0.00012338603202310456,25: None-->13out,26: None-->13out
,31,9.474015311219452e-07,25: None-->13out,26: None-->13out
,32,0.00014062861466138067,25: None-->13out,26: None-->13out
,33,2.989555955247318e-06,25: None-->13out,26: None-->13out
,34,9.942574576999246e-05,25: None-->13out,26: None-->13out
,35,1.1436012540700075e-06,25: None-->13out,26: None-->13out
,36,0.0019137547417960236,25: None-->13out,26: None-->13out
,37,1.6905894560566782e-06,25: None-->13out,26: None-->13out
,38,0.0004425812829622931,25: None-->13out,26: None-->13out
,39,1.751873495061652e-06,25: None-->13out,26: None-->13out
,40,0.00012061147163459406,25: None-->13out,26: None-->13out
,41,1.7311746516464252e-06,25: None-->13out,26: None-->13out
,42,7.049640663577954e-05,25: None-->13out,26: None-->13out
,43,2.9402016196303516e-06,25: None-->13out,26: None-->13out
,44,0.00028656684012978565,25: None-->13out,26: None-->13out
,45,1.1382777443362836e-06,25: None-->13out,26: None-->13out
,46,7.921258484113364e-05,25: None-->13out,26: None-->13out
,47,1.844098804265528e-06,25: None-->13out,26: None-->13out
,48,0.0002618330847925881,25: None-->13out,26: None-->13out
,49,2.9975964842097853e-06,25: None-->13out,26: None-->13out
,50,0.00012659010746806095,25: None-->13out,26: None-->13out
,51,1.479367437096249e-06,25: None-->13out,26: None-->13out
,52,0.00010612337570160549,25: None-->13out,26: None-->13out
,53,1.2198616801547109e-06,25: None-->13out,26: None-->13out
,54,0.00014911180437022923,25: None-->13out,26: None-->13out
,55,3.0856299316147846e-06,25: None-->13out,26: None-->13out
,56,0.00010098805988620535,25: None-->13out,26: None-->13out
,57,1.1627049697529905e-06,25: None-->13out,26: None-->13out
,58,0.0007379434064593124,25: None-->13out,26: None-->13out
,59,1.5076117507529117e-06,25: None-->13out,26: None-->13out
,60,0.00017565262317830404,25: None-->13out,26: None-->13out
,61,1.6602011690651948e-06,25: None-->13out,26: None-->13out
,62,6.813297195732066e-05,25: None-->13out,26: None-->13out
,63,2.266801400956387e-06,25: None-->13out,26: None-->13out
,64,0.005974414140226952,25: None-->13out,26: None-->13out
,65,2.1326474071913996e-06,25: None-->13out,26: None-->13out
,66,0.0016750873119107366,25: None-->13out,26: None-->13out
,67,1.77577004632385e-06,25: None-->13out,26: None-->13out
,68,0.0004554080284116676,25: None-->13out,26: None-->13out
,69,1.9676243546884693e-06,25: None-->13out,26: None-->13out
,70,0.00015323376722676204,25: None-->13out,26: None-->13out
,71,1.8949314031114589e-06,25: None-->13out,26: None-->13out
,72,9.103978016012238e-05,25: None-->13out,26: None-->13out
,73,1.3081138420804356e-06,25: None-->13out,26: None-->13out
,74,0.18030367105342468,1: out,5: out,24: out,25: None-->13,26: None-->13out
,75,155.28720203175448,1: None-->13,5: None-->17,24: None-->13,26: None-->17
,76,nan,1: 13-->9out,5: out,26: 17-->13
,,Cutback
0.36140747070312507,0,2.8391995725065476e-05,25: None-->13out,26: None-->13out
,1,4.358849591349337e-07,25: None-->13out,26: None-->13out
,2,3.9425167371207197e-07,25: None-->13out,26: None-->13out
,3,7.96982173292323e-10,25: None-->13out,26: None-->13out
,4,1.7265229816637185e-13,25: None-->13out,26: None-->13out
0.3614086914062501,0,7.804604806793133e-05,25: None-->13out,26: None-->13out
,1,1.7475998866310732e-06,25: None-->13out,26: None-->13out
,2,0.002507626411360243,25: None-->13out,26: None-->13out
,3,2.1207884242092582e-06,25: None-->13out,26: None-->13out
,4,0.0007342766429077312,25: None-->13out,26: None-->13out
,5,1.86519805660582e-06,25: None-->13out,26: None-->13out
,6,0.00022077686560818528,25: None-->13out,26: None-->13out
,7,1.988690702901236e-06,25: None-->13out,26: None-->13out
,8,9.827776558891058e-05,25: None-->13out,26: None-->13out
,9,1.5496040266595784e-06,25: None-->13out,26: None-->13out
,10,0.0002070461941362392,25: None-->13out,26: None-->13out
,11,1.230655709051917e-06,25: None-->13out,26: None-->13out
,12,7.048160109397283e-05,25: None-->13out,26: None-->13out
,13,2.1258596301394446e-06,25: None-->13out,26: None-->13out
,14,0.007160892966011593,25: None-->13out,26: None-->13out
,15,2.1783310868269937e-06,25: None-->13out,26: None-->13out
,16,0.001992570526418307,25: None-->13out,26: None-->13out
,17,1.7578378201582422e-06,25: None-->13out,26: None-->13out
,18,0.0005337309000896126,25: None-->13out,26: None-->13out
,19,1.9508732684526373e-06,25: None-->13out,26: None-->13out
,20,0.00017287985855807383,25: None-->13out,26: None-->13out
,21,1.9336090506999215e-06,25: None-->13out,26: None-->13out
,22,9.127057463884165e-05,25: None-->13out,26: None-->13out
,23,1.3874548148196999e-06,25: None-->13out,26: None-->13out
,24,0.0011421191037577242,25: None-->13out,26: None-->13out
,25,1.5744403637987016e-06,25: None-->13out,26: None-->13out
,26,0.0002650727018587735,25: None-->13out,26: None-->13out
,27,1.6872346824383863e-06,25: None-->13out,26: None-->13out
,28,8.23273053972455e-05,25: None-->13out,26: None-->13out
,29,1.8961061606461513e-06,25: None-->13out,26: None-->13out
,30,0.00015146289806923326,25: None-->13out,26: None-->13out
,31,3.3589219519909403e-06,25: None-->13out,26: None-->13out
,32,0.0001042045029199845,25: None-->13out,26: None-->13out
,33,1.1341073326786566e-06,25: None-->13out,26: None-->13out
,34,0.0004912599955195754,25: None-->13out,26: None-->13out
,35,1.4330902469807569e-06,25: None-->13out,26: None-->13out
,36,0.000122294716572406,25: None-->13out,26: None-->13out
,37,1.6750320497762682e-06,25: None-->13out,26: None-->13out
,38,7.10558737297197e-05,25: None-->13out,26: None-->13out
,39,2.923252531580985e-06,25: None-->13out,26: None-->13out
,40,0.00027630638496151165,25: None-->13out,26: None-->13out
,41,1.131461800063091e-06,25: None-->13out,26: None-->13out
,42,7.769620306021367e-05,25: None-->13out,26: None-->13out
,43,1.8694716434103045e-06,25: None-->13out,26: None-->13out
,44,0.0003229290440805006,25: None-->13out,26: None-->13out
,45,2.8759904449101324e-06,25: None-->13out,26: None-->13out
,46,0.00014239247778735284,25: None-->13out,26: None-->13out
,47,1.5935197372876697e-06,25: None-->13out,26: None-->13out
,48,9.325064118058747e-05,25: None-->13out,26: None-->13out
,49,1.275208219168557e-06,25: None-->13out,26: None-->13out
,50,0.0006847467167179082,25: None-->13out,26: None-->13out
,51,2.4165410066646366e-06,25: None-->13out,26: None-->13out
,52,0.00023655693855997436,25: None-->13out,26: None-->13out
,53,1.8633255945002105e-06,25: None-->13out,26: None-->13out
,54,9.901277752862148e-05,25: None-->13out,26: None-->13out
,55,1.6110685659823976e-06,25: None-->13out,26: None-->13out
,56,0.00018243646640904578,25: None-->13out,26: None-->13out
,57,1.2043673455002419e-06,25: None-->13out,26: None-->13out
,58,6.945178176099388e-05,25: None-->13out,26: None-->13out
,59,2.30571264711126e-06,25: None-->13out,26: None-->13out
,60,0.003524779673425103,25: None-->13out,26: None-->13out
,61,1.7831185657057168e-06,25: None-->13out,26: None-->13out
,62,0.0008041587396532402,25: None-->13out,26: None-->13out
,63,1.837957363286875e-06,25: None-->13out,26: None-->13out
,64,0.0002055435944945539,25: None-->13out,26: None-->13out
,65,1.7094040750194785e-06,25: None-->13out,26: None-->13out
,66,7.207294889032184e-05,25: None-->13out,26: None-->13out
,67,2.0863848479617824e-06,25: None-->13out,26: None-->13out
,68,0.000489447777683677,25: None-->13out,26: None-->13out
,69,2.688412038739379e-06,25: None-->13out,26: None-->13out
,70,0.00018850503382347332,25: None-->13out,26: None-->13out
,71,1.7572330236243386e-06,25: None-->13out,26: None-->13out
,72,9.052150508082957e-05,25: None-->13out,26: None-->13out
,73,1.4628181778959512e-06,25: None-->13out,26: None-->13out
,74,0.0006825654386075136,25: None-->13out,26: None-->13out
,75,1.4681285747267677e-06,25: None-->13out,26: None-->13out
,76,0.00016240544414268833,25: None-->13out,26: None-->13out
,77,1.655312729133903e-06,25: None-->13out,26: None-->13out
,78,6.71724812741607e-05,25: None-->13out,26: None-->13out
,79,2.3795180290721006e-06,25: None-->13out,26: None-->13out
,80,0.018801035417396847,1: out,5: out,25: None-->13out,26: None-->13out
,81,8.20242789429269,1: None-->9out,24: out,25: None-->13out,26: None-->13out,27: 17-->13
,82,nan,1: None-->9out,24: None-->9out,25: None-->13out,26: None-->13out
,,Cutback
0.3614080810546876,0,1.9492520970703415e-05,25: None-->13out,26: None-->13out
,1,5.774225231229626e-07,25: None-->13out,26: None-->13out
,2,1.1246575475293908e-06,25: None-->13out,26: None-->13out
,3,3.064333554341412e-08,25: None-->13out,26: None-->13out
,4,4.934027914459761e-10,25: None-->13out,26: None-->13out
,5,3.733677470783972e-14,25: None-->13out,26: None-->13out
0.3614086914062501,0,0.0001400998851817758,25: None-->13out,26: None-->13out
,1,2.632984414848598e-06,25: None-->13out,26: None-->13out
,2,9.645893926025276e-05,25: None-->13out,26: None-->13out
,3,1.1842472200069395e-06,25: None-->13out,26: None-->13out
,4,0.007532504529484901,25: None-->13out,26: None-->13out
,5,2.1681164992619312e-06,25: None-->13out,26: None-->13out
,6,0.001744485248508317,25: None-->13out,26: None-->13out
,7,1.9860414029640757e-06,25: None-->13out,26: None-->13out
,8,0.00043669331742421673,25: None-->13out,26: None-->13out
,9,1.7818153964446434e-06,25: None-->13out,26: None-->13out
,10,0.00012000640248580678,25: None-->13out,26: None-->13out
,11,1.7372842032221984e-06,25: None-->13out,26: None-->13out
,12,7.059867123392313e-05,25: None-->13out,26: None-->13out
,13,2.9501773279456858e-06,25: None-->13out,26: None-->13out
,14,0.00028116640115039156,25: None-->13out,26: None-->13out
,15,1.1327286831050445e-06,25: None-->13out,26: None-->13out
,16,7.83804653793613e-05,25: None-->13out,26: None-->13out
,17,1.8572012177891222e-06,25: None-->13out,26: None-->13out
,18,0.0002923982303747875,25: None-->13out,26: None-->13out
,19,2.932730332419268e-06,25: None-->13out,26: None-->13out
,20,0.00013439404553739756,25: None-->13out,26: None-->13out
,21,1.541567918649712e-06,25: None-->13out,26: None-->13out
,22,9.779742253510902e-05,25: None-->13out,26: None-->13out
,23,1.2442906336349665e-06,25: None-->13out,26: None-->13out
,24,0.00028489689847131496,25: None-->13out,26: None-->13out
,25,2.79161717423561e-06,25: None-->13out,26: None-->13out
,26,0.00012917081424022989,25: None-->13out,26: None-->13out
,27,1.5564790338349366e-06,25: None-->13out,26: None-->13out
,28,0.00010133775938876558,25: None-->13out,26: None-->13out
,29,1.224583154508217e-06,25: None-->13out,26: None-->13out
,30,0.00020659391134232445,25: None-->13out,26: None-->13out
,31,2.9469350815977187e-06,25: None-->13out,26: None-->13out
,32,0.00011049036741016892,25: None-->13out,26: None-->13out
,33,1.3655627933332176e-06,25: None-->13out,26: None-->13out
,34,0.00015693309540450919,25: None-->13out,26: None-->13out
,35,1.2199159394693677e-06,25: None-->13out,26: None-->13out
,36,7.113675718172122e-05,25: None-->13out,26: None-->13out
,37,2.561308984654498e-06,25: None-->13out,26: None-->13out
,38,0.00045380937772959056,25: None-->13out,26: None-->13out
,39,1.2844645719038742e-06,25: None-->13out,26: None-->13out
,40,0.0001107266844169581,25: None-->13out,26: None-->13out
,41,1.6710032436031895e-06,25: None-->13out,26: None-->13out
,42,7.81532654409763e-05,25: None-->13out,26: None-->13out
,43,3.1477817615585915e-06,25: None-->13out,26: None-->13out
,44,0.00016361594142392301,25: None-->13out,26: None-->13out
,45,9.958725489049594e-07,25: None-->13out,26: None-->13out
,46,7.507573630244672e-05,25: None-->13out,26: None-->13out
,47,2.5981126514304744e-06,25: None-->13out,26: None-->13out
,48,0.0002663782538874221,25: None-->13out,26: None-->13out
,49,1.157935035273259e-06,25: None-->13out,26: None-->13out
,50,7.666072264455513e-05,25: None-->13out,26: None-->13out
,51,1.8940775286054475e-06,25: None-->13out,26: None-->13out
,52,0.0003726417239085564,25: None-->13out,26: None-->13out
,53,2.798780465011314e-06,25: None-->13out,26: None-->13out
,54,0.0001557156301227277,25: None-->13out,26: None-->13out
,55,1.6606424364212975e-06,25: None-->13out,26: None-->13out
,56,8.994181962280173e-05,25: None-->13out,26: None-->13out
,57,1.3309665598766022e-06,25: None-->13out,26: None-->13out
,58,0.009875238629732785,5: out,25: None-->13out,26: None-->13out
,59,27.024157828323617,1: out,24: out,25: None-->13out,26: None-->13,27: 17-->13
,60,nan,1: None-->9out,24: None-->9out,25: None-->13out,26: out
,,Cutback
0.36140838623046884,0,3.497946718918252e-05,25: None-->13out,26: None-->13out
,1,2.679677655242648e-06,25: None-->13out,26: None-->13out
,2,6.805810555992246e-05,25: None-->13out,26: None-->13out
,3,7.782000013762215e-07,25: None-->13out,26: None-->13out
,4,3.1462712708804664e-05,25: None-->13out,26: None-->13out
,5,3.287454678586759e-06,25: None-->13out,26: None-->13out
,6,7.858751392792998e-05,25: None-->13out,26: None-->13out
,7,7.176572288907671e-07,25: None-->13out,26: None-->13out
,8,2.9409902809084987e-05,25: None-->13out,26: None-->13out
,9,2.8373880749105755e-06,25: None-->13out,26: None-->13out
,10,0.00011761473361685204,25: None-->13out,26: None-->13out
,11,8.752898388981825e-07,25: None-->13out,26: None-->13out
,12,2.9915779779896955e-05,25: None-->13out,26: None-->13out
,13,1.7938523744156805e-06,25: None-->13out,26: None-->13out
,14,0.0002919176314725945,25: None-->13out,26: None-->13out
,15,3.000674182231881e-06,25: None-->13out,26: None-->13out
,16,0.00011652861375244931,25: None-->13out,26: None-->13out
,17,1.7218659130138878e-06,25: None-->13out,26: None-->13out
,18,4.531004480231782e-05,25: None-->13out,26: None-->13out
,19,1.6660520220543895e-06,25: None-->13out,26: None-->13out
,20,5.289359261921577e-05,25: None-->13out,26: None-->13out
,21,9.22488500287494e-07,25: None-->13out,26: None-->13out
,22,4.051135157839555e-05,25: None-->13out,26: None-->13out
,23,4.082101216507346e-06,25: None-->13out,26: None-->13out
,24,5.6845507309771674e-05,25: None-->13out,26: None-->13out
,25,5.755417568696525e-07,25: None-->13out,26: None-->13out
,26,0.00016592051224532662,25: None-->13out,26: None-->13out
,27,3.0433239467900666e-06,25: None-->13out,26: None-->13out
,28,7.518962798931619e-05,25: None-->13out,26: None-->13out
,29,1.4999171325276811e-06,25: None-->13out,26: None-->13out
,30,3.783187396977411e-05,25: None-->13out,26: None-->13out
,31,1.259225637057155e-06,25: None-->13out,26: None-->13out
,32,0.0005751593640091418,25: None-->13out,26: None-->13out
,33,1.4416633352524459e-06,25: None-->13out,26: None-->13out
,34,0.00012597207677990925,25: None-->13out,26: None-->13out
,35,1.5303903336834003e-06,25: None-->13out,26: None-->13out
,36,3.480071986307553e-05,25: None-->13out,26: None-->13out
,37,1.696877558768347e-06,25: None-->13out,26: None-->13out
,38,4.585156550954453e-05,25: None-->13out,26: None-->13out
,39,5.1497598255109215e-06,25: None-->13out,26: None-->13out
,40,6.118238299776864e-05,25: None-->13out,26: None-->13out
,41,4.6668776382028295e-07,25: None-->13out,26: None-->13out
,42,0.005511787239483447,25: None-->13out,26: None-->13out
,43,2.0516729621305555e-06,25: None-->13out,26: None-->13out
,44,0.0015101317181057381,25: None-->13out,26: None-->13out
,45,1.7942305423309715e-06,25: None-->13out,26: None-->13out
,46,0.0004023205390129777,25: None-->13out,26: None-->13out
,47,2.0117803794581987e-06,25: None-->13out,26: None-->13out
,48,0.0001239366894065248,25: None-->13out,26: None-->13out
,49,2.0880300712248988e-06,25: None-->13out,26: None-->13out
,50,5.106137472398905e-05,25: None-->13out,26: None-->13out
,51,1.615506077439021e-06,25: None-->13out,26: None-->13out
,52,4.497450831029151e-05,25: None-->13out,26: None-->13out
,53,9.615835658872596e-07,25: None-->13out,26: None-->13out
,54,8.276379036039988e-05,25: None-->13out,26: None-->13out
,55,3.854990582225755e-06,25: None-->13out,26: None-->13out
,56,5.6789355941831146e-05,25: None-->13out,26: None-->13out
,57,8.886632239007565e-07,25: None-->13out,26: None-->13out
,58,5.5762180346113435e-05,25: None-->13out,26: None-->13out
,59,1.0529876891908563e-06,25: None-->13out,26: None-->13out
,60,3.1321990516343026e-05,25: None-->13out,26: None-->13out
,61,3.691631895011809e-06,25: None-->13out,26: None-->13out
,62,7.608289336548056e-05,25: None-->13out,26: None-->13out
,63,6.563868189835068e-07,25: None-->13out,26: None-->13out
,64,3.1433489961485604e-05,25: None-->13out,26: None-->13out
,65,3.1034894749708206e-06,25: None-->13out,26: None-->13out
,66,8.160946178743069e-05,25: None-->13out,26: None-->13out
,67,7.509360699149725e-07,25: None-->13out,26: None-->13out
,68,2.8518974378708862e-05,25: None-->13out,26: None-->13out
,69,2.6443131731931316e-06,25: None-->13out,26: None-->13out
,70,0.0001731925514689845,25: None-->13out,26: None-->13out
,71,1.0033632663421773e-06,25: None-->13out,26: None-->13out
,72,3.8878640057903654e-05,25: None-->13out,26: None-->13out
,73,1.5127288181244248e-06,25: None-->13out,26: None-->13out
,74,3.990456004183867e-05,25: None-->13out,26: None-->13out
,75,4.88984301599916e-06,25: None-->13out,26: None-->13out
,76,6.217133253169695e-05,25: None-->13out,26: None-->13out
,77,4.809454920819385e-07,25: None-->13out,26: None-->13out
,78,0.00018976682987561927,25: None-->13out,26: None-->13out
,79,2.918251511733197e-06,25: None-->13out,26: None-->13out
,80,8.116580521390395e-05,25: None-->13out,26: None-->13out
,81,1.6020713351555432e-06,25: None-->13out,26: None-->13out
,82,3.8698060718427385e-05,25: None-->13out,26: None-->13out
,83,1.3268875583094198e-06,25: None-->13out,26: None-->13out
,84,0.00019287969354028214,25: None-->13out,26: None-->13out
,85,1.1905245386668129e-06,25: None-->13out,26: None-->13out
,86,4.443479703186955e-05,25: None-->13out,26: None-->13out
,87,1.4979898240814588e-06,25: None-->13out,26: None-->13out
,88,3.0282120258086217e-05,25: None-->13out,26: None-->13out
,89,4.308085228367144e-06,25: None-->13out,26: None-->13out
,90,7.993620385374653e-05,25: None-->13out,26: None-->13out
,91,5.879261882301313e-07,25: None-->13out,26: None-->13out
,92,3.204429034212051e-05,25: None-->13out,26: None-->13out
,93,3.0866269253492384e-06,25: None-->13out,26: None-->13out
,94,7.768055869730287e-05,25: None-->13out,26: None-->13out
,95,7.429829657224227e-07,25: None-->13out,26: None-->13out
,96,2.9196143640972685e-05,25: None-->13out,26: None-->13out
,97,2.8293503064189716e-06,25: None-->13out,26: None-->13out
,98,0.00012300243881500445,25: None-->13out,26: None-->13out
,99,8.880806218046795e-07,25: None-->13out,26: None-->13out
,,Cutback
0.3614082336425782,0,8.73918388756927e-06,25: None-->13out,26: None-->13out
,1,1.1424651203231286e-06,25: None-->13out,26: None-->13out
,2,0.00022005570587013644,25: None-->13out,26: None-->13out
,3,3.097530293403775e-06,25: None-->13out,26: None-->13out
,4,8.58535528224244e-05,25: None-->13out,26: None-->13out
,5,1.7844078339243344e-06,25: None-->13out,26: None-->13out
,6,2.7681164149195214e-05,25: None-->13out,26: None-->13out
,7,2.4884794126810723e-06,25: None-->13out,26: None-->13out
,8,1.655518016828757e-05,25: None-->13out,26: None-->13out
,9,8.402666176494391e-07,25: None-->13out,26: None-->13out
,10,1.2470256617504396e-05,25: None-->13out,26: None-->13out
,11,7.154590810342961e-07,25: None-->13out,26: None-->13out
,12,1.9629744954805116e-05,25: None-->13out,26: None-->13out
,13,1.0178727660860091e-05,25: None-->13out,26: None-->13out
,14,7.683625059637856e-05,25: None-->13out,26: None-->13out
,15,3.570397823571726e-08,25: None-->13out,26: None-->13out
,16,1.0337555835812486e-05,25: None-->13out,26: None-->13out
,17,5.6184741580351715e-06,25: None-->13out,26: None-->13out
,18,3.8757563917776246e-05,25: None-->13out,26: None-->13out
,19,1.597089393135678e-07,25: None-->13out,26: None-->13out
,20,8.765951616543776e-06,25: None-->13out,26: None-->13out
,21,4.640434737438623e-06,25: None-->13out,26: None-->13out
,22,3.579365467790322e-05,25: None-->13out,26: None-->13out
,23,2.39340232760234e-07,25: None-->13out,26: None-->13out
,24,7.725105242528073e-06,25: None-->13out,26: None-->13out
,25,3.212685368580355e-06,25: None-->13out,26: None-->13out
,26,3.383677329434061e-05,25: None-->13out,26: None-->13out
,27,4.0520844911371645e-07,25: None-->13out,26: None-->13out
,28,7.169854298886096e-06,25: None-->13out,26: None-->13out
,29,2.0307079474416756e-06,25: None-->13out,26: None-->13out
,30,8.882789401965958e-05,25: None-->13out,26: None-->13out
,31,8.540343295453319e-07,25: None-->13out,26: None-->13out
,32,1.5976592125597565e-05,25: None-->13out,26: None-->13out
,33,1.0401177485366706e-06,25: None-->13out,26: None-->13out
,34,6.11435278983156e-06,25: None-->13out,26: None-->13out
,35,4.030672129884064e-06,25: None-->13out,26: None-->13out
,36,7.042286236310971e-05,25: None-->13out,26: None-->13out
,37,5.160865376998157e-07,25: None-->13out,26: None-->13out
,38,1.1051997852575782e-05,25: None-->13out,26: None-->13out
,39,1.01235224475937e-06,25: None-->13out,26: None-->13out
,40,9.776356198149051e-06,25: None-->13out,26: None-->13out
,41,1.549017710941259e-05,25: None-->13out,26: None-->13out
,42,0.005524605821332874,25: None-->13out,26: None-->13out
,43,1.5024394127172845e-06,25: None-->13out,26: None-->13out
,44,0.001089538979964296,25: None-->13out,26: None-->13out
,45,1.8538194839072502e-06,25: None-->13out,26: None-->13out
,46,0.0002548436944898437,25: None-->13out,26: None-->13out
,47,1.655682818786348e-06,25: None-->13out,26: None-->13out
,48,5.6939985768752737e-05,25: None-->13out,26: None-->13out
,49,1.3703737438842719e-06,25: None-->13out,26: None-->13out
,50,1.2753415930821531e-05,25: None-->13out,26: None-->13out
,51,1.172513865193535e-06,25: None-->13out,26: None-->13out
,52,6.261612019044187e-06,25: None-->13out,26: None-->13out
,53,6.88213896626619e-06,25: None-->13out,26: None-->13out
,54,0.00014324174759584328,25: None-->13out,26: None-->13out
,55,4.657138445962297e-07,25: None-->13out,26: None-->13out
,56,1.9227404838724244e-05,25: None-->13out,26: None-->13out
,57,9.62426689237881e-07,25: None-->13out,26: None-->13out
,58,6.196505837744085e-06,25: None-->13out,26: None-->13out
,59,2.8014541828974346e-06,25: None-->13out,26: None-->13out
,60,9.35020874796509e-05,25: None-->13out,26: None-->13out
,61,7.652123629018685e-07,25: None-->13out,26: None-->13out
,62,1.6041781442450205e-05,25: None-->13out,26: None-->13out
,63,1.0202315545770061e-06,25: None-->13out,26: None-->13out
,64,6.158024876469021e-06,25: None-->13out,26: None-->13out
,65,4.094979659947647e-06,25: None-->13out,26: None-->13out
,66,6.891164264088795e-05,25: None-->13out,26: None-->13out
,67,5.010846540437488e-07,25: None-->13out,26: None-->13out
,68,1.0770562847241716e-05,25: None-->13out,26: None-->13out
,69,1.0183824239731762e-06,25: None-->13out,26: None-->13out
,70,1.0557505391374164e-05,25: None-->13out,26: None-->13out
,71,1.6137646596852576e-05,25: None-->13out,26: None-->13out
,72,0.0047226577934181575,25: None-->13out,26: None-->13out
,73,1.387343294435977e-06,25: None-->13out,26: None-->13out
,74,0.0009096600027614312,25: None-->13out,26: None-->13out
,75,1.8140081986963176e-06,25: None-->13out,26: None-->13out
,76,0.00021083250768392023,25: None-->13out,26: None-->13out
,77,1.620099217147588e-06,25: None-->13out,26: None-->13out
,78,4.677117019018522e-05,25: None-->13out,26: None-->13out
,79,1.3302331233656372e-06,25: None-->13out,26: None-->13out
,80,1.0699689079962677e-05,25: None-->13out,26: None-->13out
,81,1.1997846417232095e-06,25: None-->13out,26: None-->13out
,82,7.46628874675344e-06,25: None-->13out,26: None-->13out
,83,1.3523604817302699e-05,25: None-->13out,26: None-->13out
,84,0.010786939952929906,5: out,25: None-->13out,26: None-->13out
,85,22.045806487796018,1: out,24: out,25: None-->13out,26: None-->13out,27: 17-->13
,86,nan,1: None-->9out,24: None-->9out,25: None-->13out,26: None-->13out
,,Cutback
0.3614081573486329,0,2.1840859520871417e-06,25: None-->13out,26: None-->13out
,1,1.1770111991950137e-07,25: None-->13out,26: None-->13out
,2,2.4949602168185218e-08,25: None-->13out,26: None-->13out
,3,1.0164303516789069e-10,25: None-->13out,26: None-->13out
,4,6.587293283674721e-14,25: None-->13out,26: None-->13out
0.36140823364257824,0,9.247852573186347e-06,25: None-->13out,26: None-->13out
,1,4.341977836616731e-06,25: None-->13out,26: None-->13out
,2,3.125242570502975e-05,25: None-->13out,26: None-->13out
,3,2.398441895928393e-07,25: None-->13out,26: None-->13out
,4,8.552124740119508e-06,25: None-->13out,26: None-->13out
,5,4.846181678871249e-06,25: None-->13out,26: None-->13out
,6,3.892147188207703e-05,25: None-->13out,26: None-->13out
,7,2.3869392636950947e-07,25: None-->13out,26: None-->13out
,8,7.520512504349291e-06,25: None-->13out,26: None-->13out
,9,2.5939097406185852e-06,25: None-->13out,26: None-->13out
,10,3.846930317066877e-05,25: None-->13out,26: None-->13out
,11,5.290603472293091e-07,25: None-->13out,26: None-->13out
,12,7.582087875805885e-06,25: None-->13out,26: None-->13out
,13,1.4337595644875858e-06,25: None-->13out,26: None-->13out
,14,0.000536551948484776,25: None-->13out,26: None-->13out
,15,2.5704950826303305e-06,25: None-->13out,26: None-->13out
,16,0.00017619656191775223,25: None-->13out,26: None-->13out
,17,1.9844623305181925e-06,25: None-->13out,26: None-->13out
,18,5.417918106053349e-05,25: None-->13out,26: None-->13out
,19,2.4001014957665247e-06,25: None-->13out,26: None-->13out
,20,2.3491708489323337e-05,25: None-->13out,26: None-->13out
,21,1.5635758755296105e-06,25: None-->13out,26: None-->13out
,22,1.2106088734458001e-05,25: None-->13out,26: None-->13out
,23,1.0200986103403705e-06,25: None-->13out,26: None-->13out
,24,2.2682803262734025e-05,25: None-->13out,26: None-->13out
,25,6.777936237118699e-07,25: None-->13out,26: None-->13out
,26,6.658833338837365e-06,25: None-->13out,26: None-->13out
,27,2.806348087195188e-06,25: None-->13out,26: None-->13out
,28,5.954741716521446e-05,25: None-->13out,26: None-->13out
,29,6.239317291869071e-07,25: None-->13out,26: None-->13out
,30,1.0338635906769096e-05,25: None-->13out,26: None-->13out
,31,1.0599001641790113e-06,25: None-->13out,26: None-->13out
,32,1.102326489635169e-05,25: None-->13out,26: None-->13out
,33,1.6935118313992883e-05,25: None-->13out,26: None-->13out
,34,0.007918064202123178,25: None-->13out,26: None-->13out
,35,1.7274313614714716e-06,25: None-->13out,26: None-->13out
,36,0.0015881156359982152,25: None-->13out,26: None-->13out
,37,1.9352959185031657e-06,25: None-->13out,26: None-->13out
,38,0.0003777465010058527,25: None-->13out,26: None-->13out
,39,1.7262101563851214e-06,25: None-->13out,26: None-->13out
,40,8.57674046981245e-05,25: None-->13out,26: None-->13out
,41,1.454329932867366e-06,25: None-->13out,26: None-->13out
,42,1.8832544519716736e-05,25: None-->13out,26: None-->13out
,43,1.1813932411254479e-06,25: None-->13out,26: None-->13out
,44,5.989408961171726e-06,25: None-->13out,26: None-->13out
,45,2.438303700167982e-06,25: None-->13out,26: None-->13out
,46,0.00031463371447465287,25: None-->13out,26: None-->13out
,47,1.1760032181159921e-06,25: None-->13out,26: None-->13out
,48,6.037291644380769e-05,25: None-->13out,26: None-->13out
,49,1.290778118256979e-06,25: None-->13out,26: None-->13out
,50,1.316465351079942e-05,25: None-->13out,26: None-->13out
,51,1.1501147756798408e-06,25: None-->13out,26: None-->13out
,52,6.227563272261538e-06,25: None-->13out,26: None-->13out
,53,6.355504989048259e-06,25: None-->13out,26: None-->13out
,54,0.00011874310014499009,25: None-->13out,26: None-->13out
,55,4.4558846790496863e-07,25: None-->13out,26: None-->13out
,56,1.603402728551394e-05,25: None-->13out,26: None-->13out
,57,9.497146807214537e-07,25: None-->13out,26: None-->13out
,58,6.3647745024856985e-06,25: None-->13out,26: None-->13out
,59,4.5649475302341465e-06,25: None-->13out,26: None-->13out
,60,6.623543363484403e-05,25: None-->13out,26: None-->13out
,61,4.3188756090371896e-07,25: None-->13out,26: None-->13out
,62,9.997222283577012e-06,25: None-->13out,26: None-->13out
,63,1.0396941254810433e-06,25: None-->13out,26: None-->13out
,64,1.4474779857325341e-05,25: None-->13out,26: None-->13out
,65,1.5242146524642862e-05,25: None-->13out,26: None-->13out
,66,0.00042022876566623373,25: None-->13out,26: None-->13out
,67,3.3069921492282495e-07,25: None-->13out,26: None-->13out
,68,4.4853642672534486e-05,25: None-->13out,26: None-->13out
,69,1.072805403862649e-06,25: None-->13out,26: None-->13out
,70,9.7498058882045e-06,25: None-->13out,26: None-->13out
,71,1.1789080227265443e-06,25: None-->13out,26: None-->13out
,72,9.931372533655185e-06,25: None-->13out,26: None-->13out
,73,1.87366422460003e-05,25: None-->13out,26: None-->13out
,74,0.00450273420267865,25: None-->13out,26: None-->13out
,75,2.8568500060651748e-06,25: None-->13out,26: None-->13out
,76,0.0014966087149256193,25: None-->13out,26: None-->13out
,77,1.7313412167266792e-06,25: None-->13out,26: None-->13out
,78,0.00038515369790003274,25: None-->13out,26: None-->13out
,79,2.0480903916652583e-06,25: None-->13out,26: None-->13out
,80,0.00011323774402401494,25: None-->13out,26: None-->13out
,81,2.2330466583307157e-06,25: None-->13out,26: None-->13out
,82,3.9594482781125835e-05,25: None-->13out,26: None-->13out
,83,2.160018125119657e-06,25: None-->13out,26: None-->13out
,84,1.8030673998681003e-05,25: None-->13out,26: None-->13out
,85,1.3968180107360553e-06,25: None-->13out,26: None-->13out
,86,1.158955327046879e-05,25: None-->13out,26: None-->13out
,87,7.651841155455575e-07,25: None-->13out,26: None-->13out
,88,0.000429971856625168,25: None-->13out,26: None-->13out
,89,1.419523199388084e-06,25: None-->13out,26: None-->13out
,90,8.938720099271835e-05,25: None-->13out,26: None-->13out
,91,1.4090294682901481e-06,25: None-->13out,26: None-->13out
,92,1.9346045220952807e-05,25: None-->13out,26: None-->13out
,93,1.1724057954808104e-06,25: None-->13out,26: None-->13out
,94,6.038800757209429e-06,25: None-->13out,26: None-->13out
,95,2.341976810710799e-06,25: None-->13out,26: None-->13out
,96,0.0004398417065863135,25: None-->13out,26: None-->13out
,97,1.275692409906335e-06,25: None-->13out,26: None-->13out
,98,8.713221860023944e-05,25: None-->13out,26: None-->13out
,99,1.3797195743365257e-06,25: None-->13out,26: None-->13out
,,Cutback
0.36140819549560554,0,2.311190985731606e-06,25: None-->13out,26: None-->13out
,1,9.130149160817216e-07,25: None-->13out,26: None-->13out
,2,2.486294861815296e-05,25: None-->13out,26: None-->13out
,3,6.400406672553347e-07,25: None-->13out,26: None-->13out
,4,3.893521058786375e-06,25: None-->13out,26: None-->13out
,5,6.263936731040316e-07,25: None-->13out,26: None-->13out
,6,1.8325860221292277e-06,25: None-->13out,26: None-->13out
,7,6.803891117072213e-05,25: None-->13out,26: None-->13out
,8,5.956511239992084e-06,25: None-->13out,26: None-->13out
,9,5.041725632180822e-05,25: None-->13out,26: None-->13out
,10,4.4486117002996573e-07,25: None-->13out,26: None-->13out
,11,7.3644355723718145e-06,25: None-->13out,26: None-->13out
,12,2.69582418365182e-05,25: None-->13out,26: None-->13out
,13,0.00010908254556136037,25: None-->13out,26: None-->13out
,14,4.887497253593808e-05,25: None-->13out,26: None-->13out
,15,0.0022127818551719077,25: None-->13out,26: None-->13out
,16,1.1586481352695104e-07,25: None-->13out,26: None-->13out
,17,0.00012010704233815442,25: None-->13out,26: None-->13out
,18,1.2509399604414086e-06,25: None-->13out,26: None-->13out
,19,2.3002487964894255e-05,25: None-->13out,26: None-->13out
,20,1.0491583361261934e-06,25: None-->13out,26: None-->13out
,21,4.3047394315130665e-06,25: None-->13out,26: None-->13out
,22,7.106432927663354e-07,25: None-->13out,26: None-->13out
,23,1.559456337838308e-06,25: None-->13out,26: None-->13out
,24,7.405578512409955e-06,25: None-->13out,26: None-->13out
,25,0.0008921834212626707,25: None-->13out,26: None-->13out
,26,1.1028790702898438e-06,25: None-->13out,26: None-->13out
,27,0.0001626093787754725,25: None-->13out,26: None-->13out
,28,1.466592432933278e-06,25: None-->13out,26: None-->13out
,29,3.343876700575121e-05,25: None-->13out,26: None-->13out
,30,1.1805466780740708e-06,25: None-->13out,26: None-->13out
,31,6.35814484814918e-06,25: None-->13out,26: None-->13out
,32,7.781894544585058e-07,25: None-->13out,26: None-->13out
,33,1.601258464433977e-06,25: None-->13out,26: None-->13out
,34,1.465488840683351e-06,25: None-->13out,26: None-->13out
,35,2.2886173065151132e-05,25: None-->13out,26: None-->13out
,36,5.222669882091728e-07,25: None-->13out,26: None-->13out
,37,3.3872715185707816e-06,25: None-->13out,26: None-->13out
,38,6.106715977808184e-07,25: None-->13out,26: None-->13out
,39,2.378621087949787e-06,25: None-->13out,26: None-->13out
,40,0.00045271993488748684,25: None-->13out,26: None-->13out
,41,1.2782317808723302e-06,25: None-->13out,26: None-->13out
,42,8.836106598745095e-05,25: None-->13out,26: None-->13out
,43,1.3637530022333533e-06,25: None-->13out,26: None-->13out
,44,1.7518667155266854e-05,25: None-->13out,26: None-->13out
,45,1.0117351140291999e-06,25: None-->13out,26: None-->13out
,46,3.34472690202282e-06,25: None-->13out,26: None-->13out
,47,7.003853592965416e-07,25: None-->13out,26: None-->13out
,48,1.8605039449931626e-06,25: None-->13out,26: None-->13out
,49,0.0003839440710959391,25: None-->13out,26: None-->13out
,50,2.852453290983565e-06,25: None-->13out,26: None-->13out
,51,0.0001345101991467604,25: None-->13out,26: None-->13out
,52,1.9375562333367454e-06,25: None-->13out,26: None-->13out
,53,4.029790215415749e-05,25: None-->13out,26: None-->13out
,54,2.7368559757334345e-06,25: None-->13out,26: None-->13out
,55,1.8362533323084153e-05,25: None-->13out,26: None-->13out
,56,1.496218303047675e-06,25: None-->13out,26: None-->13out
,57,6.875441842330534e-06,25: None-->13out,26: None-->13out
,58,2.9319701528307748e-06,25: None-->13out,26: None-->13out
,59,8.445700579880546e-06,25: None-->13out,26: None-->13out
,60,1.414727201294745e-07,25: None-->13out,26: None-->13out
,61,6.648246618745917e-06,25: None-->13out,26: None-->13out
,62,5.083288649575199e-07,25: None-->13out,26: None-->13out
,63,1.6977686309382707e-06,25: None-->13out,26: None-->13out
,64,2.793510527253577e-06,25: None-->13out,26: None-->13out
,65,1.553803183377269e-05,25: None-->13out,26: None-->13out
,66,2.204472445494885e-07,25: None-->13out,26: None-->13out
,67,2.094951990276503e-06,25: None-->13out,26: None-->13out
,68,1.0256700128211936e-06,25: None-->13out,26: None-->13out
,69,2.5948613400445078e-05,25: None-->13out,26: None-->13out
,70,6.317154746590479e-07,25: None-->13out,26: None-->13out
,71,4.021803774524812e-06,25: None-->13out,26: None-->13out
,72,6.249167737350544e-07,25: None-->13out,26: None-->13out
,73,1.7844275694164147e-06,25: None-->13out,26: None-->13out
,74,3.977529390526801e-05,25: None-->13out,26: None-->13out
,75,9.433547129698202e-06,25: None-->13out,26: None-->13out
,76,6.0543066682090676e-05,25: None-->13out,26: None-->13out
,77,2.5826069122108827e-08,25: None-->13out,26: None-->13out
,78,2.593186757376661e-06,25: None-->13out,26: None-->13out
,79,1.490565661115618e-05,25: None-->13out,26: None-->13out
,80,0.0001279718733844422,25: None-->13out,26: None-->13out
,81,1.60410504262498e-05,25: None-->13out,26: None-->13out
,82,0.0002033470037834127,25: None-->13out,26: None-->13out
,83,5.7612468469644356e-08,25: None-->13out,26: None-->13out
,84,9.600472793931919e-06,25: None-->13out,26: None-->13out
,85,3.349108246504143e-05,25: None-->13out,26: None-->13out
,86,9.43836591835416e-05,25: None-->13out,26: None-->13out
,87,9.985304528815271e-05,25: None-->13out,26: None-->13out
,88,0.0019630877982550407,25: None-->13out,26: None-->13out
,89,1.5136585354298346e-05,25: None-->13out,26: None-->13out
,90,0.0017479373526780935,25: None-->13out,26: None-->13out
,91,9.820068029613752e-07,25: None-->13out,26: None-->13out
,92,0.0003303460639470869,25: None-->13out,26: None-->13out
,93,2.241467087206916e-06,25: None-->13out,26: None-->13out
,94,0.00010142521483936135,25: None-->13out,26: None-->13out
,95,2.2170031726837896e-06,25: None-->13out,26: None-->13out
,96,3.396825215511411e-05,25: None-->13out,26: None-->13out
,97,2.4755742962232656e-06,25: None-->13out,26: None-->13out
,98,1.5030087114096876e-05,25: None-->13out,26: None-->13out
,99,1.6573100603856233e-06,25: None-->13out,26: None-->13out
,,Cutback
0.36140817642211925,0,5.777012326648244e-07,25: None-->13out,26: None-->13out
,1,4.663455841051539e-08,25: None-->13out,26: None-->13out
,2,5.466982452901293e-09,25: None-->13out,26: None-->13out
,3,2.2473583461736888e-11,25: None-->13out,26: None-->13out
0.3614081954956056,0,2.9665629669956477e-06,25: None-->13out,26: None-->13out
,1,5.7608826563414937e-05,25: None-->13out,26: None-->13out
,2,8.551008267875445e-06,25: None-->13out,26: None-->13out
,3,6.433188771060699e-05,25: None-->13out,26: None-->13out
,4,1.1506701691787492e-07,25: None-->13out,26: None-->13out
,5,4.762694443900148e-06,25: None-->13out,26: None-->13out
,6,0.00013769575949544488,25: None-->13out,26: None-->13out
,7,5.701265798635511e-06,25: None-->13out,26: None-->13out
,8,8.375645920564548e-05,25: None-->13out,26: None-->13out
,9,8.587734371157308e-07,25: None-->13out,26: None-->13out
,10,1.6392472519268825e-05,25: None-->13out,26: None-->13out
,11,7.085409286121391e-06,25: None-->13out,26: None-->13out
,12,3.1644260730063235e-05,25: None-->13out,26: None-->13out
,13,1.1482230832760861e-08,25: None-->13out,26: None-->13out
,14,5.134021607981906e-06,25: None-->13out,26: None-->13out
,15,5.084808993990043e-07,25: None-->13out,26: None-->13out
,16,1.7996072725734659e-06,25: None-->13out,26: None-->13out
,17,1.3318622656809417e-05,25: None-->13out,26: None-->13out
,18,0.00010505218464979157,25: None-->13out,26: None-->13out
,19,1.756642713764695e-05,25: None-->13out,26: None-->13out
,20,0.0002063492387519421,25: None-->13out,26: None-->13out
,21,1.770237826824346e-08,25: None-->13out,26: None-->13out
,22,5.629959257253658e-06,25: None-->13out,26: None-->13out
,23,0.00017366826856915173,25: None-->13out,26: None-->13out
,24,5.420806116903651e-06,25: None-->13out,26: None-->13out
,25,9.81295559647235e-05,25: None-->13out,26: None-->13out
,26,1.0281262478267418e-06,25: None-->13out,26: None-->13out
,27,2.0930487386262023e-05,25: None-->13out,26: None-->13out
,28,5.360033292568232e-06,25: None-->13out,26: None-->13out
,29,2.3103078080863873e-05,25: None-->13out,26: None-->13out
,30,8.820601048539241e-08,25: None-->13out,26: None-->13out
,31,2.3161353582130985e-06,25: None-->13out,26: None-->13out
,32,2.8320518255958017e-06,25: None-->13out,26: None-->13out
,33,1.1576585211258963e-05,25: None-->13out,26: None-->13out
,34,1.5470052026330504e-07,25: None-->13out,26: None-->13out
,35,2.1159587610853995e-06,25: None-->13out,26: None-->13out
,36,6.252585373127567e-06,25: None-->13out,26: None-->13out
,37,9.126597200536139e-05,25: None-->13out,26: None-->13out
,38,3.539436271665097e-07,25: None-->13out,26: None-->13out
,39,1.0090663640856463e-05,25: None-->13out,26: None-->13out
,40,6.786145820939206e-07,25: None-->13out,26: None-->13out
,41,1.999065763394355e-06,25: None-->13out,26: None-->13out
,42,8.665206728340659e-07,25: None-->13out,26: None-->13out
,43,0.00010892419222357803,25: None-->13out,26: None-->13out
,44,3.869491542970809e-06,25: None-->13out,26: None-->13out
,45,5.216012513407159e-05,25: None-->13out,26: None-->13out
,46,1.3074574727450215e-06,25: None-->13out,26: None-->13out
,47,1.379170587179698e-05,25: None-->13out,26: None-->13out
,48,5.3046795531532546e-06,25: None-->13out,26: None-->13out
,49,2.0039069015226374e-05,25: None-->13out,26: None-->13out
,50,3.8573329255566145e-08,25: None-->13out,26: None-->13out
,51,2.9983437851180265e-06,25: None-->13out,26: None-->13out
,52,5.59825239325707e-07,25: None-->13out,26: None-->13out
,53,1.0942353870373713e-05,25: None-->13out,26: None-->13out
,54,5.57980157951946e-05,25: None-->13out,26: None-->13out
,55,3.4353641132243976e-05,25: None-->13out,26: None-->13out
,56,0.0013014685426259072,25: None-->13out,26: None-->13out
,57,1.61914475508605e-07,25: None-->13out,26: None-->13out
,58,9.132300929615034e-05,25: None-->13out,26: None-->13out
,59,1.1891939386496713e-06,25: None-->13out,26: None-->13out
,60,1.7105705382176094e-05,25: None-->13out,26: None-->13out
,61,9.683576319265954e-07,25: None-->13out,26: None-->13out
,62,3.2342540631982324e-06,25: None-->13out,26: None-->13out
,63,6.94085531299559e-07,25: None-->13out,26: None-->13out
,64,1.9775647895353426e-06,25: None-->13out,26: None-->13out
,65,0.010242844332861772,5: out,25: None-->13out,26: None-->13out
,66,23.148117704279244,1: out,24: out,25: None-->13out,26: None-->13out,27: 17-->13
,67,nan,1: None-->9out,24: None-->9out,25: None-->13out,26: None-->13out
,,Cutback
0.3614081859588624,0,7.415218487557761e-07,25: None-->13out,26: None-->13out
,1,2.306072450976451e-06,25: None-->13out,26: None-->13out
,2,4.966544525434864e-06,25: None-->13out,26: None-->13out
,3,5.8620453920615686e-08,25: None-->13out,26: None-->13out
,4,1.0239646817348353e-06,25: None-->13out,26: None-->13out
,5,7.357996324624884e-06,25: None-->13out,26: None-->13out
,6,3.0479047923179947e-07,25: None-->13out,26: None-->13out
,7,9.226203261044247e-07,25: None-->13out,26: None-->13out
,8,3.466436325986661e-07,25: None-->13out,26: None-->13out
,9,4.983468074952276e-06,25: None-->13out,26: None-->13out
,10,5.6163470244182865e-05,25: None-->13out,26: None-->13out
,11,3.134225526694822e-07,25: None-->13out,26: None-->13out
,12,5.705525333063913e-06,25: None-->13out,26: None-->13out
,13,4.995028581317349e-07,25: None-->13out,26: None-->13out
,14,8.881056550695084e-07,25: None-->13out,26: None-->13out
,15,3.6156657460537496e-07,25: None-->13out,26: None-->13out
,16,2.6436586828865577e-06,25: None-->13out,26: None-->13out
,17,7.513773022585246e-06,25: None-->13out,26: None-->13out
,18,7.839807678675976e-08,25: None-->13out,26: None-->13out
,19,7.025206323493386e-07,25: None-->13out,26: None-->13out
,20,1.1374012544511e-06,25: None-->13out,26: None-->13out
,21,2.300108727531033e-06,25: None-->13out,26: None-->13out
,22,1.4074629128949014e-07,25: None-->13out,26: None-->13out
,23,3.0214145287493948e-06,25: None-->13out,26: None-->13out
,24,1.1913751117650403e-05,25: None-->13out,26: None-->13out
,25,1.1846122612852475e-07,25: None-->13out,26: None-->13out
,26,9.653097227249645e-07,25: None-->13out,26: None-->13out
,27,3.3452198878703693e-07,25: None-->13out,26: None-->13out
,28,1.380616241528307e-05,25: None-->13out,26: None-->13out
,29,3.131374628897995e-05,25: None-->13out,26: None-->13out
,30,0.00040884718304206306,25: None-->13out,26: None-->13out
,31,1.2748805436616656e-05,25: None-->13out,26: None-->13out
,32,0.0003783234772145493,25: None-->13out,26: None-->13out
,33,5.668650176693777e-07,25: None-->13out,26: None-->13out
,34,5.447414302250384e-05,25: None-->13out,26: None-->13out
,35,3.927467634373264e-06,25: None-->13out,26: None-->13out
,36,2.9712856807551235e-05,25: None-->13out,26: None-->13out
,37,9.196062919935623e-07,25: None-->13out,26: None-->13out
,38,6.57154897948886e-06,25: None-->13out,26: None-->13out
,39,4.0508912962677624e-05,25: None-->13out,26: None-->13out
,40,3.0060464182116705e-05,25: None-->13out,26: None-->13out
,41,0.0012075782368370027,25: None-->13out,26: None-->13out
,42,2.3441922476456394e-07,25: None-->13out,26: None-->13out
,43,0.00010242048270899608,25: None-->13out,26: None-->13out
,44,1.226750233943425e-06,25: None-->13out,26: None-->13out
,45,1.9117133771503216e-05,25: None-->13out,26: None-->13out
,46,9.753584658249267e-07,25: None-->13out,26: None-->13out
,47,3.2303760276115493e-06,25: None-->13out,26: None-->13out
,48,5.22919214528073e-07,25: None-->13out,26: None-->13out
,49,6.238963519015012e-07,25: None-->13out,26: None-->13out
,50,4.96663018175199e-07,25: None-->13out,26: None-->13out
,51,1.875058250094993e-05,25: None-->13out,26: None-->13out
,52,6.223810928668449e-07,25: None-->13out,26: None-->13out
,53,2.6626356498721447e-06,25: None-->13out,26: None-->13out
,54,4.278755359515974e-07,25: None-->13out,26: None-->13out
,55,5.604063003908774e-07,25: None-->13out,26: None-->13out
,56,8.364259578564712e-07,25: None-->13out,26: None-->13out
,57,2.547398697006878e-06,25: None-->13out,26: None-->13out
,58,1.8225891985687093e-07,25: None-->13out,26: None-->13out
,59,7.852738009236396e-07,25: None-->13out,26: None-->13out
,60,1.5348613997248938e-05,25: None-->13out,26: None-->13out
,61,5.169146718248029e-07,25: None-->13out,26: None-->13out
,62,2.054663281583003e-06,25: None-->13out,26: None-->13out
,63,3.7809857180245e-07,25: None-->13out,26: None-->13out
,64,5.390315232488932e-07,25: None-->13out,26: None-->13out
,65,3.1213103517141064e-06,25: None-->13out,26: None-->13out
,66,9.708606848015834e-06,25: None-->13out,26: None-->13out
,67,7.005556382789682e-08,25: None-->13out,26: None-->13out
,68,7.502159730702877e-07,25: None-->13out,26: None-->13out
,69,6.204052274385649e-07,25: None-->13out,26: None-->13out
,70,2.535061287995889e-06,25: None-->13out,26: None-->13out
,71,2.1387041477758076e-07,25: None-->13out,26: None-->13out
,72,6.753122375660478e-07,25: None-->13out,26: None-->13out
,73,0.010797559641141066,5: out,25: None-->13out,26: None-->13out
,74,22.02080085315009,1: out,24: out,25: None-->13out,26: None-->13out,27: 17-->13
,75,nan,1: None-->9out,24: None-->9out,25: None-->13out,26: None-->13out
