4.3747870831856546e-18,0.0,-2.5257845001245344e-18,0.0,0.0,0.0,0.0,0.0,0.0,0.0,0.0,1.2628922500622682e-18,0.0,0.0,0.0,2.187393541592827e-18,0.0,0.0,0.0,0.0,0.0,0.0,0.0,0.0,0.0,0.0,0.0,0.0,-5.861103329988512e-19,0.0,0.0,0.0,0.0,0.0,0.0,0.0,3.3839095853170784e-19,0.0,0.0,0.0,0.0,0.0,0.0,-1.6919547926585411e-19,0.0,0.0,0.0,0.0,0.0,0.0,0.0,0.0,0.0,0.0,0.0,0.0,0.0,0.0,0.0,-2.9305516649942557e-19,0.0,0.0,0.0,0.0,0.0,0.0,0.0,0.0,0.0,0.0,0.0,0.0
3.9074022199923393e-19,0.0,-1.4582623610618842e-18,0.0,0.0,0.0,0.0,0.0,0.0,0.0,1.653632472061502e-18,1.3535638341268327e-18,0.0,0.0,7.291311805309429e-19,1.8490025830611194e-18,0.0,0.0,0.0,0.0,0.0,0.0,0.0,0.0,0.0,0.0,0.0,0.0,-7.291311805309421e-19,0.0,0.0,0.0,0.0,0.0,0.0,0.0,2.7211546111241522e-18,0.0,0.0,0.0,0.0,0.0,-5.861103329988512e-19,9.768505549980829e-20,0.0,0.0,9.768505549980847e-20,-3.6456559026547106e-19,0.0,0.0,0.0,0.0,0.0,0.0,0.0,0.0,0.0,0.0,1.2628922500622676e-18,-1.2890668817960303e-18,0.0,0.0,-3.6456559026547106e-19,1.3605773055620761e-18,0.0,0.0,0.0,0.0,0.0,0.0,0.0,0.0
3.202566417187951e-18,0.0,3.2025664171879525e-18,0.0,2.1350442781253015e-18,0.0,2.1350442781253008e-18,0.0,0.0,1.458262361061885e-18,2.135044278125301e-18,-1.6012832085939753e-18,0.0,1.458262361061885e-18,-1.0675221390626502e-18,1.6012832085939755e-18,0.0,0.0,-1.6536324720615014e-18,2.864175458656244e-18,0.0,0.0,1.7966533195935933e-18,1.939674167125684e-18,-5.861103329988511e-19,1.6536324720615022e-18,1.4302084753209083e-19,0.0,1.601283208593976e-18,-7.291311805309422e-19,2.7211546111241522e-18,1.0675221390626506e-18,3.3839095853170774e-19,-1.7966533195935925e-18,1.4302084753209087e-19,0.0,-1.6012832085939757e-18,1.9537011099961702e-19,-7.291311805309422e-19,1.0675221390626512e-18,-1.6919547926585414e-19,-5.337610695313251e-19,-3.907402219992343e-19,6.052714932973707e-19,1.262892250062268e-18,9.768505549980848e-20,1.1652071945624595e-18,1.3867519372958394e-18,8.268162360307512e-19,-6.314461250311337e-19,1.6989682640937844e-18,5.337610695313256e-19,7.151042376604541e-20,7.151042376604544e-20,4.360760140315167e-19,1.7704786878598302e-18,-2.930551664994256e-19,1.0675221390626506e-18,-3.907402219992343e-19,6.05271493297371e-19,2.1873935415928273e-18,-2.617463173376307e-20,1.6274578403277387e-18,1.1390325628286964e-18,3.6456559026547115e-19,1.0936967707964136e-18,-2.6174631733762974e-20,1.458262361061885e-18,-2.6688053476566245e-19,-2.6688053476566264e-19,-2.6174631733762878e-20,1.8943383750934018e-18
0.0,0.0,0.0,0.0,0.0,0.0,0.0,0.0,0.0,0.0,-1.4302084753209126e-19,-1.3152415135297937e-18,0.0,0.0,-1.3152415135297932e-18,3.0595455696558605e-18,0.0,0.0,0.0,0.0,0.0,0.0,0.0,0.0,0.0,0.0,-5.337610695313249e-19,1.4302084753209083e-19,1.4302084753209085e-19,9.245012915305597e-19,2.135044278125301e-18,0.0,0.0,0.0,1.9920234305932095e-18,-5.337610695313249e-19,-5.337610695313251e-19,9.245012915305597e-19,-3.9074022199923437e-19,0.0,0.0,1.9537011099961694e-19,2.1453127129813684e-19,1.2628922500622676e-18,0.0,-2.9305516649942494e-19,2.3565890208586812e-18,4.6225064576528e-19,-2.6688053476566264e-19,1.1913818262962225e-18,1.5297727848279304e-18,-5.337610695313252e-19,7.151042376604544e-20,-1.6919547926585411e-19,-2.930551664994256e-19,0.0,0.0,-3.9074022199923403e-19,1.3867519372958392e-18,-1.2628922500622672e-18,0.0,2.3565890208586812e-18,-1.5559474165616931e-18,2.0635338543592557e-18,9.960117152966051e-19,1.5297727848279304e-18,2.6688053476566264e-19,-1.9537011099961706e-19,-2.6688053476566264e-19,-2.9305516649942557e-19,1.6919547926585394e-19,0.0
1.032324487035575e-06,4.535463801266983e-07,1.0323244870355756e-06,4.535463801266981e-07,6.562764944799482e-07,-8.941608485822617e-08,6.56276494479948e-07,-8.941608484948071e-08,4.677547190890665e-07,4.960689673037185e-07,5.321947038099827e-07,6.693331014965517e-07,4.677547190899841e-07,4.960689673028428e-07,5.321947038125144e-07,6.693331014965519e-07,-1.7500176455764124e-09,1.62322270945304e-07,2.730238301539678e-07,4.0742713723389113e-07,-1.7500176467481104e-09,1.6232227094530398e-07,2.7302383015396774e-07,4.07427137233891e-07,5.300900050604088e-07,5.698840997258622e-07,6.018068225240234e-07,1.3048536328683734e-06,5.446553021716366e-07,4.6848128677374684e-07,4.203082286664216e-07,3.9714358139924124e-07,5.300900050640938e-07,5.698840997240129e-07,6.018068225272711e-07,1.3048536328640155e-06,5.446553021760519e-07,4.68481286771647e-07,4.2030822866983833e-07,3.971435813992531e-07,5.458021744633588e-07,5.795937804495668e-07,6.09126441423128e-07,5.321635935460263e-07,5.936861339353167e-07,6.339861896746486e-07,5.905400992138351e-07,4.7088175984132397e-07,6.494187683329068e-07,6.824417282104075e-07,5.603838314777776e-07,4.278719224608884e-07,7.240923497076258e-07,5.323886978403489e-07,4.597831190600911e-07,3.8879294658427647e-07,5.458021744623113e-07,5.795937804496841e-07,6.09126441422789e-07,5.321635935438203e-07,5.936861339371721e-07,6.339861896733829e-07,5.905400992125599e-07,4.708817598436262e-07,6.494187683329047e-07,6.824417282107468e-07,5.603838314781195e-07,4.2787192246043574e-07,7.240923497065936e-07,5.323886978403487e-07,4.5978311906009115e-07,3.8879294658266753e-07
1.3474283228408807e-05,7.554467603446841e-06,1.3474283228406897e-05,7.554467603446839e-06,1.209479407173245e-05,2.8288206857555016e-06,1.2094794071730568e-05,2.8288206857622804e-06,7.507928821140451e-06,7.325668707636863e-06,7.253897427138008e-06,8.803578629922909e-06,7.5079288211402e-06,7.325668707637805e-06,7.253897427138907e-06,8.803578629919819e-06,3.88956353065559e-06,5.399436835302445e-06,5.973627762992874e-06,7.723678148427647e-06,3.889563530654681e-06,5.399436835298657e-06,5.973627762995872e-06,7.723678148429963e-06,8.131613663889046e-06,8.543555987294833e-06,8.609871614832327e-06,1.0511786763343387e-05,7.494571824584794e-06,6.809376135004744e-06,6.606291247141511e-06,6.878905073481446e-06,8.131613663889043e-06,8.543555987295785e-06,8.60987161483207e-06,1.0511786763342477e-05,7.494571824588374e-06,6.809376135004489e-06,6.606291247142467e-06,6.8789050734817004e-06,8.2005703875322e-06,8.352101699269046e-06,8.504609803499255e-06,7.351149451917024e-06,8.698194631352807e-06,8.856080884431288e-06,8.239447291466671e-06,6.7589200569426635e-06,8.962404532829496e-06,9.072773320295578e-06,8.105802407974635e-06,6.575148469284126e-06,9.156981038061312e-06,8.10030911050981e-06,7.809585389336214e-06,6.722141562062894e-06,8.200570387533273e-06,8.352101699265048e-06,8.50460980349738e-06,7.3511494519174635e-06,8.698194631350586e-06,8.856080884435896e-06,8.239447291469043e-06,6.758920056940781e-06,8.962404532829494e-06,9.07277332029864e-06,8.105802407974017e-06,6.575148469283279e-06,9.156981038061414e-06,8.10030911050916e-06,7.809585389331047e-06,6.722141562063403e-06
4.0319539927905694e-05,2.349948386746658e-05,4.031953992790571e-05,2.3499483867466568e-05,3.857492845817936e-05,1.3705746871101094e-05,3.8574928458179344e-05,1.370574687110596e-05,2.3199565518293922e-05,2.2286750377531016e-05,2.1742522719503288e-05,2.627429919350216e-05,2.319956551829393e-05,2.228675037753189e-05,2.174252271950004e-05,2.627429919350217e-05,1.5722228059129893e-05,1.8443964096818227e-05,1.9383821068454797e-05,2.4624095508089444e-05,1.5722228059132332e-05,1.844396409681753e-05,1.9383821068453984e-05,2.462409550809359e-05,2.496801510902076e-05,2.6197748089597756e-05,2.628958968125402e-05,2.8950037981227944e-05,2.250834748795033e-05,2.0669051996567853e-05,2.03397682055784e-05,2.1536197986842522e-05,2.4968015109013943e-05,2.619774808959976e-05,2.6289589681256487e-05,2.8950037981230647e-05,2.2508347487953547e-05,2.0669051996565234e-05,2.0339768205581107e-05,2.1536197986842753e-05,2.5088352971010582e-05,2.536501609170807e-05,2.567422105567297e-05,2.2116677782617692e-05,2.6524686972529042e-05,2.675519182237394e-05,2.485315293661456e-05,2.0474131239375718e-05,2.701018126339602e-05,2.7144532316946446e-05,2.4609816114595944e-05,2.0166915509975504e-05,2.684148662339826e-05,2.4813352999359965e-05,2.4412609301968674e-05,2.1056096285757406e-05,2.5088352971011903e-05,2.5365016091707653e-05,2.567422105567335e-05,2.21166777826161e-05,2.6524686972527142e-05,2.6755191822376848e-05,2.4853152936617286e-05,2.0474131239375972e-05,2.7010181263395705e-05,2.7144532316944548e-05,2.460981611459688e-05,2.0166915509977595e-05,2.6841486623399256e-05,2.481335299936078e-05,2.4412609301969023e-05,2.1056096285755224e-05
8.219686374216645e-05,4.842494255156146e-05,8.219686374216485e-05,4.842494255153584e-05,8.077367074274163e-05,3.262387502761295e-05,8.07736707427416e-05,3.262387502760562e-05,4.766823406373951e-05,4.5485580156484264e-05,4.41217176020499e-05,5.333669747725177e-05,4.766823406374143e-05,4.548558015648653e-05,4.412171760205335e-05,5.333669747725186e-05,3.554274383897591e-05,3.932229359153309e-05,4.0584370076391986e-05,5.136030954034453e-05,3.5542743838976877e-05,3.9322293591536316e-05,4.058437007638878e-05,5.136030954034206e-05,5.123294857675805e-05,5.378209000545534e-05,5.389788571450844e-05,5.7007791426506814e-05,4.572102878493119e-05,4.217754085379601e-05,4.174591255619764e-05,4.449102784652729e-05,5.123294857676517e-05,5.378209000544965e-05,5.389788571450268e-05,5.700779142651183e-05,4.57210287849336e-05,4.217754085379603e-05,4.174591255619825e-05,4.449102784653036e-05,5.1409533070153295e-05,5.1836274373189367e-05,5.2347347078187885e-05,4.498991450767651e-05,5.432485443094867e-05,5.457640473433907e-05,5.0626381784020325e-05,4.175067567419867e-05,5.505390587470949e-05,5.5152670497834185e-05,5.02616486400357e-05,4.133214331127237e-05,5.399522803953384e-05,5.0871567545387675e-05,5.047324715035487e-05,4.353394971079978e-05,5.140953307015044e-05,5.183627437318829e-05,5.234734707818834e-05,4.498991450767444e-05,5.432485443094774e-05,5.457640473433827e-05,5.0626381784024004e-05,4.1750675674195656e-05,5.5053905874710195e-05,5.5152670497835344e-05,5.02616486400359e-05,4.133214331127099e-05,5.3995228039533166e-05,5.087156754538724e-05,5.047324715035482e-05,4.3533949710801556e-05
0.00013974933123545556,8.248588933157199e-05,0.00013974933123545564,8.248588933157032e-05,0.00013945647833617721,5.9645860232621005e-05,0.00013945647833617721,5.964586023262301e-05,8.105380643222735e-05,7.703324019206958e-05,7.451397626398369e-05,9.024437137733566e-05,8.105380643223247e-05,7.703324019206828e-05,7.451397626398771e-05,9.024437137733364e-05,6.340388774696027e-05,6.809491163158618e-05,6.968861054418684e-05,8.82258660838666e-05,6.340388774695753e-05,6.809491163158244e-05,6.968861054418457e-05,8.822586608386739e-05,8.713650715324015e-05,9.15637399993344e-05,9.169934134688727e-05,9.490237093343217e-05,7.726556198500888e-05,7.147229886517346e-05,7.096484218319725e-05,7.58856197827283e-05,8.71365071532429e-05,9.156373999933698e-05,9.169934134688554e-05,9.490237093343555e-05,7.726556198500593e-05,7.14722988651664e-05,7.096484218319628e-05,7.588561978273041e-05,8.737917368323308e-05,8.799457616939189e-05,8.875965593157796e-05,7.613309418137403e-05,9.236550873528894e-05,9.257122613042288e-05,8.575708768212225e-05,7.072813823610311e-05,9.336184134082172e-05,9.335126797414157e-05,8.525872278425015e-05,7.02120261239325e-05,9.083135210132735e-05,8.649278114589865e-05,8.62241847871419e-05,7.432140045856463e-05,8.737917368323078e-05,8.799457616939408e-05,8.87596559315763e-05,7.613309418137874e-05,9.23655087352841e-05,9.257122613042246e-05,8.575708768211954e-05,7.072813823610293e-05,9.336184134081789e-05,9.335126797414153e-05,8.525872278425167e-05,7.021202612393281e-05,9.083135210132596e-05,8.649278114590187e-05,8.622418478713859e-05,7.432140045856181e-05
0.00021366101626253502,0.000125839896788513,0.00021366101626253147,0.00012583989678851615,0.00021544355507312167,9.483055164560045e-05,0.00021544355507312055,9.483055164559827e-05,0.00012349798024276554,0.00011704224788353243,0.00011304727128377573,0.00013726365787525765,0.00012349798024276806,0.00011704224788353272,0.00011304727128377886,0.0001372636578752637,9.935323444364456e-05,0.00010481851940737574,0.00010681411893988252,0.00013553025532725408,9.935323444364486e-05,0.00010481851940737685,0.00010681411893988488,0.00013553025532725996,0.00013289803538399212,0.00013982453249350045,0.00013997268567930818,0.0001428593546736641,0.0001172778753620657,0.00010869721661373309,0.0001081430587088831,0.00011586440086747444,0.00013289803538399267,0.00013982453249349828,0.00013997268567930658,0.00014285935467366425,0.00011727787536207091,0.00010869721661373278,0.00010814305870888516,0.00011586440086746796,0.00013322232549691152,0.00013408010855577677,0.0001351579737333565,0.00011571451100530935,0.00014092761659889022,0.00014100301535601714,0.00013045102789628876,0.00010755192867045008,0.0001422165012247191,0.00014200676344531163,0.00012980632606511273,0.00010695358274318146,0.00013757260229454727,0.00013190604645025986,0.0001319089792130457,0.00011358962260295083,0.00013322232549691271,0.00013408010855577593,0.0001351579737333564,0.00011571451100530651,0.0001409276165988896,0.0001410030153560163,0.00013045102789628743,0.00010755192867044782,0.00014221650122471575,0.0001420067634453108,0.00012980632606511121,0.00010695358274318321,0.00013757260229454738,0.00013190604645025894,0.00013190897921305106,0.00011358962260295125
0.00021572400479626078,0.0001240389147595435,0.0002157240047962639,0.0001240389147595439,0.00021086695518551926,7.847234507835877e-05,0.00021086695518552333,7.84723450783651e-05,0.00012213804312289148,0.00011668873625541021,0.00011365544207864398,0.00013847149334190746,0.00012213804312288963,0.00011668873625541134,0.00011365544207864764,0.0001384714933418971,8.664860331167334e-05,9.790793036988321e-05,0.00010261534081856577,0.00013210468095543673,8.664860331166957e-05,9.79079303698747e-05,0.00010261534081857019,0.00013210468095543337,0.00013202777176004278,0.00013900028791328232,0.00013920618417789636,0.00014937083423869398,0.00011770491751762212,0.00010854731572379126,0.00010720964553620934,0.00011383201267245403,0.00013202777176003733,0.00013900028791327524,0.00013920618417789392,0.00014937083423868948,0.00011770491751761968,0.00010854731572379199,0.00010720964553621912,0.00011383201267245444,0.00013260893481177754,0.000134003359318537,0.00013552083796202277,0.00011612330584287702,0.0001405521768510304,0.0001413455481929426,0.0001308371755235709,0.00010754567511469352,0.00014272998672289718,0.00014319834934654017,0.00012980232118613104,0.0001062764690556256,0.0001404855004908922,0.00013133278549943195,0.00012985239997730994,0.00011159143143068796,0.00013260893481177735,0.00013400335931853792,0.00013552083796202486,0.00011612330584288036,0.00014055217685102553,0.00014134554819294175,0.0001308371755235702,0.0001075456751146968,0.00014272998672290184,0.00014319834934653803,0.0001298023211861321,0.00010627646905562264,0.00014048550049089323,0.00013133278549942994,0.00012985239997730886,0.00011159143143069152
0.00021875144682530228,0.00012175537596080974,0.0002187514468253059,0.00012175537596081165,0.00020522506733901995,6.209497377948895e-05,0.0002052250673390222,6.209497377950368e-05,0.00012038271273087149,0.0001161626980382467,0.00011437288358249872,0.00014013317468339654,0.00012038271273087222,0.00011616269803824085,0.00011437288358250773,0.00014013317468339323,7.400661595970411e-05,9.067188244491467e-05,9.802121640198002e-05,0.00012809147154853917,7.400661595969892e-05,9.067188244491906e-05,9.802121640198544e-05,0.00012809147154853768,0.00013093337371120327,0.00013802455183622233,0.00013836419668018674,0.0001572358412809679,0.00011834146313882262,0.00010845889180815461,0.00010618731276945962,0.0001115081141799356,0.00013093337371119964,0.00013802455183622173,0.00013836419668018457,0.00015723584128097065,0.00011834146313882037,0.00010845889180816174,0.00010618731276946257,0.00011150811417993508,0.0001318243430537691,0.00013388432939792004,0.0001359860470093613,0.00011669424447653859,0.00014007907210933785,0.00014172736295309783,0.00013130964375490412,0.00010760490994987928,0.00014322900159061727,0.00014453953953280516,0.00012984117175870354,0.00010554777504409539,0.00014357657755380935,0.00013079880645883263,0.00012761425672578946,0.00010935238317806677,0.00013182434305376633,0.00013388432939792115,0.00013598604700935634,0.00011669424447654543,0.00014007907210933991,0.00014172736295309422,0.00013130964375490596,0.00010760490994987445,0.00014322900159061737,0.00014453953953279732,0.00012984117175870996,0.00010554777504409035,0.0001435765775538121,0.00013079880645883223,0.0001276142567257865,0.00010935238317807069
0.00022088419399041127,0.00011988670008075615,0.00022088419399040807,0.0001198867000807644,0.0002004139077315975,4.593633540317971e-05,0.0002004139077315964,4.593633540316585e-05,0.0001189736255566115,0.00011580877898809076,0.00011503210182992998,0.00014140104249767753,0.0001189736255566166,0.00011580877898809152,0.00011503210182993285,0.0001414010424976737,6.179711469364688e-05,8.353666268031695e-05,9.359036527749887e-05,0.00012447414353431238,6.179711469365145e-05,8.353666268031475e-05,9.359036527749245e-05,0.00012447414353431065,0.00013003294732275564,0.0001372268195776327,0.00013784322809357087,0.00016592432296129634,0.00011877313460590689,0.00010827357300991942,0.00010516237039585993,0.00010932675636597674,0.00013003294732275527,0.00013722681957762997,0.00013784322809357096,0.00016592432296130057,0.00011877313460591396,0.00010827357300991812,0.00010516237039586759,0.00010932675636597777,0.00013119396318925978,0.00013382010220090688,0.0001363751350949858,0.00011711743624107072,0.00013972109592393125,0.0001421217888190254,0.00013172241980051414,0.00010758308230723922,0.00014381883882140043,0.00014581626820124577,0.0001298225278466624,0.00010480042464975844,0.0001463266994774071,0.00013014502247547777,0.00012537665981185962,0.0001072009346602526,0.00013119396318926035,0.00013382010220090677,0.00013637513509498695,0.00011711743624107294,0.00013972109592392848,0.00014212178881902588,0.00013172241980051474,0.00010758308230723835,0.00014381883882140216,0.0001458162682012472,0.0001298225278466595,0.00010480042464976248,0.00014632669947740797,0.0001301450224754714,0.0001253766598118646,0.00010720093466025116
0.00021741639584150054,0.00012022166405319858,0.00021741639584150005,0.00012022166405320594,0.0001992030594818088,3.1592437888757906e-05,0.00019920305948181483,3.1592437888751584e-05,0.00011947560307105332,0.00011651704118526796,0.00011542962661251426,0.0001402602447732165,0.00011947560307105156,0.00011651704118526864,0.00011542962661251078,0.0001402602447732167,5.068302678126864e-05,7.626447385209267e-05,8.924901419074123e-05,0.00012226478764364,5.068302678127207e-05,7.626447385209554e-05,8.9249014190743e-05,0.00012226478764362694,0.0001302464573959796,0.00013743298561781208,0.0001406666937977946,0.00016641567767459428,0.00011788424942109993,0.00010731921597985613,0.00010379643737262395,0.00010745271903672376,0.0001302464573959838,0.0001374329856178116,0.00014066669379779706,0.00016641567767458986,0.00011788424942109083,0.00010731921597985673,0.00010379643737262421,0.00010745271903673013,0.00013147031144098337,0.00013409413300107757,0.0001362755705127609,0.00011657955809433664,0.0001402397619553898,0.00014265460097667387,0.00013157761230184274,0.00010687832848542075,0.00014571679446232942,0.0001460370361912758,0.00012888844595896956,0.00010359365697215643,0.0001435534737968085,0.00012709319994910791,0.0001223475957684063,0.00010500176541364722,0.00013147031144098228,0.00013409413300107917,0.0001362755705127609,0.00011657955809433874,0.00014023976195539007,0.00014265460097666693,0.00013157761230184564,0.00010687832848542124,0.0001457167944623317,0.00014603703619127427,0.00012888844595897373,0.0001035936569721617,0.0001435534737968101,0.00012709319994910528,0.00012234759576841057,0.00010500176541364836
0.00021687230350208952,0.00011893900707329977,0.00021687230350208474,0.00011893900707329936,0.00019365916365997186,2.532798991299181e-05,0.00019365916365997294,2.532798991299371e-05,0.00011869163585890975,0.00011671909637024698,0.00011621187816748738,0.0001405150324696456,0.00011869163585891124,0.00011671909637023844,0.00011621187816748932,0.0001405150324696529,4.4386845881933405e-05,6.970583262609731e-05,8.385282222525339e-05,0.00011775965822710286,4.438684588193007e-05,6.970583262610467e-05,8.38528222252503e-05,0.00011775965822709353,0.00012983518302060116,0.00013741999647184087,0.00014627076220572653,0.00015573103127196808,0.00011754990664034144,0.00010636493100348962,0.00010189410068899216,0.00010436760004523294,0.00012983518302059328,0.0001374199964718517,0.00014627076220572084,0.00015573103127197128,0.00011754990664035486,0.00010636493100347452,0.00010189410068898926,0.00010436760004523239,0.00013128616458256157,0.0001342829992969539,0.00013644664095053885,0.000116453014655568,0.00014085110228407614,0.00014340381807814685,0.0001313992527182789,0.00010614803420313127,0.00014851095249841128,0.00014558082778805715,0.00012730212653218844,0.00010188373795798908,0.00013545996660805363,0.00012200412316325293,0.00011816009623342248,0.00010174260382569061,0.00013128616458256252,0.00013428299929695367,0.0001364466409505386,0.00011645301465556797,0.00014085110228407967,0.00014340381807814747,0.00013139925271827676,0.00010614803420313457,0.00014851095249840648,0.00014558082778805728,0.00012730212653219182,0.00010188373795799289,0.0001354599666080508,0.00012200412316325313,0.00011816009623342041,0.00010174260382569896
0.00021884382989744317,0.00011644062323322218,0.0002188438298974407,0.00011644062323323336,0.0001851433581972577,2.5597939298398968e-05,0.00018514335819724316,2.5597939298388654e-05,0.00011691304308502631,0.00011647417626892804,0.00011724122382863205,0.00014192363534713104,0.0001169130430850224,0.00011647417626892911,0.00011724122382861902,0.0001419236353471251,4.2278701500081904e-05,6.44192098491567e-05,7.820672417759004e-05,0.0001118715973878937,4.2278701500081254e-05,6.441920984915432e-05,7.82067241775935e-05,0.00011187159738789322,0.00012895290732074707,0.00013725261199448984,0.00015406784239672792,0.00013704895968458524,0.0001177041640559455,0.00010548992413003613,9.972276949452777e-05,0.00010059729340528901,0.00012895290732073682,0.0001372526119944938,0.00015406784239673177,0.00013704895968458583,0.00011770416405594577,0.00010548992413003299,9.972276949452575e-05,0.00010059729340529554,0.00013074045564243035,0.00013438425000741506,0.0001368243592786375,0.00011667767669294328,0.00014149150116241657,0.0001442561280901334,0.00013118773571580566,0.00010545187415117484,0.00015178191133572523,0.00014452613491068507,0.00012529603295070982,9.990833287965115e-05,0.00012388952102098674,0.00011577615433584148,0.00011345079155031392,9.794721912167036e-05,0.00013074045564243314,0.000134384250007412,0.0001368243592786433,0.0001166776766929404,0.00014149150116241074,0.00014425612809013143,0.00013118773571579975,0.000105451874151175,0.0001517819113357189,0.00014452613491068678,0.00012529603295071453,9.99083328796508e-05,0.00012388952102098413,0.00011577615433583965,0.00011345079155031579,9.794721912167092e-05
0.00022292666340800006,0.00011313664528622376,0.00022292666340800426,0.00011313664528622794,0.00017496094804839987,3.2120106637456634e-05,0.00017496094804838323,3.212010663745087e-05,0.0001144414132268623,0.0001158517034457067,0.00011838503459756681,0.0001442434536657354,0.00011444141322685457,0.00011585170344570738,0.0001183850345975592,0.00014424345366572755,4.437962242348255e-05,6.088412150604269e-05,7.299425508486808e-05,0.00010543365260559583,4.437962242348026e-05,6.0884121506048626e-05,7.299425508486298e-05,0.00010543365260560856,0.00012775703756364695,0.00013700286416997633,0.00016348601304288504,0.0001140301401396841,0.00011827873803146402,0.00010476872751423593,9.753212933468634e-05,9.66218765699282e-05,0.00012775703756364373,0.0001370028641699658,0.00016348601304288482,0.00011403014013967713,0.0001182787380314725,0.00010476872751424553,9.753212933468215e-05,9.662187656993091e-05,0.00012993817035696572,0.00013440124677043837,0.00013734722768754442,0.00011719076695863815,0.00014211572385490614,0.0001451103828493733,0.00013094268438636265,0.00010484568763414211,0.00015514959665900062,0.0001429181817268582,0.00012307824254905304,9.788778707785689e-05,0.00011022986858635363,0.00010916174766893717,0.00010878123145845398,9.408567834152511e-05,0.00012993817035696455,0.0001344012467704359,0.00013734722768754865,0.0001171907669586297,0.00014211572385491403,0.00014511038284936798,0.00013094268438637336,0.00010484568763414207,0.0001551495966590037,0.0001429181817268599,0.00012307824254905199,9.788778707785305e-05,0.00011022986858635328,0.00010916174766894037,0.00010878123145845847,9.408567834151901e-05
0.00022883326994800227,0.00010938523349468283,0.00022883326994800227,0.00010938523349467976,0.000164227142377036,4.6224957671558046e-05,0.00016422714237704198,4.622495767155662e-05,0.00011153803437029361,0.00011490377804878292,0.00011951724547938694,0.0001472786313950152,0.00011153803437028478,0.00011490377804878898,0.00011951724547938988,0.0001472786313950198,5.149233435226973e-05,5.9606448331023e-05,6.880067206211239e-05,9.915242631694748e-05,5.1492334352283464e-05,5.960644833102145e-05,6.880067206211269e-05,9.915242631693277e-05,0.00012638127967523835,0.00013672203141174705,0.00017382782878501389,9.03889734870242e-05,0.0001192338029382958,0.00010429131645450403,9.556694028411359e-05,9.287321752482816e-05,0.00012638127967524207,0.00013672203141174306,0.00017382782878501738,9.038897348701363e-05,0.00011923380293828287,0.00010429131645451717,9.556694028410072e-05,9.287321752482364e-05,0.0001289677172944173,0.00013433208482810106,0.0001379641235643281,0.00011794808080249188,0.00014267711125806002,0.00014586938443271767,0.00013067206804368857,0.00010439806980526184,0.00015824984765250134,0.00014079169900268072,0.00012085370834383506,9.603968779941659e-05,9.547561892924662e-05,0.00010280876276269472,0.00010466361604986811,9.058209580637514e-05,0.0001289677172944136,0.00013433208482809884,0.00013796412356432606,0.00011794808080249522,0.00014267711125806446,0.00014586938443271022,0.0001306720680436896,0.00010439806980525935,0.0001582498476525004,0.00014079169900267736,0.00012085370834383601,9.603968779942136e-05,9.547561892924954e-05,0.00010280876276269434,0.00010466361604986741,9.058209580638178e-05
0.00023143167392302612,0.00010766078680787678,0.00023143167392302328,0.00010766078680789123,0.00015757638959788004,6.997373777744748e-05,0.000157576389597879,6.997373777744854e-05,0.00011023035618106913,0.00011451974241255109,0.00012005975809369753,0.0001486159201662364,0.00011023035618106105,0.00011451974241255169,0.00012005975809370365,0.00014861592016624206,6.432881349613051e-05,6.095240470336649e-05,6.670764239198711e-05,9.53488009244356e-05,6.432881349613616e-05,6.095240470336084e-05,6.670764239199536e-05,9.534880092442973e-05,0.00012601012269279768,0.0001377099219090317,0.0001826609948407681,6.852747313135116e-05,0.00011948613099542282,0.0001037445415298496,9.42032301770586e-05,9.054547234722176e-05,0.00012601012269279898,0.00013770992190902256,0.00018266099484076778,6.85274731313519e-05,0.0001194861309954244,0.00010374454152985419,9.4203230177067e-05,9.054547234721433e-05,0.00012874368102608772,0.00013435692091718596,0.00013809781831776417,0.00011810786377240603,0.00014369924348449188,0.00014601981782744696,0.00012996169602282404,0.00010380305872911025,0.00015965315217466528,0.0001376704160580435,0.0001186281276129693,9.462713292277066e-05,7.96083385204802e-05,9.711486491980741e-05,0.0001018394002251234,8.838007274431157e-05,0.00012874368102608737,0.00013435692091718032,0.0001380978183177638,0.0001181078637724071,0.0001436992434844997,0.00014601981782745227,0.00012996169602282246,0.00010380305872910958,0.00015965315217466393,0.00013767041605804457,0.00011862812761296503,9.462713292276595e-05,7.960833852047535e-05,9.711486491981274e-05,0.0001018394002251253,8.838007274431756e-05
0.00023246314601116496,0.0001068464747959043,0.00023246314601116938,0.00010684647479591768,0.00015260020101105174,0.00011067090680596834,0.00015260020101103596,0.00011067090680596831,0.00010971142883112178,0.00011450563550402786,0.00012028928289525055,0.0001490469292593717,0.00010971142883112417,0.00011450563550402411,0.00012028928289524854,0.00014904692925937286,8.71635232774863e-05,6.677858502086812e-05,6.704682106322741e-05,9.309336575431882e-05,8.716352327748693e-05,6.677858502087856e-05,6.704682106321555e-05,9.309336575433265e-05,0.00012641739756180442,0.00014231040083335626,0.00017910642320277561,5.353452505695064e-05,0.00011923330749537397,0.00010294704240261136,9.30552353254871e-05,8.909834601354699e-05,0.00012641739756180694,0.00014231040083335082,0.00017910642320278488,5.3534525056944537e-05,0.00011923330749537026,0.00010294704240260243,9.305523532548801e-05,8.909834601355272e-05,0.000129271475457982,0.00013453508678069393,0.00013768482520431884,0.00011774033927876099,0.00014600668081243834,0.00014488378818264095,0.00012816867459819632,0.00010276721311047886,0.00015363531579782187,0.00013128939497989095,0.00011544689307296823,9.317182702544741e-05,6.455184293763853e-05,9.226436913031214e-05,0.00010003960440553034,8.708746400727304e-05,0.00012927147545797912,0.00013453508678069206,0.00013768482520432572,0.00011774033927876293,0.00014600668081244612,0.00014488378818264055,0.00012816867459819573,0.00010276721311047758,0.0001536353157978159,0.00013128939497988832,0.00011544689307296964,9.317182702544699e-05,6.455184293763671e-05,9.226436913031099e-05,0.000100039604405531,8.70874640072718e-05
0.00023858864478924449,0.00010428856306104792,0.00023858864478925037,0.00010428856306104626,0.00014506834816712923,0.00018230571363399726,0.000145068348167122,0.00018230571363398143,0.00010772034580662932,0.00011368595448088754,0.00012066123407387602,0.00015150839615235838,0.00010772034580663018,0.00011368595448089193,0.0001206612340738857,0.0001515083961523598,0.0001268918278052927,7.921883454918148e-05,6.983576585876703e-05,9.063204052056284e-05,0.00012689182780529986,7.921883454918178e-05,6.98357658587666e-05,9.063204052056448e-05,0.00012625702784582543,0.00014925483610790424,0.00016393583767263173,4.7135786209537586e-05,0.00011995546085402848,0.00010263218267398954,9.227603116809422e-05,8.792298279336271e-05,0.00012625702784582486,0.00014925483610790638,0.00016393583767261994,4.713578620953993e-05,0.00011995546085401772,0.00010263218267399132,9.227603116808238e-05,8.792298279336344e-05,0.0001294771087895567,0.000134566282809399,0.0001373783347597392,0.00011793782991906357,0.00014880111582429127,0.00014280049051203046,0.00012587250306462085,0.00010193966400840731,0.00014128075501197612,0.00012249150492964697,0.00011189052388926299,9.192468975294745e-05,5.1362131232334895e-05,8.91588155825343e-05,9.956404999150848e-05,8.645178388171696e-05,0.00012947710878955264,0.00013456628280939187,0.0001373783347597378,0.00011793782991907016,0.00014880111582429737,0.0001428004905120312,0.00012587250306461562,0.0001019396640084049,0.0001412807550119763,0.0001224915049296509,0.00011189052388926494,9.192468975294612e-05,5.136213123233688e-05,8.915881558253333e-05,9.956404999151575e-05,8.645178388171991e-05
0.000251969185027547,9.966938985170567e-05,0.0002519691850275536,9.966938985170743e-05,0.00013494269375451104,0.0003044146666026925,0.00013494269375450633,0.000304414666602708,0.00010387723572738607,0.00011166829929605543,0.0001211109807168593,0.00015681278226118388,0.0001038772357273788,0.00011166829929605763,0.00012111098071687159,0.00015681278226117087,0.0001915297552677217,0.00010070810495524507,7.572873696806083e-05,8.810652301549575e-05,0.00019152975526771313,0.00010070810495525081,7.572873696806529e-05,8.81065230155028e-05,0.0001251967981111891,0.00015745566069262878,0.0001413887864152408,4.8166371939341115e-05,0.0001222586391480819,0.00010339702240814779,9.246141986585184e-05,8.745540014662201e-05,0.0001251967981111797,0.00015745566069263204,0.00014138878641523897,4.8166371939335165e-05,0.00012225863914807738,0.00010339702240814989,9.246141986585333e-05,8.745540014662664e-05,0.000128992817212861,0.00013427186368139012,0.00013741983766804247,0.00011913545897819787,0.00015138123208655429,0.00013996480302588268,0.00012361088420981704,0.0001018917710199361,0.00012494056704930102,0.00011265966999533838,0.00010893814378459041,9.155332747642263e-05,3.999320324843156e-05,8.879665959228366e-05,0.00010130826968486225,8.70091552877813e-05,0.00012899281721286235,0.00013427186368138391,0.00013741983766804464,0.0001191354589782015,0.00015138123208655914,0.0001399648030258887,0.00012361088420981072,0.00010189177101993269,0.0001249405670493013,0.0001126596699953361,0.00010893814378459069,9.15533274764286e-05,3.999320324844455e-05,8.8796659592272e-05,0.00010130826968486582,8.70091552877736e-05
0.0002848280588089294,8.946603860060778e-05,0.0002848280588089401,8.946603860060646e-05,0.00011623173978517301,0.0005266999989741491,0.0001162317397851505,0.0005266999989741408,9.502877451604101e-05,0.00010658549574593865,0.00012225801407576273,0.00017004331946420654,9.502877451604636e-05,0.00010658549574593936,0.00012225801407576348,0.00017004331946420448,0.00029256116976868814,0.00013430019615229868,8.398778783576572e-05,8.251735522314195e-05,0.0002925611697686868,0.0001343001961522912,8.398778783576229e-05,8.25173552231514e-05,0.00012125947302431309,0.00016382034092474613,0.0001151001099122749,5.079106409477705e-05,0.0001290354439420383,0.0001071535861763446,9.457194614165565e-05,8.701068930516699e-05,0.00012125947302430771,0.00016382034092473925,0.00011510010991228485,5.079106409478053e-05,0.0001290354439420499,0.00010715358617632724,9.4571946141662e-05,8.701068930517684e-05,0.0001260512452056535,0.00013310251405915463,0.00013905141733914852,0.00012342666515570945,0.00015190495495057235,0.0001369153370861231,0.00012303489488862206,0.00010445406195760006,0.00010728701471475004,0.00010420007573054626,0.00010881090065149643,9.335401845936621e-05,3.159301821921113e-05,9.387719194242273e-05,0.00010638746640918978,8.861010181390662e-05,0.00012605124520565674,0.00013310251405915504,0.00013905141733915185,0.00012342666515571116,0.00015190495495057338,0.0001369153370861307,0.00012303489488861525,0.00010445406195759853,0.00010728701471474194,0.00010420007573054161,0.0001088109006514979,9.335401845936465e-05,3.159301821921344e-05,9.387719194242556e-05,0.00010638746640919327,8.861010181389832e-05
0.0003352306070156193,7.641020564834621e-05,0.00033523060701561106,7.641020564834049e-05,9.439298137494054e-05,0.0008973860047050487,9.439298137494816e-05,0.0008973860047050363,8.339229089278762e-05,9.938239281279726e-05,0.00012366739082961422,0.0001898107670834916,8.339229089277691e-05,9.938239281279013e-05,0.00012366739082962956,0.0001898107670834831,0.0004464286906970601,0.00018587585651943023,9.680754640600365e-05,7.642523152540562e-05,0.0004464286906970632,0.00018587585651944424,9.680754640601571e-05,7.642523152539497e-05,0.00011550490359480301,0.00016839727682813882,8.897980409128476e-05,5.630322659593398e-05,0.0001401614492645567,0.00011467449425498188,0.00010004696393447048,8.848358583980614e-05,0.00011550490359479553,0.00016839727682813602,8.89798040912799e-05,5.630322659594404e-05,0.00014016144926455755,0.0001146744942549805,0.00010004696393447012,8.848358583980226e-05,0.0001214340331022222,0.00013139784920404183,0.0001422456488616332,0.0001306369264931898,0.00015089826475951526,0.00013430179783178797,0.00012488688967962077,0.00011045541893942278,9.127734383471786e-05,9.844449477749165e-05,0.00011288234950640131,9.877974420636783e-05,2.600043784319457e-05,0.00010526959889975913,0.00011655479966888541,9.286643352753039e-05,0.00012143403310222118,0.00013139784920404612,0.00014224564886161964,0.00013063692649319412,0.00015089826475951493,0.00013430179783178293,0.00012488688967962044,0.00011045541893943213,9.127734383472408e-05,9.844449477749813e-05,0.00011288234950639349,9.877974420637027e-05,2.6000437843195634e-05,0.00010526959889974926,0.00011655479966888426,9.286643352753061e-05
0.0003997894496307516,6.337974925515951e-05,0.00039978944963074816,6.337974925517073e-05,7.394357525362916e-05,0.0014456398452765405,7.394357525363278e-05,0.001445639845276534,7.13309285118073e-05,9.105908016452356e-05,0.00012472701805898209,0.00021409962744841325,7.13309285118125e-05,9.105908016451417e-05,0.00012472701805898127,0.0002140996274484275,0.0006616295676034345,0.0002588826083472313,0.0001154074031651434,7.177761415857014e-05,0.0006616295676034298,0.0002588826083472371,0.00011540740316514675,7.177761415856809e-05,0.00010935579094727394,0.0001702343446665356,6.517431587573419e-05,6.344684561663309e-05,0.00015528139229946674,0.00012656901838997128,0.000110092779992624,9.339111667518957e-05,0.00010935579094726618,0.00017023434466654298,6.517431587573565e-05,6.344684561663232e-05,0.00015528139229946682,0.0001265690183899702,0.00011009277999263312,9.339111667518523e-05,0.00011604555374038161,0.00012932391256716925,0.00014684203843261058,0.00014043980590291787,0.00014832724641727782,0.00013263771358236918,0.0001298799104171908,0.00012062368793761539,7.9130194340669e-05,9.699790706616065e-05,0.00012254801168844686,0.00010911248477390305,2.453751769268394e-05,0.0001239908552703424,0.00013320367417963256,0.00010102789162255555,0.00011604555374038524,0.00012932391256717017,0.0001468420384326102,0.00014043980590291473,0.0001483272464172762,0.0001326377135823706,0.00012987991041720013,0.00012062368793761733,7.913019434065867e-05,9.699790706616364e-05,0.00012254801168844626,0.00010911248477389298,2.4537517692685614e-05,0.00012399085527033224,0.00013320367417963842,0.00010102789162256467
0.0004786968936744826,5.081827928154023e-05,0.0004786968936745017,5.0818279281541483e-05,5.569911429087926e-05,0.0021877626067284745,5.569911429090036e-05,0.0021877626067284828,5.9557720329510286e-05,8.222651752574553e-05,0.0001253240002603092,0.00024248992328083896,5.955772032950843e-05,8.222651752574258e-05,0.00012532400026032964,0.00024248992328082297,0.0009464717736454562,0.0003574796918308686,0.00014085154646589982,6.887631930981716e-05,0.0009464717736454496,0.0003574796918308621,0.00014085154646589987,6.887631930981791e-05,0.00010438835758761893,0.00016320397820389864,4.6387545612188366e-05,6.9412564656869e-05,0.0001746227824042149,0.00014344219445987705,0.0001255334523697578,0.00010238081214578353,0.00010438835758761733,0.00016320397820391292,4.638754561217695e-05,6.941256465686867e-05,0.0001746227824042204,0.00014344219445987453,0.00012553345236976404,0.00010238081214577223,0.00011056344794592424,0.0001266474516630574,0.00015260170124208923,0.00015282524699468028,0.00014132122308988388,0.0001313413306458488,0.0001382682863489344,0.00013558749647462785,7.36623538387597e-05,0.0001014795909404301,0.0001389762954729564,0.0001253204785752054,2.9283579790275243e-05,0.000151735048988726,0.0001575405658839575,0.00011373814001850653,0.00011056344794592336,0.00012664745166305404,0.00015260170124208253,0.0001528252469946755,0.00014132122308987537,0.00013134133064585763,0.00013826828634893844,0.00013558749647462793,7.3662353838759e-05,0.00010147959094043279,0.00013897629547295892,0.00012532047857520507,2.9283579790274057e-05,0.00015173504898872354,0.00015754056588395706,0.00011373814001850581
0.0005790575707185257,3.76516081868856e-05,0.0005790575707185321,3.765160818688142e-05,3.882760246135725e-05,0.00311387277275283,3.8827602461361126e-05,0.003113872772752823,4.722108138993818e-05,7.273469228471452e-05,0.00012624385028769066,0.0002775449935014463,4.722108138992982e-05,7.273469228471368e-05,0.00012624385028768396,0.0002775449935014431,0.0013065415463043059,0.00048440802660024303,0.00017303673948904606,6.674925842267706e-05,0.0013065415463043117,0.00048440802660024905,0.00017303673948905127,6.674925842267655e-05,9.944079385596371e-05,0.00014792575556744463,3.4006625004196996e-05,7.105387027316581e-05,0.0002000667835553109,0.0001669498339466915,0.00014755622889152858,0.00011553644443732597,9.944079385596115e-05,0.000147925755567442,3.400662500421296e-05,7.105387027317317e-05,0.00020006678355529957,0.0001669498339466915,0.00014755622889153156,0.00011553644443731365,0.00010440685855174516,0.00012381189865977782,0.00016053043066855037,0.00016912161573821548,0.0001311299183043153,0.00013203195365729952,0.00015184818532423374,0.00015711232718014484,7.710362541581291e-05,0.00011439236130362218,0.00016427227327853687,0.0001489049689394412,4.264227039567208e-05,0.00019029612725908376,0.00019048580331973214,0.00013114870396707513,0.00010440685855175331,0.00012381189865977722,0.0001605304306685506,0.00016912161573821643,0.0001311299183043151,0.0001320319536572956,0.00015184818532423518,0.00015711232718014265,7.71036254158096e-05,0.00011439236130362138,0.0001642722732785393,0.00014890496893944137,4.2642270395664195e-05,0.00019029612725908376,0.00019048580331972967,0.00013114870396708223
0.0007027049335312825,2.4994294995530717e-05,0.0007027049335312797,2.4994294995509118e-05,2.5388757679962907e-05,0.004201743256114783,2.5388757679958313e-05,0.004201743256114763,3.513104729052297e-05,6.2933887037614e-05,0.0001274819324659527,0.0003193528644047245,3.513104729052321e-05,6.293388703761222e-05,0.00012748193246595838,0.0003193528644047246,0.001749554076952194,0.0006427531941429669,0.00021292444737642732,6.621074532105012e-05,0.0017495540769521779,0.0006427531941429517,0.00021292444737642884,6.621074532107185e-05,9.426544209488661e-05,0.00012702030064786304,2.8051305836791418e-05,6.582044632350505e-05,0.00023253003245819601,0.0001984668289246186,0.00017762482846729567,0.00013389681985123662,9.42654420948874e-05,0.00012702030064787106,2.805130583678092e-05,6.582044632350385e-05,0.00023253003245819184,0.00019846682892463066,0.00017762482846729377,0.00013389681985122905,9.761831063453863e-05,0.00012124057565241977,0.00017115833878885442,0.00018994978400201106,0.00011976151611608763,0.0001362421184310672,0.00017212063383005642,0.00018669301849761483,9.034345875827914e-05,0.00013774590984649019,0.0002004246522268584,0.00018151065098853311,6.611106119359495e-05,0.0002411873880547844,0.00023356125620045527,0.00015424468146761362,9.761831063454046e-05,0.0001212405756524236,0.0001711583387888556,0.00018994978400201047,0.00011976151611608752,0.00013624211843106678,0.00017212063383005685,0.00018669301849761377,9.034345875828562e-05,0.00013774590984648823,0.0002004246522268584,0.000181510650988535,6.611106119359264e-05,0.00024118738805480353,0.00023356125620045681,0.00015424468146760925
0.0008510661207741686,1.3799840596924002e-05,0.0008510661207741802,1.3799840596894115e-05,1.7006062084178252e-05,0.00541499819341773,1.7006062084165675e-05,0.005414998193417711,2.4035243941895813e-05,5.3201301251215306e-05,0.00012899774839380293,0.00036777567984694825,2.4035243941894933e-05,5.320130125122517e-05,0.000128997748393801,0.0003677756798469488,0.0022859775696230803,0.0008358839531996198,0.00026182639874599466,6.808778950903874e-05,0.002285977569623081,0.0008358839531996249,0.0002618263987459943,6.808778950905252e-05,8.878926103918092e-05,0.00010293982546363012,2.8665186965377368e-05,5.2310367520089434e-05,0.00027286837987389634,0.00023930069753308475,0.00021716455462030023,0.00015850147451975088,8.878926103919111e-05,0.0001029398254636356,2.866518696538189e-05,5.231036752009758e-05,0.00027286837987387466,0.00023930069753308854,0.00021716455462030197,0.00015850147451974697,9.032275987578006e-05,0.00011927956763246902,0.0001848981083438428,0.00021586483290809337,0.00010883491526265726,0.00014518640507168117,0.0002003674347380231,0.0002257261360709096,0.00011379961909063775,0.00017328838467348785,0.0002492640278686275,0.00022471082040152512,0.0001008502607451341,0.0003058982308889068,0.0002883839809275006,0.00018407779237797998,9.03227598757856e-05,0.00011927956763246712,0.00018489810834384563,0.00021586483290809814,0.00010883491526265982,0.00014518640507166843,0.00020036743473802234,0.00022572613607091017,0.0001137996190906331,0.00017328838467348836,0.0002492640278686236,0.00022471082040152193,0.00010085026074512928,0.00030589823088891024,0.00028838398092750553,0.00018407779237798248
0.0010317145178127796,4.287841894438744e-06,0.0010317145178127887,4.2878418944379105e-06,1.4275330485402236e-05,0.006706935704194103,1.4275330485381969e-05,0.006706935704194092,1.404496796048985e-05,4.366068335205581e-05,0.0001313166788385501,0.00042494737238444105,1.404496796050033e-05,4.366068335204586e-05,0.00013131667883855538,0.0004249473723844303,0.002915334013193503,0.0010601011132968525,0.00031802203848573397,7.177309691478318e-05,0.002915334013193497,0.0010601011132968436,0.0003180220384857402,7.177309691478127e-05,8.224170653063939e-05,7.7630323642047e-05,3.554882767237191e-05,3.364444145699693e-05,0.00032326356894718777,0.0002915922105067826,0.00026762872289666755,0.0001893057012872633,8.224170653063992e-05,7.763032364205031e-05,3.5548827672375656e-05,3.364444145698545e-05,0.0003232635689471878,0.00029159221050677816,0.0002676287228966783,0.00018930570128727718,8.222471350525082e-05,0.00011844717466236432,0.0002029767448354906,0.0002484338593125455,0.00010002968760079779,0.00016087001226899978,0.0002390521129904761,0.0002765497309134939,0.0001485189341548283,0.00022382477643513295,0.0003134805049179665,0.0002803057913738728,0.0001493137420165068,0.0003863533555341671,0.0003556850309033991,0.00022061621931795415,8.22247135052475e-05,0.00011844717466237049,0.00020297674483549163,0.00024843385931254256,0.000100029687600795,0.00016087001226899972,0.00023905211299047433,0.0002765497309135004,0.0001485189341548369,0.00022382477643512875,0.0003134805049179696,0.0002803057913738707,0.00014931374201650777,0.0003863533555341666,0.0003556850309033997,0.00022061621931795041
0.0012546544410377248,-2.821409110006789e-06,0.001254654441037725,-2.821409109999657e-06,1.8919630881842006e-05,0.008039680892866316,1.8919630881837033e-05,0.008039680892866267,5.692048237058023e-06,3.4668558134969605e-05,0.00013509857678595022,0.000493521298555775,5.6920482370591494e-06,3.4668558134963764e-05,0.00013509857678595325,0.0004935212985557728,0.003615123716234493,0.0013062763775575203,0.0003783573779386661,7.690735504764252e-05,0.0036151237162344915,0.0013062763775575181,0.00037835737793865017,7.690735504763832e-05,7.390532185448838e-05,5.261247779691728e-05,5.022169653355723e-05,1.676673580523249e-05,0.00038645616403013775,0.00035799129658156356,0.00033065220671117435,0.00022607952347338282,7.390532185447642e-05,5.2612477796913664e-05,5.0221696533565653e-05,1.67667358052358e-05,0.0003864561640301293,0.0003579912965815702,0.0003306522067111458,0.00022607952347338385,7.318535617332637e-05,0.00011948637230394793,0.0002269929457046561,0.0002896495226361438,9.540108030892276e-05,0.00018578804465614132,0.0002914006746161389,0.00034211073003777027,0.00019625577337437062,0.0002930277479429335,0.000396532833354863,0.0003503566116539671,0.00021868437854503472,0.0004860809319431512,0.000436118432204618,0.0002635746892761223,7.318535617332319e-05,0.00011948637230395736,0.000226992945704654,0.0002896495226361464,9.5401080308931e-05,0.00018578804465613544,0.0002914006746161467,0.0003421107300377659,0.00019625577337436644,0.0002930277479429303,0.0003965328333548645,0.0003503566116539687,0.0002186843785450302,0.0004860809319431565,0.0004361184322046255,0.0002635746892761221
0.0015158460668703326,-6.1056494252030775e-06,0.00151584606687034,-6.105649425198978e-06,3.273041388668273e-05,0.009383800937472495,3.2730413886687584e-05,0.009383800937472469,3.5746136968205074e-07,2.712136232381349e-05,0.0001398997361927963,0.0005708537893447027,3.5746136967577847e-07,2.7121362323811348e-05,0.0001398997361927988,0.000570853789344692,0.004396582785058096,0.0015793835563362496,0.000445878002717919,8.542447419650604e-05,0.0043965827850581,0.001579383556336255,0.00044587800271790433,8.54244741965176e-05,6.478883098339298e-05,2.9909892152077327e-05,7.46714100030468e-05,7.0731550915490545e-06,0.0004621088778785004,0.000438852392288703,0.0004071222424467097,0.0002701317658870046,6.478883098340007e-05,2.990989215208578e-05,7.467141000304839e-05,7.073155091542299e-06,0.000462108877878503,0.0004388523922887013,0.00040712224244671943,0.000270131765887017,6.408869379755498e-05,0.00012258790291414152,0.0002565063379951711,0.0003391367172441839,9.597739099260905e-05,0.00021992750412600976,0.000357303936224408,0.0004227506905656235,0.00025637795038189814,0.0003810819608819165,0.0004989661894853136,0.0004356410717854145,0.00030968601981842077,0.0006060454249557352,0.0005313653529921416,0.0003143635427938575,6.408869379755417e-05,0.0001225879029141465,0.00025650633799516743,0.0003391367172441755,9.597739099259771e-05,0.00021992750412601627,0.0003573039362244046,0.0004227506905656354,0.00025637795038190784,0.0003810819608819168,0.0004989661894852966,0.0004356410717854155,0.00030968601981841984,0.0006060454249557299,0.0005313653529921488,0.00031436354279386065
0.0018121970485038702,-5.284354540451111e-06,0.0018121970485038622,-5.284354540465502e-06,5.4262973056491234e-05,0.010701916033655494,5.426297305650605e-05,0.01070191603365546,-1.5405260666965976e-06,2.145729855461746e-05,0.00014514680659712397,0.0006547589878122698,-1.5405260666933916e-06,2.145729855461651e-05,0.00014514680659712023,0.0006547589878122678,0.005269195294229007,0.0018810730953448388,0.0005238886937367304,9.84550860174294e-05,0.0052691952942290066,0.00188107309534483,0.0005238886937367479,9.845508601741921e-05,5.466673490273608e-05,1.1277078980276472e-05,0.00010111917657334092,1.156625292289851e-05,0.0005507808114656565,0.0005353245016113896,0.0004986301179527449,0.0003231942938991149,5.4666734902742076e-05,1.1277078980273636e-05,0.00010111917657334734,1.1566252922901045e-05,0.0005507808114656701,0.0005353245016113891,0.0004986301179527401,0.0003231942938991226,5.547522280963689e-05,0.00012789926310015123,0.00029163140619048315,0.00039726776608031196,0.0001023489071783271,0.00026419313713180913,0.0004376182284665928,0.000519617832255968,0.0003293534492866747,0.0004892737540080343,0.0006223365964247325,0.0005376781108348605,0.0004171005819781972,0.0007477975702636073,0.0006442180099898051,0.0003751778619543316,5.547522280963299e-05,0.0001278992631001497,0.0002916314061904781,0.00039726776608032535,0.00010234890717832388,0.00026419313713181813,0.00043761822846659154,0.0005196178322559652,0.0003293534492866798,0.0004892737540080325,0.0006223365964247373,0.0005376781108348599,0.00041710058197818515,0.0007477975702636112,0.0006442180099898113,0.000375177861954332
0.0021619962173590095,-3.3986392858680513e-06,0.002161996217359012,-3.398639285873757e-06,8.390307521525392e-05,0.011966154310280017,8.390307521525179e-05,0.011966154310279978,-1.4100352308674915e-06,1.969515401778132e-05,0.0001552750132268126,0.0007530190010079529,-1.4100352308576799e-06,1.969515401777756e-05,0.00015527501322681243,0.0007530190010079441,0.006228656765111699,0.0022030513987775172,0.0006072960127279784,0.00011423462212628808,0.006228656765111685,0.002203051398777531,0.0006072960127279747,0.00011423462212628841,3.44346717239422e-05,1.3421595545317521e-06,0.00013023576825108282,3.741406709961893e-05,0.0006550080738591622,0.000647981987749104,0.0006040464874435248,0.00038236375710855124,3.4434671723945634e-05,1.342159554533641e-06,0.0001302357682510854,3.741406709962171e-05,0.000655008073859155,0.0006479819877490925,0.0006040464874435176,0.0003823637571085505,4.58364686581509e-05,0.0001356572423720556,0.0003338979255206886,0.0004662314718941354,0.00011717544097393344,0.0003196814602122209,0.00053224980115136,0.0006328215798591435,0.00041521843970479294,0.0006209399576265907,0.0007672377732867549,0.0006554420133352607,0.0005421026510347006,0.0009121452309833965,0.0007725430272116691,0.0004432362767387407,4.583646865814979e-05,0.00013565724237205853,0.00033389792552068526,0.0004662314718941429,0.00011717544097393268,0.0003196814602122233,0.0005322498011513546,0.0006328215798591476,0.00041521843970478427,0.0006209399576265928,0.0007672377732867627,0.0006554420133352696,0.0005421026510346917,0.0009121452309834053,0.0007725430272116731,0.00044323627673874017
0.0025279612855519063,-1.7046062770160893e-06,0.002527961285551915,-1.7046062770179164e-06,0.0001157532400188349,0.01300420627180573,0.00011575324001881891,0.01300420627180564,-9.041237269810859e-07,1.844931608205817e-05,0.00016328185296108326,0.0008490511306310647,-9.04123726971002e-07,1.844931608205182e-05,0.00016328185296108242,0.0008490511306310593,0.007350111750505666,0.002585013479470661,0.0007153810123197269,0.0001362567760231854,0.007350111750505647,0.002585013479470651,0.0007153810123197347,0.00013625677602318136,1.8423885253325597e-05,1.4176763090451735e-06,0.00016993097811640378,0.00010729101548444654,0.0007691171713862696,0.0007748200601089655,0.0007259571945228674,0.0004542223624670659,1.8423885253331573e-05,1.4176763090320724e-06,0.00016993097811639766,0.00010729101548443594,0.000769117171386266,0.0007748200601089628,0.0007259571945228617,0.00045422236246707144,3.802110659628961e-05,0.00014432400018075302,0.0003779734085560865,0.000540664414344749,0.00013807139851250297,0.000381579847867699,0.0006369417160095773,0.0007602327314828411,0.0005043692210332334,0.0007689078683223639,0.0009313391501714612,0.0007908328452974978,0.0006861692198628358,0.0011005456729282382,0.0009235593897848154,0.0005259876295982353,3.802110659628496e-05,0.00014432400018075494,0.00037797340855608906,0.0005406644143447578,0.00013807139851249294,0.00038157984786769776,0.0006369417160095899,0.0007602327314828408,0.000504369221033242,0.0007689078683223619,0.0009313391501714454,0.0007908328452975052,0.0006861692198628358,0.0011005456729282458,0.0009235593897848106,0.0005259876295982388
0.0027472174528803046,-1.1273430053894368e-06,0.0027472174528802946,-1.1273430053885338e-06,0.00011016669511374128,0.012918051627387824,0.00011016669511372773,0.012918051627387853,-6.93547373333418e-07,1.53035421169746e-05,0.0001543049310261882,0.0008893437413218406,-6.935473733366363e-07,1.5303542116981686e-05,0.00015430493102619306,0.000889343741321843,0.008936741843223584,0.0032552106344726104,0.0009639624087033151,0.00018449307783812644,0.008936741843223543,0.003255210634472607,0.0009639624087033125,0.00018449307783813674,1.4894050596201304e-05,1.8943791246714513e-05,0.0002323140032488378,0.0003752620410581672,0.0008675376457338796,0.0009015190340116975,0.0008757834421371152,0.0005781079654881636,1.4894050596199983e-05,1.8943791246713923e-05,0.00023231400324883887,0.00037526204105813623,0.0008675376457338853,0.0009015190340116886,0.0008757834421371095,0.0005781079654881778,3.2279892853170494e-05,0.00014481943743944152,0.0004026177418108095,0.0005989390528430281,0.0001486316964214383,0.000421049957259848,0.0007205666648932968,0.0008833177796710232,0.0005491075228923137,0.0009008066847447868,0.0010978051678032727,0.0009500656996318378,0.0008551823469973753,0.0013276783123966594,0.0011406954380075178,0.0006684218717184557,3.227989285317534e-05,0.00014481943743943903,0.00040261774181080465,0.0005989390528430281,0.00014863169642143946,0.0004210499572598452,0.0007205666648933003,0.0008833177796710316,0.0005491075228923035,0.0009008066847447853,0.0010978051678032746,0.0009500656996318355,0.0008551823469973708,0.0013276783123966674,0.0011406954380075304,0.0006684218717184632
0.0027046275659709054,-1.50523382811114e-06,0.002704627565970916,-1.5052338281138445e-06,9.993799986701072e-05,0.012620698245648487,9.993799986702352e-05,0.012620698245648442,-9.389938942872447e-07,1.4205083515214801e-05,0.00014859913923220353,0.0008734306804496394,-9.389938942964004e-07,1.4205083515215158e-05,0.00014859913923221337,0.0008734306804496324,0.009123896629970322,0.00337743433097826,0.0010222888678080985,0.00019734389796257729,0.009123896629970277,0.0033774343309782616,0.0010222888678080991,0.00019734389796257035,1.793222700375436e-05,2.3550740507535926e-05,0.00024204969799799462,0.0004512808487145771,0.0008643556357552055,0.0009040699277588543,0.0008889160461201698,0.0006006838766371093,1.793222700375607e-05,2.3550740507543586e-05,0.00024204969799799983,0.0004512808487145719,0.0008643556357551935,0.0009040699277588551,0.000888916046120149,0.00060068387663711,3.224884386718215e-05,0.00014177956785717277,0.00039680924777662797,0.0005949133990788714,0.000144260731543157,0.000414026642930747,0.0007151205193256395,0.000884344654090893,0.0005359890274459344,0.0008981064785484501,0.0011021134382241588,0.0009619207678757557,0.0008720725924387068,0.0013470294117230866,0.001169338682717745,0.0006936457925652697,3.2248843867186815e-05,0.00014177956785717667,0.0003968092477766304,0.0005949133990788742,0.00014426073154315234,0.0004140266429307561,0.0007151205193256361,0.0008843446540908911,0.0005359890274459374,0.0008981064785484535,0.0011021134382241528,0.0009619207678757667,0.0008720725924387177,0.001347029411723084,0.0011693386827177502,0.0006936457925652656
0.002678475919964455,-1.7160317175156206e-06,0.0026784759199644462,-1.7160317175189283e-06,9.517192889772083e-05,0.012470675734274007,9.517192889770389e-05,0.012470675734273991,-1.072125327396114e-06,1.367927464181334e-05,0.00014579142030571234,0.0008644429179234495,-1.0721253273842357e-06,1.3679274641810496e-05,0.0001457914203057032,0.0008644429179234538,0.009190711826544637,0.0034293625077109467,0.0010487595868690915,0.00020365274050704023,0.009190711826544599,0.0034293625077109454,0.001048759586869092,0.00020365274050704145,1.9632871471685e-05,2.5399879056002843e-05,0.00024617313050446414,0.0004868747534096017,0.0008608611227463986,0.0009030486589218687,0.0008930331090784693,0.0006104484018546893,1.9632871471683965e-05,2.539987905600076e-05,0.00024617313050448344,0.00048687475340958785,0.000860861122746385,0.0009030486589218765,0.0008930331090784464,0.0006104484018547073,3.238049004542492e-05,0.00014022119700255728,0.0003933753857734265,0.0005917626346484282,0.00014184462811584565,0.0004097004523003521,0.0007107797204382532,0.0008826112485402414,0.0005282356546805012,0.000894168401302614,0.001101247024561493,0.0009651735250212915,0.0008782397088585234,0.0013529218779729638,0.0011803913630293156,0.0007044020799988347,3.2380490045430286e-05,0.00014022119700254947,0.0003933753857734353,0.0005917626346484329,0.00014184462811584871,0.00040970045230035736,0.0007107797204382403,0.0008826112485402519,0.0005282356546804962,0.0008941684013026161,0.001101247024561502,0.0009651735250212909,0.0008782397088585245,0.0013529218779729502,0.0011803913630293154,0.0007044020799988467
0.002654363106530458,-1.9058663379993358e-06,0.002654363106530467,-1.9058663379996386e-06,9.133057250956236e-05,0.012342370467380596,9.133057250955716e-05,0.012342370467380634,-1.190128398929312e-06,1.3237465915580895e-05,0.0001434059534273618,0.0008563806207921901,-1.1901283989438765e-06,1.3237465915580746e-05,0.00014340595342736406,0.0008563806207921767,0.009237835095768188,0.0034704504987869977,0.001070489939533132,0.00020908829815140684,0.009237835095768138,0.0034704504987870103,0.0010704899395331462,0.00020908829815139915,2.117074042008117e-05,2.6815742268018212e-05,0.00024946135621527606,0.0005165666571959444,0.0008571752401079695,0.0009013370916171893,0.0008956630738775543,0.0006182762594500789,2.11707404200829e-05,2.6815742268018104e-05,0.00024946135621527795,0.0005165666571959376,0.0008571752401079649,0.0009013370916171727,0.0008956630738775536,0.0006182762594501013,3.2556364072192076e-05,0.0001388778015210574,0.00039024806517948697,0.0005886541327609469,0.00013970816313298135,0.0004057188108987254,0.0007064880690386246,0.0008803131414229101,0.0005211879098347561,0.0008898718855254374,0.0010994095819222222,0.0009669814186068923,0.0008827874347955807,0.0013565986690421419,0.0011886626298173587,0.0007129471499723872,3.2556364072193364e-05,0.0001388778015210521,0.00039024806517948333,0.0005886541327609465,0.00013970816313298336,0.0004057188108987284,0.0007064880690386393,0.0008803131414229143,0.0005211879098347501,0.000889871885525439,0.00109940958192223,0.0009669814186068938,0.0008827874347955773,0.0013565986690421447,0.0011886626298173654,0.0007129471499723938
0.002627426957165742,-2.12273903949357e-06,0.0026274269571657334,-2.122739039495373e-06,8.757705023239868e-05,0.012207502016076486,8.757705023239659e-05,0.012207502016076474,-1.3219202806990748e-06,1.2773860105676834e-05,0.0001408921353082486,0.0008475287393901723,-1.3219202807075697e-06,1.2773860105686858e-05,0.00014089213530825816,0.0008475287393901557,0.0092793562016156,0.0035111771154222146,0.0010927061708994918,0.00021489853230580652,0.00927935620161556,0.003511177115422227,0.001092706170899492,0.00021489853230581763,2.2920166479665615e-05,2.8360803376914336e-05,0.0002527620297669772,0.0005473998178631447,0.000852690401615322,0.0008988301156928899,0.000897700775693357,0.0006261095903145196,2.292016647966798e-05,2.8360803376911992e-05,0.0002527620297669917,0.0005473998178631243,0.0008526904016153241,0.0008988301156928899,0.0008977007756933643,0.0006261095903145182,3.280092630592728e-05,0.00013743099253995327,0.0003867568595526439,0.0005850076926560739,0.0001373795719365262,0.00040127431766889956,0.0007014676309085278,0.0008772089372226758,0.000513523845572814,0.0008846676651273096,0.0010965942934974553,0.0009680919290630306,0.0008871852180896996,0.0013594548771214026,0.001196427328250481,0.0007214189373240272,3.2800926305933756e-05,0.00013743099253995546,0.0003867568595526418,0.0005850076926560724,0.0001373795719365306,0.000401274317668905,0.0007014676309085156,0.0008772089372226851,0.0005135238455728091,0.0008846676651273033,0.0010965942934974566,0.0009680919290630259,0.0008871852180897083,0.001359454877121404,0.00119642732825048,0.0007214189373240366
0.002622653433489012,-2.165340129968311e-06,0.0026226534334890176,-2.1653401299649302e-06,8.695198139174878e-05,0.01218387277005542,8.695198139176195e-05,0.01218387277005538,-1.3491014927501362e-06,1.269304791794118e-05,0.00014045776089342826,0.0008459723305441385,-1.3491014927651268e-06,1.2693047917950805e-05,0.0001404577608934253,0.0008459723305441304,0.009286162248526377,0.003518204716780562,0.0010965840247074178,0.0002159363516848479,0.009286162248526355,0.0035182047167805685,0.0010965840247074343,0.00021593635168484212,2.3229320904571603e-05,2.8640773249168275e-05,0.00025334436273906477,0.000552851492379178,0.000851872986200038,0.0008983514149065353,0.0008980177580151147,0.0006274663608472162,2.3229320904566995e-05,2.8640773249166988e-05,0.0002533443627390719,0.0005528514923791713,0.0008518729862000271,0.0008983514149065515,0.0008980177580150966,0.0006274663608472288,3.284671652873141e-05,0.00013717632418001983,0.0003861362813905418,0.0005843508288599683,0.00013696977861045657,0.0004004832457959296,0.0007005580402841265,0.0008766254381603158,0.0005121668637713534,0.0008837247325983876,0.001096052707772444,0.0009682422352762635,0.0008879629619163575,0.001359907580394662,0.0011977404838412265,0.000722880163096831,3.284671652873123e-05,0.00013717632418001248,0.0003861362813905347,0.0005843508288599786,0.00013696977861045207,0.0004004832457959335,0.0007005580402841359,0.0008766254381603045,0.0005121668637713525,0.0008837247325983845,0.0010960527077724545,0.0009682422352762688,0.0008879629619163647,0.0013599075803946547,0.0011977404838412187,0.0007228801630968433
0.0026222447550676587,-2.1770166323308234e-06,0.0026222447550676336,-2.1770166323227884e-06,8.687701070401825e-05,0.012180830082268525,8.687701070401305e-05,0.0121808300822685,-1.3598602310257123e-06,1.2683519767547091e-05,0.00014041693225821348,0.0008458379503393787,-1.3598602310163678e-06,1.268351976754082e-05,0.00014041693225821052,0.0008458379503393764,0.00928763872729239,0.003519356316225638,0.0010971647224399432,0.0002160849616881219,0.009287638727292349,0.0035193563162256333,0.0010971647224399287,0.00021608496168814786,2.3244788100509782e-05,2.868399262966045e-05,0.0002534557989917381,0.0005537155596695086,0.0008518228114323138,0.0008983467026075578,0.0008981167435058587,0.0006276815518563074,2.3244788100499455e-05,2.8683992629665834e-05,0.0002534557989917461,0.0005537155596694826,0.0008518228114323165,0.0008983467026075528,0.0008981167435058461,0.0006276815518563177,3.2845769980439856e-05,0.00013714785717961714,0.00038607851920570234,0.0005843039582305069,0.0001369290979784667,0.0004004062922296003,0.0007004782402256927,0.0008766027500944284,0.0005120132639985,0.0008836739861723819,0.0010960555674482426,0.0009683234864643482,0.0008881446011534762,0.0013600620292308003,0.0011979904067729982,0.0007231164739788202,3.2845769980438134e-05,0.00013714785717962148,0.0003860785192057009,0.0005843039582305035,0.00013692909797845536,0.00040040629222960907,0.0007004782402256857,0.0008766027500944284,0.0005120132639985001,0.0008836739861723759,0.0010960555674482592,0.0009683234864643522,0.0008881446011534837,0.0013600620292308037,0.0011979904067730095,0.0007231164739788182
0.0026214161926170097,-2.2004334865421323e-06,0.002621416192617009,-2.2004334865243556e-06,8.672604843775226e-05,0.012174686108830074,8.672604843777682e-05,0.012174686108830012,-1.3814883699082483e-06,1.2664303768622618e-05,0.0001403344712021968,0.000845565818782746,-1.3814883699159934e-06,1.2664303768627803e-05,0.00014033447120221233,0.0008455658187827298,0.009290603153814136,0.0035216762021893482,0.0010983357303347323,0.00021638507057606377,0.009290603153814098,0.003521676202189336,0.0010983357303347315,0.00021638507057606933,2.3276242876651136e-05,2.8771395538925397e-05,0.00025368048260896565,0.0005554593677594337,0.0008517202209621299,0.0008983356899830857,0.000898315053721901,0.0006281151367526389,2.327624287664831e-05,2.8771395538936016e-05,0.00025368048260894955,0.0005554593677594499,0.000851720220962118,0.0008983356899830855,0.0008983150537219107,0.0006281151367526316,3.284394548153402e-05,0.00013709030861936157,0.00038596146268208875,0.0005842085196706597,0.0001368467549943675,0.00040025033717289746,0.0007003160173971079,0.0008765554707554868,0.0005117025569739601,0.0008835700442722259,0.0010960594524022807,0.0009684858529841452,0.0008885104230505343,0.0013603717057043903,0.0011984930206047134,0.0007235924725756697,3.2843945481534194e-05,0.000137090308619375,0.0003859614626820826,0.0005842085196706639,0.00013684675499434854,0.00040025033717289285,0.0007003160173971245,0.0008765554707554782,0.00051170255697397,0.0008835700442722265,0.0010960594524022686,0.0009684858529841472,0.0008885104230505176,0.0013603717057043985,0.0011984930206047086,0.0007235924725756836
0.002619713018026156,-2.2475149494975586e-06,0.002619713018026178,-2.2475149494966493e-06,8.641996785913522e-05,0.01216215764419437,8.641996785913286e-05,0.012162157644194342,-1.4251895242904773e-06,1.2625218695163709e-05,0.0001401662473931147,0.000845007701979698,-1.4251895242804014e-06,1.2625218695160589e-05,0.00014016624739312907,0.0008450077019796753,0.009296578837947374,0.00352638450295769,0.0011007172553802835,0.00021699718596874813,0.009296578837947288,0.0035263845029576994,0.0011007172553802952,0.00021699718596875718,2.3341294056332214e-05,2.895017028328978e-05,0.0002541373059145179,0.0005590114720586167,0.0008515058250305526,0.0008983071306774243,0.0008987130581232277,0.0006289954707685613,2.3341294056334172e-05,2.8950170283281405e-05,0.0002541373059145129,0.0005590114720586193,0.000851505825030545,0.0008983071306774301,0.000898713058123231,0.0006289954707685677,3.2840580775805246e-05,0.00013697268877393488,0.00038572105466389624,0.000584010665528244,0.00013667803948736438,0.0003999300150791057,0.0006999807935470792,0.0008764530847151272,0.0005110667342615451,0.0008833520927840107,0.0010960596743891445,0.000968810016730362,0.0008892525688208961,0.001360994251908797,0.0011995096096877487,0.0007245583433969192,3.284058077579921e-05,0.00013697268877392772,0.0003857210546638966,0.0005840106655282378,0.00013667803948737227,0.00039993001507910783,0.0006999807935470844,0.0008764530847151268,0.0005110667342615451,0.0008833520927840021,0.001096059674389162,0.0009688100167303533,0.0008892525688209007,0.0013609942519087915,0.001199509609687746,0.0007245583433969223
0.0025792031258491687,-3.0367938175651397e-06,0.0025792031258491605,-3.0367938175794804e-06,8.041986319061719e-05,0.011893079644184696,8.04198631906238e-05,0.011893079644184745,-2.2273906443583098e-06,1.1820424782121101e-05,0.00013652636037438792,0.0008320864278968688,-2.2273906443431373e-06,1.1820424782118858e-05,0.00013652636037439475,0.0008320864278968537,0.009405136189393972,0.0036213416564894463,0.001150210893146435,0.0002302761949604058,0.009405136189393901,0.0036213416564894398,0.0011502108931464442,0.000230276194960421,2.5006741906805905e-05,3.297088833806446e-05,0.0002636204482328813,0.0006345160573941232,0.0008454090070581438,0.0008959510605023734,0.0009054556818948131,0.0006468727435046844,2.5006741906793088e-05,3.297088833807416e-05,0.0002636204482328745,0.000634516057394098,0.0008454090070581316,0.0008959510605023564,0.00090545568189479,0.0006468727435046843,3.287627360440697e-05,0.0001343712470641423,0.0003800654004017637,0.0005788318134075032,0.00013282883033386865,0.00039239234542678373,0.0006915145441525289,0.0008725479794385669,0.0004967596956617168,0.0008769597607161581,0.0010938693831094738,0.0009738072835573676,0.0009042394223714796,0.0013718566916808518,0.0012190157616816402,0.000743996784360413,3.28762736044038e-05,0.00013437124706414133,0.0003800654004017574,0.0005788318134075036,0.00013282883033386632,0.0003923923454267954,0.0006915145441525256,0.0008725479794385718,0.0004967596956617253,0.0008769597607161559,0.0010938693831094852,0.0009738072835573694,0.0009042394223714839,0.00137185669168086,0.0012190157616816378,0.0007439967843604114
0.0009123711815752458,0.00028593594047114,0.0009123711815752253,0.00028593594047114645,0.0009038803267015066,0.006770551267764667,0.000903880326701489,0.006770551267764639,0.00017145183962542407,4.1240454086734934e-05,3.9371128359672886e-05,0.000322297771095218,0.00017145183962541307,4.1240454086742164e-05,3.937112835967335e-05,0.0003222977710952132,0.005628385886324688,0.004291138760255666,0.002533616082614247,0.0012308811204656733,0.005628385886324649,0.004291138760255659,0.002533616082614266,0.001230881120465671,0.00013730226217605195,0.00022561653947560385,0.0003797117001856056,0.004770562533360412,0.0004227178990865766,0.0005432188152708543,0.0007941924462604464,0.0011281342611365803,0.00013730226217604482,0.00022561653947560225,0.0003797117001856027,0.004770562533360412,0.00042271789908658,0.0005432188152708533,0.0007941924462604215,0.0011281342611365792,4.390405527345754e-05,8.254771396448399e-05,0.00018290549943977933,0.00030045452716364154,6.538104293097257e-05,0.00016825510706616062,0.0003376484778449242,0.0005119410585049794,0.00026007306505928173,0.000579749687540327,0.0007516778464313123,0.000795548669329936,0.0023880765107379925,0.0016387955645475758,0.001486007662052975,0.0011883099549785997,4.390405527345742e-05,8.25477139644854e-05,0.00018290549943976838,0.00030045452716364425,6.538104293097838e-05,0.00016825510706615956,0.00033764847784491833,0.0005119410585049867,0.00026007306505928173,0.0005797496875403223,0.0007516778464313204,0.000795548669329939,0.0023880765107379986,0.001638795564547572,0.001486007662052969,0.0011883099549786168
0.0009349818517128372,0.00029066826792212476,0.0009349818517128478,0.0002906682679221287,0.0009439769283647995,0.006782747489399631,0.0009439769283647896,0.006782747489399596,0.00017075249392448826,3.8800273959955166e-05,3.8964565625629235e-05,0.00032926414905422687,0.00017075249392447888,3.880027395995997e-05,3.8964565625633816e-05,0.000329264149054228,0.00541771361074056,0.004248884925447999,0.0025631430088807134,0.0012668130004109312,0.005417713610740547,0.004248884925447988,0.002563143008880722,0.0012668130004109353,0.00013537139882344363,0.0002216541735189917,0.00037026556423400104,0.005082172485622831,0.00043384764814656567,0.0005582843233402242,0.0008149708595689377,0.001156324305158375,0.00013537139882344239,0.0002216541735189813,0.0003702655642340125,0.005082172485622814,0.00043384764814658367,0.000558284323340216,0.0008149708595689198,0.0011563243051583713,3.712826922217915e-05,8.199140162425197e-05,0.00018763202270594414,0.00030849412184304946,7.176921698072523e-05,0.00017716472007634523,0.00035196857555932137,0.0005275720262244107,0.0002993043126358083,0.0006175542527449927,0.0007822147527899673,0.000818269531927497,0.00255112729277777,0.0017173078386484317,0.0015303218225224686,0.0012185910568583717,3.712826922218117e-05,8.199140162424984e-05,0.00018763202270593739,0.00030849412184304247,7.17692169807232e-05,0.0001771647200763513,0.0003519685755593153,0.0005275720262244185,0.00029930431263580767,0.0006175542527449934,0.0007822147527899711,0.0008182695319275065,0.0025511272927777736,0.0017173078386484258,0.0015303218225224758,0.0012185910568583763
0.0010052821749093653,0.00028844364112017766,0.0010052821749093593,0.00028844364112016,0.0009922883789098386,0.0067950701247740265,0.0009922883789098334,0.006795070124773989,0.0001624158478145224,3.294158734796951e-05,3.9438366854283995e-05,0.0003511304159423795,0.00016241584781453248,3.2941587347971856e-05,3.943836685428061e-05,0.00035113041594237186,0.005098255736846616,0.004175633974052991,0.002599882145857666,0.0013132036210735441,0.005098255736846595,0.004175633974052989,0.0025998821458576675,0.0013132036210735374,0.0001325731246235155,0.0002140225430812557,0.00036277547537659385,0.005632472757678022,0.00046411948080866646,0.0005956724427669986,0.0008608580703795169,0.0012065538576967174,0.0001325731246235211,0.00021402254308125455,0.00036277547537660334,0.005632472757677995,0.00046411948080866006,0.0005956724427670277,0.0008608580703795238,0.0012065538576967166,2.5458328281273953e-05,8.181587525784258e-05,0.00020020283713124284,0.00032958563126226904,8.636553938076735e-05,0.00019944338564116196,0.0003867662121426678,0.0005658378016029269,0.00038319472155835533,0.0007013641353689184,0.0008510583867701728,0.0008690267662924292,0.0028484165406424816,0.0018706120992499921,0.0016177717444742705,0.0012741294241005428,2.5458328281270378e-05,8.181587525783577e-05,0.00020020283713125108,0.0003295856312622638,8.63655393807632e-05,0.00019944338564116543,0.0003867662121426615,0.0005658378016029181,0.00038319472155834964,0.0007013641353689219,0.000851058386770179,0.0008690267662924201,0.002848416540642476,0.0018706120992499848,0.001617771744474281,0.0012741294241005638
0.0011979251017704676,0.0002628046669147265,0.0011979251017704769,0.0002628046669147193,0.0010339265018448215,0.006707760622398725,0.0010339265018448436,0.006707760622398741,0.00013473936031081744,2.142164502488859e-05,4.337584721904233e-05,0.0004106097519732941,0.00013473936031081746,2.1421645024896777e-05,4.337584721904908e-05,0.00041060975197328153,0.004619532747875249,0.00403465371463749,0.002626329870742611,0.0013600680646258041,0.004619532747875243,0.004034653714637489,0.002626329870742612,0.001360068064625815,0.00013473193356036917,0.00020675161196306743,0.00039572182543825575,0.006594183453617862,0.0005415810662759888,0.00068625460208465,0.0009625781489332834,0.0012965187385345677,0.00013473193356037993,0.00020675161196305388,0.00039572182543826323,0.006594183453617834,0.0005415810662759872,0.0006862546020846331,0.0009625781489333072,0.0012965187385345508,9.63496027592479e-06,8.538886887979009e-05,0.00023321210217074854,0.00038280214140728065,0.00012282485691906988,0.00025833195358311524,0.0004728968413456284,0.000658418971379341,0.0005768557148130056,0.0008966719144600743,0.0010099695978940193,0.0009829688440826587,0.0034013734832974577,0.0021783839155565385,0.001793714228882509,0.0013772235038709796,9.6349602759267e-06,8.538886887978446e-05,0.00023321210217075358,0.000382802141407283,0.00012282485691907474,0.00025833195358311876,0.00047289684134562446,0.000658418971379355,0.0005768557148130168,0.0008966719144600636,0.0010099695978940163,0.0009829688440826472,0.003401373483297444,0.002178383915556546,0.00179371422888251,0.001377223503870991
0.001427019177810713,0.00022060883969762552,0.001427019177810772,0.00022060883969761858,0.001066126334315176,0.006380646943351128,0.0010661263343151551,0.006380646943351074,0.00010185551797863732,1.3026345156842955e-05,5.0155393244158906e-05,0.0004808655493034687,0.00010185551797863264,1.302634515684123e-05,5.015539324415576e-05,0.0004808655493034455,0.004170786339201394,0.0038642316862602475,0.0026196492292823274,0.0013920784992809709,0.004170786339201387,0.003864231686260237,0.0026196492292823365,0.0013920784992809737,0.0001392660430230119,0.0002150632460707743,0.000505875606313788,0.007439797755864881,0.0006309949156127868,0.0007886889644644448,0.0010729409168983616,0.0013843709203924808,0.00013926604302300896,0.00021506324607077607,0.0005058756063138145,0.007439797755864832,0.0006309949156127764,0.0007886889644644478,0.0010729409168983555,0.0013843709203924886,5.877625622028653e-06,9.568743534124455e-05,0.00027482347436547436,0.00044503468358159283,0.0001669846786698368,0.00033426519435188803,0.0005762830561489784,0.0007639442815728169,0.0008123704335096854,0.0011268957508340342,0.0011917029286392438,0.0011076045438745932,0.003954276098238111,0.0025030778438516416,0.0019777933732844323,0.001480481324210139,5.877625622029668e-06,9.568743534124627e-05,0.0002748234743654791,0.00044503468358158676,0.00016698467866983692,0.00033426519435189383,0.0005762830561489734,0.0007639442815728115,0.0008123704335096871,0.001126895750834028,0.0011917029286392464,0.0011076045438745941,0.003954276098238102,0.0025030778438516576,0.001977793373284418,0.0014804813242101573
0.0016610890269764707,0.00015676635370042704,0.0016610890269764776,0.00015676635370043775,0.0011643188183171694,0.005613777608464442,0.0011643188183171373,0.0056137776084643825,6.527522523502098e-05,7.7711823412001e-06,5.866739830246635e-05,0.0005545424220105804,6.52752252350205e-05,7.771182341193665e-06,5.8667398302466285e-05,0.0005545424220105624,0.003590079238621523,0.0036157717398496597,0.00260167255748335,0.0014594729727993912,0.003590079238621509,0.0036157717398496454,0.0026016725574833535,0.0014594729727994012,0.00011391292699874894,0.0002420466988756174,0.0007365964186194457,0.008142299204379328,0.0007218565532732838,0.0008939441359905185,0.0011888332409389045,0.001484814709220932,0.00011391292699874838,0.00024204669887561086,0.0007365964186194465,0.008142299204379333,0.0007218565532732948,0.000893944135990503,0.0011888332409389088,0.0014848147092209264,1.6136913749507736e-05,0.00011521892724033059,0.0003250955961380097,0.0005116529983367192,0.00021064824931446596,0.0004252060298679845,0.0006929966449579926,0.0008734875669769225,0.0011061867533256895,0.0013941348069370849,0.0013938839148073163,0.0012382085058991867,0.004558143541277625,0.00286625759069361,0.0021824056789320236,0.0015983676248978473,1.6136913749504978e-05,0.0001152189272403245,0.0003250955961380081,0.000511652998336723,0.00021064824931447355,0.00042520602986799796,0.0006929966449579915,0.0008734875669769227,0.0011061867533256834,0.001394134806937092,0.0013938839148073309,0.0012382085058991784,0.00455814354127761,0.002866257590693606,0.002182405678932022,0.001598367624897865
0.0017094147137815376,0.00014042812584745507,0.0017094147137815393,0.00014042812584744635,0.0013085366594829371,0.004824301200609216,0.0013085366594829213,0.004824301200609156,5.585521922219177e-05,6.408777684197573e-06,5.936126235793944e-05,0.0005705026481891472,5.585521922220136e-05,6.408777684198177e-06,5.9361262357956537e-05,0.000570502648189131,0.003122683248005358,0.0034198780011015983,0.0026120496828356686,0.0015543938663188056,0.00312268324800535,0.003419878001101597,0.0026120496828356847,0.001554393866318804,0.00010800753455686928,0.00026679344160170684,0.0009737095094404121,0.008382809166463553,0.0007481736087176789,0.0009320150500817323,0.001242917036514464,0.001553816996612835,0.00010800753455688262,0.00026679344160169757,0.0009737095094404207,0.008382809166463587,0.0007481736087176897,0.000932015050081717,0.001242917036514452,0.0015538169966128595,2.055501770135687e-05,0.00012282278880058507,0.00034293976545877276,0.0005331656947048562,0.00022933040943764088,0.0004695255271825198,0.0007437032685553305,0.0009152846708747142,0.0013184110590332184,0.001554701541787466,0.0014997502648984357,0.0012998279789252542,0.0049249025562609116,0.0030903704306150834,0.0023080091535886546,0.0016770292481889906,2.05550177013498e-05,0.00012282278880058276,0.0003429397654587736,0.0005331656947048542,0.0002293304094376352,0.0004695255271825207,0.0007437032685553375,0.0009152846708747264,0.0013184110590332187,0.0015547015417874503,0.0014997502648984432,0.0012998279789252615,0.004924902556260885,0.003090370430615082,0.0023080091535886554,0.0016770292481889978
0.0016601513488606044,0.00014469014494920078,0.0016601513488605833,0.0001446901449492008,0.0014815965177221188,0.0040958388364936114,0.0014815965177221047,0.004095838836493542,5.704421206921648e-05,5.957244595643721e-06,5.5911636612937835e-05,0.0005564663949140915,5.7044212069216935e-05,5.957244595642757e-06,5.5911636612938005e-05,0.0005564663949140804,0.0027315676581819203,0.0032597723083497075,0.0026415323968330775,0.0016662043791469154,0.00273156765818191,0.0032597723083496993,0.002641532396833089,0.001666204379146926,0.00011056815017694639,0.00028617433404908195,0.0012010698926940206,0.00842933861989705,0.0007402190822784511,0.0009343388966172156,0.0012643238777413925,0.0016063700094792676,0.00011056815017693843,0.00028617433404907577,0.0012010698926940013,0.0084293386198971,0.0007402190822784506,0.0009343388966172038,0.0012643238777413778,0.0016063700094792717,2.1728715586646575e-05,0.00012347924696980205,0.0003428804076328914,0.000530506046183863,0.0002340017521181573,0.00048593470740836565,0.0007573576604782296,0.0009205892702076378,0.0014818834845072083,0.0016536421295870137,0.0015518800696815277,0.0013246386030430703,0.005159390790845058,0.0032373330746501903,0.0023913687310475693,0.0017350455333371008,2.172871558664388e-05,0.00012347924696979863,0.0003428804076328946,0.0005305060461838713,0.00023400175211814623,0.0004859347074083713,0.000757357660478229,0.0009205892702076332,0.0014818834845072254,0.0016536421295869986,0.0015518800696815297,0.0013246386030430716,0.00515939079084504,0.0032373330746501877,0.0023913687310475732,0.0017350455333371177
0.0015465251290680121,0.0001626781643612248,0.0015465251290680223,0.00016267816436123797,0.0017012271700648008,0.0033469545233966143,0.0017012271700647917,0.0033469545233965592,6.487122102221194e-05,5.920733886972796e-06,4.9682238791985774e-05,0.0005225224631501008,6.487122102220498e-05,5.920733886978944e-06,4.9682238791991216e-05,0.0005225224631500909,0.0023540712954648662,0.0031058813711794865,0.0026879123938131043,0.001805109842653412,0.0023540712954648775,0.0031058813711794834,0.002687912393813119,0.0018051098426534143,0.00011853433187311251,0.0003030522844777261,0.0014490898908426479,0.008383912055153105,0.0007097045736906161,0.0009142452025097087,0.0012671647594821038,0.0016536772719133045,0.00011853433187312665,0.00030305228447769926,0.0014490898908426568,0.008383912055153082,0.0007097045736906152,0.0009142452025096969,0.0012671647594821043,0.0016536772719133036,2.094582844969693e-05,0.00011981232521896357,0.00033147926737543253,0.0005122725851035622,0.0002301939096291772,0.00048577542689310553,0.0007488833112229032,0.0009033489188766071,0.0016343488166766283,0.001724209114687938,0.001575226204423951,0.0013286741774143607,0.00532841907780365,0.003349268458597482,0.002456612836641705,0.00178600486716843,2.0945828449701337e-05,0.00011981232521896084,0.00033147926737542874,0.0005122725851035567,0.00023019390962917278,0.0004857754268931088,0.0007488833112228911,0.0009033489188766172,0.001634348816676635,0.0017242091146879351,0.0015752262044239564,0.001328674177414356,0.005328419077803619,0.003349268458597483,0.0024566128366417094,0.0017860048671684494
0.0015087428185292487,0.0001694622106120259,0.0015087428185292582,0.00016946221061202055,0.0017659431659121363,0.0031514024708261703,0.0017659431659121315,0.003151402470826177,6.792363231316069e-05,5.994982714907615e-06,4.772820736779725e-05,0.000511090562654441,6.792363231317587e-05,5.994982714914659e-06,4.772820736780337e-05,0.0005110905626544382,0.002258996692470658,0.003066802995652593,0.0027023658244694966,0.001845421766657941,0.0022589966924706512,0.0030668029956525816,0.0027023658244695052,0.0018454217666579692,0.00012136386922542106,0.00030701122748926234,0.0015169484233796562,0.008362109191134956,0.0006987127237243885,0.0009059621777247648,0.001265301156685733,0.0016650675925672493,0.00012136386922542513,0.00030701122748926684,0.0015169484233796616,0.008362109191134927,0.0006987127237243828,0.0009059621777247379,0.001265301156685736,0.0016650675925672554,2.047517302151741e-05,0.00011829479439066386,0.00032699939461112456,0.0005054276433441821,0.00022805121528179706,0.00048345996822410223,0.0007437018121224403,0.0008958078416565221,0.0016728408081464496,0.0017387237739946576,0.0015773297153502956,0.0013268360237192103,0.005362084676236716,0.0033731148703511835,0.002470906736727708,0.0017981418848309304,2.047517302152016e-05,0.00011829479439066474,0.0003269993946111246,0.0005054276433441897,0.00022805121528179305,0.0004834599682240999,0.0007437018121224504,0.0008958078416565291,0.0016728408081464496,0.0017387237739946771,0.0015773297153502874,0.0013268360237192161,0.0053620846762367095,0.0033731148703511717,0.0024709067367277315,0.0017981418848309276
0.001477902097828816,0.0001752378647011233,0.0014779020978287936,0.00017523786470111005,0.0018176277618586695,0.003001755463862857,0.0018176277618586775,0.003001755463862842,7.054384609977716e-05,6.0809656635863115e-06,4.6159663917882994e-05,0.0005017192239181538,7.054384609977982e-05,6.080965663590543e-06,4.615966391788412e-05,0.0005017192239181477,0.0021871845158038033,0.003037112435677895,0.0027140293528450164,0.0018774199764285328,0.0021871845158037972,0.0030371124356778946,0.0027140293528450446,0.0018774199764285337,0.00012372488931783066,0.00030992579186938496,0.0015698912719003225,0.008343390793186925,0.000689548890543406,0.0008988678101898783,0.001263218211937392,0.001673518784279445,0.00012372488931782497,0.0003099257918693759,0.0015698912719003125,0.0083433907931869,0.0006895488905434022,0.0008988678101898814,0.0012632182119373778,0.0016735187842794514,2.0049474769612314e-05,0.00011700116705033528,0.0003232050961689327,0.0004996738903583772,0.00022612953030635012,0.0004811322806254284,0.0007390156778359576,0.0008892864093068125,0.00170212021825298,0.0017489136815208195,0.0015779620853846417,0.0013247069682377403,0.005385042242734639,0.00338997676549863,0.00248114769989915,0.001807125441965743,2.004947476960946e-05,0.00011700116705034967,0.00032320509616893877,0.0004996738903583777,0.00022612953030635188,0.00048113228062542405,0.0007390156778359629,0.000889286409306815,0.0017021202182529822,0.0017489136815208176,0.0015779620853846417,0.0013247069682377336,0.005385042242734634,0.0033899767654986153,0.002481147699899149,0.0018071254419657504
0.001450978967730953,0.00018044817148674103,0.0014509789677309647,0.0001804481714867454,0.001862213104918198,0.002876912627271295,0.0018622131049181904,0.0028769126272713145,7.292143389951407e-05,6.174084461681568e-06,4.48073120021391e-05,0.0004935111565068449,7.292143389951974e-05,6.17408446168109e-06,4.480731200212939e-05,0.0004935111565068398,0.002127900767539356,0.003012460806769745,0.0027241458409481842,0.0019048847863829094,0.0021279007675393414,0.003012460806769747,0.0027241458409481807,0.0019048847863829212,0.00012582190228498436,0.00031228367284509854,0.001614779534849291,0.00832660523291022,0.0006814269539703523,0.0008924697698849314,0.0012610606635313916,0.0016803910393720532,0.00012582190228496994,0.0003122836728451016,0.0016147795348492794,0.008326605232910216,0.0006814269539703523,0.0008924697698849454,0.0012610606635313788,0.001680391039372034,1.9653022696274537e-05,0.00011584036159417052,0.00031981013269566854,0.0004945476614320777,0.00022434873056714836,0.00047884159266915966,0.0007346547689949047,0.000883371522098579,0.0017264807179133066,0.001756849605558441,0.0015778745102638242,0.001322471222323368,0.005402347278045665,0.0034031459419566405,0.0024892416731558354,0.0018144210102775387,1.965302269627897e-05,0.00011584036159417199,0.00031981013269567044,0.0004945476614320729,0.00022434873056714945,0.00047884159266914405,0.000734654768994918,0.0008833715220985636,0.0017264807179133046,0.0017568496055584454,0.0015778745102638164,0.0013224712223233726,0.005402347278045649,0.0034031459419566314,0.0024892416731558432,0.0018144210102775426
0.0014390419915756361,0.0001828076863825245,0.0014390419915756125,0.00018280768638252368,0.00188187095742252,0.0028230437718336746,0.0018818709574225357,0.0028230437718336308,7.400196142998998e-05,6.220701058050255e-06,4.421238359393174e-05,0.0004898641554338158,7.400196142998144e-05,6.220701058057751e-06,4.4212383593928976e-05,0.0004898641554338298,0.0021024964003422864,0.003001852153352977,0.002728616881229202,0.0019169538549811975,0.002102496400342277,0.003001852153352972,0.002728616881229218,0.001916953854981207,0.00012676213330835734,0.0003132809181204507,0.0016343611264340852,0.00831906680546251,0.0006777923808313712,0.0008895782664322103,0.001260014540255601,0.001683305668823369,0.00012676213330836298,0.00031328091812045557,0.0016343611264340748,0.008319066805462488,0.0006777923808313812,0.0008895782664322003,0.0012600145402555866,0.0016833056688233502,1.9470746351276787e-05,0.00011531772258307833,0.0003182831836842326,0.0004922469871786013,0.00022353215135300015,0.00047775887966800267,0.0007326511796834374,0.0008806903025104865,0.0017369836097452056,0.0017601233362478151,0.0015776700065585152,0.0013213809166440044,0.005409296388412596,0.0034085796170410347,0.0024926100027197096,0.0018175134387701968,1.947074635128052e-05,0.00011531772258307217,0.0003182831836842251,0.0004922469871785932,0.00022353215135300532,0.0004777588796680025,0.0007326511796834414,0.0008806903025104887,0.0017369836097452288,0.0017601233362477986,0.0015776700065585187,0.0013213809166440042,0.005409296388412587,0.003408579617041026,0.0024926100027197135,0.0018175134387702074
0.0014291319761121268,0.00018478945128130408,0.0014291319761121513,0.0001847894512812896,0.0018981526673416372,0.002778948976822085,0.0018981526673416513,0.0027789489768220432,7.491120876571378e-05,6.261883341877036e-06,4.372055607896117e-05,0.0004868328922297582,7.491120876571659e-05,6.2618833418668024e-06,4.372055607897828e-05,0.000486832892229755,0.0020817807617321193,0.0029931796604923326,0.002732323380044058,0.0019269315807772162,0.002081780761732126,0.002993179660492333,0.0027323233800440696,0.0019269315807772095,0.0001275475458458886,0.0003140883228743026,0.0016504884377555543,0.008312773192710171,0.0006747600868359094,0.0008871538464307299,0.0012591073442430683,0.0016856684635348205,0.00012754754584589823,0.00031408832287429893,0.001650488437755548,0.008312773192710158,0.0006747600868358982,0.0008871538464307246,0.0012591073442430665,0.0016856684635348095,1.9316628073454535e-05,0.0001148804934971115,0.0003170061628547541,0.0004903247671150274,0.00022284261878971788,0.00047683139099046655,0.0007309578850626811,0.0008784389306121246,0.0017455800571313114,0.00176273792265223,0.0015774295750376859,0.0013204330857345134,0.005414752246925579,0.0034129166823569316,0.0024953120166919364,0.0018200198926315156,1.9316628073451618e-05,0.00011488049349711612,0.0003170061628547465,0.0004903247671150168,0.00022284261878972124,0.00047683139099046477,0.0007309578850626882,0.0008784389306121317,0.001745580057131319,0.0017627379226522353,0.00157742957503768,0.001320433085734508,0.005414752246925558,0.003412916682356934,0.002495312016691944,0.0018200198926315342
0.0014249519506640198,0.00018563157381225432,0.0014249519506640313,0.00018563157381227112,0.0019050115941820574,0.002760512045775728,0.001905011594182042,0.0027605120457757184,7.529803537423322e-05,6.279928959535654e-06,4.351365735742736e-05,0.00048555335831693917,7.529803537422301e-05,6.2799289595318184e-06,4.351365735742011e-05,0.0004855533583169301,0.002073140347816898,0.0029895563356173256,0.002733885493270626,0.0019311298441579143,0.002073140347816899,0.002989556335617329,0.0027338854932706354,0.0019311298441579206,0.00012788014206294252,0.00031442356057103033,0.0016572583882809148,0.008310110196813922,0.0006734771160670197,0.0008861249376649048,0.0012587145511709901,0.0016866502188689256,0.00012788014206293412,0.0003144235605710344,0.001657258388280916,0.008310110196813887,0.0006734771160670032,0.0008861249376649065,0.0012587145511709736,0.001686650218868923,1.9250892101323013e-05,0.00011469521261994372,0.00031646507242155263,0.0004895107555302951,0.00022254874367866586,0.000476432734545625,0.0007302358720798009,0.0008774826370904928,0.0017491746215733547,0.0017638140752315574,0.0015773097939344707,0.0013200221394409522,0.005416971397492165,0.003414700659046605,0.002496427131230252,0.0018210612548913878,1.9250892101326764e-05,0.00011469521261994331,0.00031646507242154157,0.0004895107555303054,0.00022254874367867125,0.0004764327345456306,0.0007302358720798033,0.0008774826370904966,0.001749174621573354,0.0017638140752315656,0.0015773097939344657,0.0013200221394409424,0.00541697139749216,0.0034147006590465926,0.0024964271312302635,0.0018210612548913993
0.0014217336282228174,0.0001862824593636729,0.001421733628222813,0.00018628245936366683,0.0019102894083396107,0.002746380377205563,0.001910289408339576,0.0027463803772055217,7.559719939526006e-05,6.2940957973851e-06,4.3354580622899686e-05,0.00048456782555947905,7.559719939525388e-05,6.294095797383919e-06,4.335458062291028e-05,0.0004845678255594706,0.002066526066271353,0.002986780178411217,0.002735087734152985,0.0019343583105942757,0.0020665260662713564,0.0029867801784112065,0.002735087734153003,0.0019343583105942879,0.00012813674623363754,0.0003146795811711123,0.0016624582891719719,0.008308056806786946,0.0006724877447515739,0.0008853302597858425,0.0012584081273173892,0.0016874002447670403,0.00012813674623364497,0.0003146795811710978,0.0016624582891719573,0.008308056806786993,0.0006724877447515805,0.0008853302597858594,0.0012584081273173877,0.00168740024476703,1.919999301407546e-05,0.0001145522248909629,0.00031604750763750535,0.0004888827464073062,0.00022232128716998851,0.0004761228747735762,0.0007296769159365057,0.0008767437257794589,0.0017519300058570833,0.0017646322078691467,0.0015772103599760263,0.0013197013449203206,0.005418647562292779,0.003416056328776054,0.0024972760197421303,0.0018218567961234078,1.9199993014078585e-05,0.00011455222489095742,0.0003160475076374982,0.0004888827464073081,0.00022232128716998998,0.0004761228747735695,0.0007296769159365083,0.0008767437257794638,0.0017519300058570831,0.0017646322078691576,0.001577210359976025,0.0013197013449203101,0.005418647562292754,0.003416056328776051,0.00249727601974213,0.0018218567961234228
0.001418882740549203,0.00018686085745092657,0.001418882740549188,0.0001868608574509093,0.0019149626023951068,0.0027339073650668702,0.0019149626023951044,0.00273390736506684,7.586317733454569e-05,6.306843672587375e-06,4.321382466768688e-05,0.0004836945337798844,7.586317733455373e-05,6.30684367257222e-06,4.321382466769842e-05,0.0004836945337798847,0.002060694236567069,0.0029843306158531323,0.002736152387652806,0.0019372154649624305,0.0020606942365670624,0.0029843306158531136,0.0027361523876528043,0.0019372154649624296,0.00012836443778770459,0.000314904880475785,0.0016670557255952824,0.008306235745479536,0.0006716101948232596,0.0008846245212999052,0.0012581338204463843,0.0016880604483734654,0.00012836443778770952,0.00031490488047577667,0.0016670557255952952,0.008306235745479517,0.000671610194823277,0.0008846245212998952,0.0012581338204464096,0.0016880604483734537,1.9154699630779814e-05,0.00011442532398524888,0.0003156769261278364,0.0004883255182916843,0.0002221189451094459,0.000475846303362563,0.000729179590669967,0.0008760872879669386,0.0017543621757875238,0.0017653495028405908,0.0015771171264196623,0.0013194140282781004,0.005420109116259273,0.003417244438270673,0.0024980210746745647,0.0018225570530667856,1.9154699630777306e-05,0.0001144253239852406,0.0003156769261278294,0.0004883255182916708,0.00022211894510944819,0.0004758463033625595,0.0007291795906699768,0.0008760872879669428,0.0017543621757875267,0.0017653495028405934,0.0015771171264196667,0.0013194140282780918,0.005420109116259262,0.0034172444382706744,0.0024980210746745786,0.0018225570530667886
0.001417252933178944,0.00018719228806164347,0.0014172529331789657,0.00018719228806163892,0.0019176333819118966,0.0027267955715011656,0.001917633381911896,0.0027267955715011252,7.601564162673395e-05,6.314215222694905e-06,4.3133423458775933e-05,0.0004831951701276926,7.601564162673679e-05,6.31421522270572e-06,4.313342345877965e-05,0.0004831951701276862,0.0020573716480372342,0.0029829342467447267,0.0027367609001545984,0.0019388477423474475,0.002057371648037227,0.0029829342467447245,0.0027367609001546092,0.0019388477423474527,0.00012849476730572115,0.0003150330591317257,0.001669680381141372,0.00830519382375296,0.0006711080374723114,0.0008842203135241231,0.0012579758057935531,0.0016884361265663008,0.00012849476730572023,0.00031503305913171357,0.0016696803811413678,0.008305193823753002,0.0006711080374723045,0.0008842203135241284,0.0012579758057935345,0.0016884361265663166,1.9128720399871268e-05,0.00011435267786876761,0.00031546478252391925,0.00048800657524196466,0.00022200291290809702,0.00047568732153047166,0.0007288943669073626,0.0008757112240895082,0.0017557490314800454,0.0017657564776737895,0.0015770616791235964,0.0013192484600663085,0.005420934951468535,0.003417918327492523,0.002498444126027629,0.0018229555198356153,1.912872039987414e-05,0.00011435267786876819,0.0003154647825239263,0.0004880065752419669,0.00022200291290809906,0.00047568732153046694,0.0007288943669073677,0.0008757112240895069,0.0017557490314800573,0.001765756477673788,0.0015770616791235875,0.0013192484600663154,0.005420934951468507,0.003417918327492504,0.0024984441260276383,0.0018229555198356199
0.0014167236055680748,0.00018730005026869052,0.0014167236055680806,0.00018730005026869253,0.0019185006741966387,0.00272448872876551,0.0019185006741966103,0.002724488728765467,7.606522284125287e-05,6.316622466328395e-06,4.310732122222192e-05,0.00048303296896748973,7.606522284126574e-05,6.316622466316015e-06,4.3107321222226463e-05,0.00048303296896748014,0.0020562943059955338,0.0029824813559177475,0.002736958512097977,0.001939377701561684,0.0020562943059955377,0.0029824813559177397,0.0027369585120979546,0.001939377701561705,0.0001285371209484247,0.00031507459246062704,0.0016705322558381245,0.008304855300113139,0.000670944872998877,0.0008840889187908625,0.0012579242997015588,0.0016885578671553742,0.00012853712094842233,0.0003150745924606065,0.0016705322558381466,0.008304855300113118,0.0006709448729988639,0.0008840889187908762,0.0012579242997015619,0.0016885578671553625,1.9120269567444423e-05,0.00011432906860222825,0.00031539583792603346,0.00048790292928779945,0.0002219651726784532,0.0004756355524226431,0.0007288015907486519,0.0008755889636982485,0.0017561989001916296,0.0017658881753753622,0.0015770433376832704,0.0013191944827699482,0.005421201655432316,0.00341813636404137,0.002498581076280219,0.0018230846448570497,1.912026956743931e-05,0.00011432906860222299,0.0003153958379260484,0.00048790292928779474,0.00022196517267846513,0.00047563555242265197,0.0007288015907486482,0.0008755889636982375,0.0017561989001916248,0.001765888175375348,0.0015770433376832683,0.0013191944827699508,0.005421201655432308,0.003418136364041363,0.0024985810762802375,0.0018230846448570696
