0.0,0.04,0.0,0.0,0.040018715142549434,0.0016299381752918308,0.0,0.040014418541371666,0.005331922839915228,0.0,0.040026169317958424,0.007784063037191953,0.0,0.04005025196812117,0.008418199871675578,0.0,0.04006914096781428,0.006793167532691546,0.0,0.04,0.0,0.0,0.044040011820320406,-3.4960683569959484e-06,0.0,0.04381926953303802,0.000527751183766697,0.0,0.043103379803131975,0.003755386969392279,0.0,0.04279125158210296,0.006157811037626418,0.0,0.039736647609097626,0.008202572565359978,0.0,0.0378314757563306,0.006037245722525743,0.0,0.03257546044766647,-6.791015748149789e-05,0.0,0.05007954811937252,-4.919864211082496e-05,0.0,0.03558294925495964,0.00024567409185629094,0.0,0.03369396925267795,0.003501775869352023,0.0,0.030632954911965767,0.004358795237449618,0.0,0.030381518392503054,0.004998148768153164,0.0,0.030359263429286316,0.0051148917269194134,0.0,0.02840414709096248,-5.8826130862928074e-05,0.0,0.05330205429762423,-4.0298096405019336e-05,0.0,0.03173819470583196,0.00018571169938134534,0.0,0.03129070566935043,0.0008111791650649449,0.0,0.02993474160417764,0.0019737205025263057,0.0,0.02728225743221668,0.002844391333467096,0.0,0.02603905771394688,0.0027532594715742225,0.0,0.02360698172873769,-6.29269016979059e-05,0.0,0.054007797165401106,-1.3521527716363105e-05,0.0,0.02302644203262822,2.5669395447876e-05,0.0,0.022849711996774002,0.0006558296539801392,0.0,0.022779304726589476,0.0005564368654588505,0.0,0.022623188533820962,0.00147627705427897,0.0,0.022531606093270155,0.0013338469116802958,0.0,0.02228412837943684,-2.4142180884053694e-05,0.0,0.05396315834598163,1.4739082599466562e-05,0.0,0.022669674313414136,-0.0002725496613132253,0.0,0.022562814201040764,0.0005521730970597703,0.0,0.021911588573174226,-0.0005474925328388904,0.0,0.021898941598179903,-0.0013318305380721211,0.0,0.02181662599527985,0.001296197838881178,0.0,0.021741703229633702,1.9268429786868434e-05,0.0,0.05370035399020099,4.3178656462224484e-05,0.0,0.032350702728064507,-0.00045888988402209856,0.0,0.029780514481482025,0.00019686844477882404,0.0,0.028041292067034658,-0.002064782095036853,0.0,0.027657650431529724,-0.0036794986620452587,0.0,0.02508274502982643,-0.004724884596693099,0.0,0.023947677406486907,5.1415628733346746e-05,0.0,0.05007768042798585,4.4765219575339e-05,0.0,0.03320816496212751,-0.000494537810260872,0.0,0.03313779439549603,-0.0004770752978844471,0.0,0.031969921875209174,-0.004385677987552106,0.0,0.03184245380716398,-0.004294263348325301,0.0,0.030911943553514152,-0.005495545014260571,0.0,0.028708836820916385,4.833243378243922e-05,0.0,0.04472323136773246,1.5933598014594202e-05,0.0,0.043607789649109684,-0.0010740821481982083,0.0,0.04270898735490363,-0.0007370740054386542,0.0,0.04263940306084936,-0.005932722877643215,0.0,0.042619305876192976,-0.008407392979554578,0.0,0.04069986629662079,-0.00596387108247919,0.0,0.033144231876698536,5.150406462451433e-05,0.0,0.04,0.0,0.0,0.04002100557031996,-0.001193837633034696,0.0,0.04002406087426421,-0.004414758445532689,0.0,0.04004146233606689,-0.006288656624068399,0.0,0.0400536695308206,-0.008503945616654133,0.0,0.04007250975210593,-0.006968262534882593,0.0,0.04,0.0,0.0
0.01,0.08,0.0,0.0,0.0799603827582122,0.005608948426885021,0.0,0.07996742272431936,0.008486750383868608,0.0,0.07998853286874419,0.00796583226376603,0.0,0.08000584146995583,0.00640998023974651,0.0,0.0800248481139426,0.004929783798441113,0.0,0.08,0.0,0.0,0.08667078816076938,-5.5065138796063464e-05,0.0,0.0862962902711695,0.004492204158673125,0.0,0.0850933247386863,0.007280005242156399,0.0,0.08456215846944994,0.007351221245633453,0.0,0.08377055218000717,0.005474598142379824,0.0,0.07966478366409016,0.002325237819480471,0.0,0.0747689939027791,-8.08806307315677e-06,0.0,0.09028377941727539,-4.5957800977046205e-05,0.0,0.0894618934084977,0.004044608669243458,0.0,0.08859217652530604,0.004824019107899176,0.0,0.08280207329096202,0.0073459121616674524,0.0,0.0806894192005492,0.0030264320672537645,0.0,0.07353177329264124,0.0013884101561731789,0.0,0.0691845106073576,-2.335370481408385e-05,0.0,0.09446749569017893,-4.730312530775715e-05,0.0,0.0682811341352307,0.003041634596174229,0.0,0.067578708945348,0.0007159417354096498,0.0,0.06724830418415864,0.00425854038131311,0.0,0.0645326221957011,0.0012081302715422485,0.0,0.06449688782932021,0.001177821888479373,0.0,0.06442634256693727,-2.221729611410114e-05,0.0,0.0961115497079624,-2.014440190988135e-05,0.0,0.060466950866851006,0.000439444272741768,0.0,0.060068908533448664,0.0003955628126757506,0.0,0.059708128368056855,0.002426395004081363,0.0,0.059637115934524365,0.0005868484211213502,0.0,0.059586215941059915,-0.0015927260403136507,0.0,0.058893679274138855,-3.632598719722872e-05,0.0,0.09573602209284315,1.4046526141451507e-05,0.0,0.06072772895327104,-0.0015001894088581206,0.0,0.06066809658222335,-0.0018926842187374524,0.0,0.060159756351112946,-0.0038167813432932285,0.0,0.06012373589846514,0.0005436894601821298,0.0,0.060100054203834456,-0.002940128880530206,0.0,0.06008476895231257,8.44057641061544e-06,0.0,0.09439868299038866,4.4477943669955994e-05,0.0,0.06858868373430244,-0.00338316064814275,0.0,0.06743929976486387,-0.0019828244351413763,0.0,0.0667553459797653,-0.0049501039598459275,0.0,0.0666824385778496,-0.0002537608313400758,0.0,0.06587666127762949,-0.0030918245726998883,0.0,0.06541470382406181,-6.262581069475963e-07,0.0,0.08947172763500445,2.8480567298324326e-05,0.0,0.08942999583882759,-0.004429421478464381,0.0,0.08746894903677659,-0.004016666929237396,0.0,0.08523631523200073,-0.006021781282529099,0.0,0.07648461983539905,-0.001198455169167802,0.0,0.07445161734346709,-0.0041505488282050475,0.0,0.06923714869282971,1.8522365178362603e-05,0.0,0.08585824392283081,3.657731322370273e-05,0.0,0.08514597395912575,-0.0044642690520596265,0.0,0.0845556302770314,-0.006064380040388862,0.0,0.0836755998769609,-0.006600930079548447,0.0,0.0819262549104767,-0.0051078329097187245,0.0,0.07849230598721096,-0.004669748202821524,0.0,0.07456244650837529,1.020688847903502e-05,0.0,0.08,0.0,0.0,0.07995412147576937,-0.005770215587822148,0.0,0.07996909194760651,-0.007610691475850468,0.0,0.07999139223533133,-0.008302236623938995,0.0,0.08000954157942676,-0.006877010738520217,0.0,0.08002190392235081,-0.004688167928804055,0.0,0.08,0.0,0.0
0.02,0.12,0.0,0.0,0.11996896400695463,0.004846718903251409,0.0,0.11998235043045997,0.0060408429359997875,0.0,0.11999844347662424,0.00637760067178401,0.0,0.1200145603280711,0.006323948075619663,0.0,0.12002389764286965,0.004476594952594279,0.0,0.12,0.0,0.0,0.12535471421270455,-2.6245121246171862e-05,0.0,0.1250828038472315,0.003853139609784768,0.0,0.12506017482389903,0.003433185386695357,0.0,0.12439664646663114,0.005064986981867804,0.0,0.12410187315306888,0.0053872907426480866,0.0,0.12254203278386626,0.004127875790831959,0.0,0.11411680563472082,-3.661860094223015e-05,0.0,0.13010016699900726,-4.0909737667209466e-05,0.0,0.11917060378682501,0.0036337585788930662,0.0,0.11550842119492195,0.002354316843418588,0.0,0.11438542164821008,0.00466069381551913,0.0,0.11197313196951944,0.001996066196433547,0.0,0.11142563633539473,0.002348482359637242,0.0,0.11019128163754884,-3.403762662734628e-05,0.0,0.1327256085161459,-2.3862061062688813e-05,0.0,0.11432241340071203,0.003544355646836169,0.0,0.11362202271046871,0.001491922234249645,0.0,0.10963604451467455,0.0003289073428161659,0.0,0.10937582421189594,0.001322792669127962,0.0,0.10841421341238275,0.001817777259495818,0.0,0.10708995649716044,-2.0760964195088782e-05,0.0,0.1350259808478438,-4.0972940436818575e-06,0.0,0.10477838317870193,0.002903874982805777,0.0,0.10475202366485932,0.0010885653460119148,0.0,0.10408608999503065,9.945599665484819e-05,0.0,0.1039840509349497,-0.0002796666206337651,0.0,0.10397784566254134,0.0017776907385305446,0.0,0.10395275695499297,-7.955370653805968e-06,0.0,0.13556447156274976,2.574104432529156e-05,0.0,0.10681303273443676,0.0010083421445199919,0.0,0.10387213481006871,-0.000701691243169561,0.0,0.10340271280555277,-0.00024391525600926922,0.0,0.10340209521077323,-0.0007410972094178974,0.0,0.10328642057523725,0.0010425494469281323,0.0,0.10327951175899218,2.3516258576293234e-05,0.0,0.13437735171791795,5.2986450851418845e-05,0.0,0.11511241259990355,0.0003563083776887393,0.0,0.11324620655734094,-0.0018856678629580895,0.0,0.11087251431012589,-0.00214254817239808,0.0,0.10959404734284331,-0.002552065454441145,0.0,0.10822155801605107,-0.000648263611701912,0.0,0.10672410252502805,3.235836414318827e-05,0.0,0.13091815439979437,6.0455356553724496e-05,0.0,0.12088231645726023,0.00024907844116937817,0.0,0.11637815005911128,-0.0019204493741167192,0.0,0.11570755755455338,-0.0022272076494758443,0.0,0.11319990549287616,-0.002795357217283745,0.0,0.11121780419066642,-0.0025589474440030264,0.0,0.10915369053137915,5.3329189820852833e-05,0.0,0.12616004922051685,4.555109028447597e-05,0.0,0.12565513540511536,-0.0030385000802096306,0.0,0.12544284690370766,-0.006999617932234454,0.0,0.12512672969047184,-0.0055631700304281575,0.0,0.12402971443524176,-0.00451633880435413,0.0,0.11988932909385172,-0.003009100432140223,0.0,0.11420983689015132,3.484822161655228e-05,0.0,0.12,0.0,0.0,0.11995744174113054,-0.005428183415259511,0.0,0.11996662738383511,-0.007348490801193517,0.0,0.11998118171993441,-0.00644106215258185,0.0,0.11999215812954661,-0.004834628187137188,0.0,0.12000178635147075,-0.003012486156569089,0.0,0.12,0.0,0.0
0.03,0.16,0.0,0.0,0.1599542681439466,0.005768591155340417,0.0,0.15997539078204978,0.005869540574684274,0.0,0.15999650774226273,0.005702606176603927,0.0,0.1600165270621159,0.005003055427251565,0.0,0.16003613763446256,0.005338579763471202,0.0,0.16,0.0,0.0,0.16586077781304015,-3.6503645341646494e-05,0.0,0.16484557098563885,0.004976790790826824,0.0,0.16461407945697126,0.004000973379393188,0.0,0.16370890890813802,0.003102536400532588,0.0,0.16321297307748142,0.004158082937642335,0.0,0.16145233442739326,0.004770685574631329,0.0,0.15524622471985006,5.965039533158898e-06,0.0,0.1711355399130338,-5.799475259833414e-05,0.0,0.17110122780662645,0.0041736615457921965,0.0,0.1701883369144276,0.002518062539454752,0.0,0.1612979639071426,0.0020282810479328468,0.0,0.15608874222705277,0.003043400070096801,0.0,0.15376705777395033,0.0012771308104704258,0.0,0.15005729193869297,2.2549333341708552e-06,0.0,0.17501454314357404,-5.514821104642941e-05,0.0,0.14952431306835998,0.0007566933966520527,0.0,0.14778414468897827,0.0011155978644624925,0.0,0.14596887743474932,0.0010003333985550567,0.0,0.1457000638900419,0.0013341327032089503,0.0,0.14520398242748173,0.000849080104949156,0.0,0.1451917701254473,6.344812149239645e-06,0.0,0.17699343082736613,-2.877523013362597e-05,0.0,0.14099123157623242,8.431072197002857e-05,0.0,0.14004430144807828,0.0007804161238612313,0.0,0.13959415602409664,0.0002705453296781176,0.0,0.13955830161421695,0.000902510551140768,0.0,0.13923573274426645,0.00020515305368625444,0.0,0.13866400846233173,-2.5470179008121103e-05,0.0,0.1764628159887173,5.649276840099172e-06,0.0,0.14302701042886518,-0.0017809807977103092,0.0,0.13945850806468488,-0.0005010261927038338,0.0,0.13945957751265275,-0.0004587589136940534,0.0,0.13894119490529575,-0.0004381155911234733,0.0,0.13884991839313401,-0.00011481540894273732,0.0,0.13859376469554546,2.735883103571406e-05,0.0,0.17320333235391178,1.833430653625536e-05,0.0,0.15278412351868392,-0.003961651953573707,0.0,0.14694173661633128,-0.0007716635739220024,0.0,0.14602657461396087,-0.0010229557241023058,0.0,0.14530145147040302,-0.0005312017852619396,0.0,0.1449902661781808,-0.0017792593743656325,0.0,0.1434237888104466,3.319425218944315e-05,0.0,0.16924116830086317,2.0928361028865837e-05,0.0,0.16894594956476666,-0.004982878503213838,0.0,0.16795101965912357,-0.002260033164906861,0.0,0.1599216949184506,-0.0027954179904832706,0.0,0.15747177054940614,-0.0016918224166071873,0.0,0.15560691843694902,-0.004084706858341022,0.0,0.15003739188719376,-1.1135361547312934e-06,0.0,0.1659871295946212,3.611332759321548e-05,0.0,0.16590631980259696,-0.005564783550750491,0.0,0.16560756442510102,-0.002707027112692902,0.0,0.16514978327161647,-0.00404163419610351,0.0,0.1639998919719148,-0.004960257176405605,0.0,0.16016675937085517,-0.004506336067671768,0.0,0.15382138356065503,2.3372512247552565e-05,0.0,0.16,0.0,0.0,0.15995548792451436,-0.0058619876476774906,0.0,0.15997946882191677,-0.0056481542668525,0.0,0.16000316511423138,-0.005100110491776622,0.0,0.16002497905590957,-0.00621498060911632,0.0,0.16004891380818367,-0.006053917064110232,0.0,0.16,0.0,0.0
0.04,0.2,0.0,0.0,0.1999844998827826,0.004445067806175769,0.0,0.20000291027960915,0.0060074441485124955,0.0,0.20002545070039873,0.0067427750048932545,0.0,0.20004741831864095,0.007682096148018564,0.0,0.20006897587212868,0.006788538419653528,0.0,0.2,0.0,0.0,0.20722784637016753,-7.242506662234959e-05,0.0,0.20719131830015966,0.004334004425687196,0.0,0.20709828855696813,0.005037962704875295,0.0,0.20625386615252356,0.0063438954118538934,0.0,0.20598305387825222,0.0073063306664786784,0.0,0.19593787019535094,0.006537629809178375,0.0,0.1933841799680238,-4.93580944106697e-05,0.0,0.21135122628815373,-7.378091414085061e-05,0.0,0.1973697906463992,0.003938252508720485,0.0,0.19325072608749605,0.0016379687067237807,0.0,0.19301587054211122,0.00349587492805896,0.0,0.19250476186586685,0.0053018889387034885,0.0,0.19207755360984413,0.0065057124268493765,0.0,0.19128449817375515,-2.04580646347435e-05,0.0,0.21398082487560172,-5.488510019290695e-05,0.0,0.19481524161512617,0.003402027721934939,0.0,0.19097791077172727,0.0005760277422091138,0.0,0.19044937095341613,0.0019109041448870025,0.0,0.18875008072463764,0.0034535215569675842,0.0,0.1880200750449419,0.0064460037627010434,0.0,0.1871384588868413,-1.791131976667591e-05,0.0,0.2146107406859961,-2.3580080605323016e-05,0.0,0.18576291403586467,0.0011648082695409352,0.0,0.18453045170783983,-0.0005759454979571968,0.0,0.18386236744979387,0.001150002410677857,0.0,0.18311552252176908,-0.0005431887841620807,0.0,0.18283963870845074,-0.0025353278732033664,0.0,0.1828022852909868,-1.6448090525676892e-05,0.0,0.21454607337960616,9.10009712534103e-06,0.0,0.18302901382011416,-0.00017852205667427288,0.0,0.18299957327127295,-0.0007828375993894096,0.0,0.1829034468430186,-0.0008373197446827367,0.0,0.18234220584163338,-0.001445514713316832,0.0,0.18222423036165777,-0.0030456704272524724,0.0,0.18204377746835704,2.0347503575048035e-05,0.0,0.21323609907813082,3.893393069526724e-05,0.0,0.19128418353813453,-0.0004998918735093531,0.0,0.19101725269726932,-0.0009699588588094393,0.0,0.19065962164570557,-0.0017471174571197419,0.0,0.1898189329117635,-0.0038518221025927862,0.0,0.18732643938986612,-0.003210798051654569,0.0,0.18678003315125244,1.4227812312559454e-05,0.0,0.21053597711107852,5.7825349427865755e-05,0.0,0.19545281432159617,-0.0016068218277066244,0.0,0.195175113844144,-0.0012222269629306403,0.0,0.19362408223554756,-0.0026927287117389288,0.0,0.1933733748737831,-0.005695158135954103,0.0,0.19228215788462866,-0.0038147461902215984,0.0,0.19174222871850854,3.78417387061791e-06,0.0,0.2071275308902064,6.839107655277778e-05,0.0,0.2070906700691904,-0.003508942436096947,0.0,0.20705399933961263,-0.005041747782866699,0.0,0.20704067463772488,-0.006381045669189348,0.0,0.20442147944819777,-0.006103644593339819,0.0,0.19886343088199146,-0.0039970934065983585,0.0,0.1942126987257735,2.8941611806307753e-05,0.0,0.2,0.0,0.0,0.19996503629898732,-0.005073086647163066,0.0,0.1999783133966152,-0.006672637456625386,0.0,0.19999694259731612,-0.006822783187356586,0.0,0.2000146621723352,-0.006609760813712784,0.0,0.20002292705176214,-0.004512573055917094,0.0,0.2,0.0,0.0
0.05,0.24000000000000002,0.0,0.0,0.2399631594656501,0.005481221001826151,0.0,0.2399846774861836,0.006422615522536081,0.0,0.2400057377994295,0.007496414325991105,0.0,0.24002834764184156,0.008183509437665474,0.0,0.2399946813225742,0.002897612455551062,0.0,0.24000000000000002,0.0,0.0,0.24573519657783366,-3.0063485582003467e-05,0.0,0.24550568908679407,0.003657223958965404,0.0,0.2452572852570749,0.00376590473379776,0.0,0.24500452534578804,0.004914064498567751,0.0,0.24355942910469167,0.008121731155960463,0.0,0.2387053617616779,0.0007065478890858408,0.0,0.2338574292188445,-2.7781774154184534e-05,0.0,0.25073085668596734,-4.401397816655715e-05,0.0,0.24788411722857706,0.003633979149447009,0.0,0.24519898046441985,0.0026667761843793634,0.0,0.242835337813268,0.002988461945637305,0.0,0.2372876642922093,0.0025052575354529527,0.0,0.23078914660534525,0.0005621915576342717,0.0,0.22791096627046992,-5.1928554639135585e-05,0.0,0.2534274643109937,-2.3525581376779583e-05,0.0,0.22920867123947725,0.0023773281949988575,0.0,0.22787749321128956,0.0014635287107949172,0.0,0.22782779875890283,0.0016425457390516632,0.0,0.22779557498223763,0.0007923891592140065,0.0,0.22631211513984523,0.0002633248503965395,0.0,0.22608440652955042,-1.1598799033663565e-05,0.0,0.2540952595365956,9.60290247967707e-06,0.0,0.22345165963737437,-0.000504873161751355,0.0,0.2214283272143076,0.0009955132577054498,0.0,0.221113465891525,0.00018011189349640447,0.0,0.2205023238502968,0.00038431256273332054,0.0,0.22049353977780922,-0.0010347459575932986,0.0,0.22010045590277733,-3.569609535242507e-05,0.0,0.25469303538207033,4.3915525247689766e-05,0.0,0.22091715689940108,-0.0008706411257843577,0.0,0.22088375555905035,0.0004966288539988801,0.0,0.22079939486870123,-0.0007057286442770295,0.0,0.22067050292341406,-0.0003441047639751028,0.0,0.22045162389843778,-0.002127373602677619,0.0,0.22040522403349805,1.2332372889009614e-05,0.0,0.2544113592982326,7.716399239349794e-05,0.0,0.23039803425417116,-0.0023058626015771515,0.0,0.2288730389552611,-0.0012339486596777574,0.0,0.22745365547787166,-0.001322933990055556,0.0,0.22681096642405285,-0.000772103880432473,0.0,0.2255351489761335,-0.0021776000329539083,0.0,0.22498665439882887,1.8564051697440857e-05,0.0,0.2533908073862456,0.00010886684574601827,0.0,0.25246573945602846,-0.003674838695000807,0.0,0.24670051753309247,-0.004126338442589804,0.0,0.24061205143311645,-0.0030257586773847927,0.0,0.23625330197908623,-0.0014348326363803226,0.0,0.23329950311813816,-0.0036005947197050993,0.0,0.22890141023953714,3.7039403521472695e-05,0.0,0.24672752079067053,5.5524026721843467e-05,0.0,0.24633124105408435,-0.005449285397050097,0.0,0.24557972995675512,-0.0043546491998809585,0.0,0.24444850522529593,-0.004843101384292587,0.0,0.2419615787262289,-0.006056349897995551,0.0,0.2383558756801544,-0.003765040170183366,0.0,0.23263264287738666,5.809998037450872e-05,0.0,0.24000000000000002,0.0,0.0,0.23994822833144605,-0.006042902461704226,0.0,0.2399695252744872,-0.0057798393393683235,0.0,0.2399890156257018,-0.0050676503804061735,0.0,0.24000803991974007,-0.006101189108994511,0.0,0.24002593116116022,-0.004825208179606138,0.0,0.24000000000000002,0.0,0.0
0.060000000000000005,0.28,0.0,0.0,0.2799747890928115,0.004228324529936976,1.9729115358534887e-10,0.2799821765338685,0.005597184961742244,6.426252096187707e-09,0.2799928257125641,0.0057677161574184125,1.1277876702392142e-07,0.2800030565420997,0.004921451495949044,9.183519614768734e-07,0.280007922416124,0.003117423473124134,2.801596924261002e-06,0.28,0.0,0.0,0.2875759773393377,-8.381056151679762e-05,1.8676839647791062e-14,0.28754911472938793,0.0036617807790515346,3.023657191514594e-12,0.28692177781452144,0.004944430095850827,9.4288016391741e-11,0.28678872032586183,0.004046320814995234,2.290895502500418e-09,0.286367298594093,0.0036896182053557055,3.3424065797271196e-06,0.2830389979177697,0.002658474604248098,0.00021155334999855215,0.27379171510093003,-3.70803973422908e-05,-0.0016656605333050575,0.29053280617577054,-6.963179181626895e-05,4.95387767264014e-15,0.2811811404276137,0.003331254672643618,2.4848383227534728e-12,0.2795308215488094,0.003994127640729552,1.0740858653921455e-08,0.27313430103377284,0.0027224303896664593,6.217384835356896e-07,0.27211813204714497,0.0025834460030702937,3.6095742524866055e-05,0.2702587181304307,0.002153657905874012,0.00025243998529141603,0.269589863539278,-4.3080661156586254e-05,-0.004488783965101821,0.2932266192704425,-5.3906068488416715e-05,5.500144009184117e-16,0.27280639378679006,0.0028034977077098936,4.64235878314073e-11,0.27057442850041147,0.0031152743093006527,1.4107248541677851e-08,0.2699759675582945,0.0012327803640763992,1.7496956920455077e-06,0.26875489278762327,0.0010941113330669142,7.298963821450716e-05,0.26725229427038205,0.0017753124961855094,0.0007636544091276314,0.26576404017725563,-3.3725627730853314e-05,-0.006359483767371443,0.2943759376053895,-2.537221895217006e-05,4.261670088479691e-17,0.2634522678783563,0.0025501552598846578,5.239197593929755e-10,0.2629934078369881,0.0016494173141764327,7.634214899930725e-08,0.2625223848805569,0.000570686515070228,3.884126333369331e-06,0.26250622143434105,0.0003375986068710518,0.00010774310061083486,0.26237804191197883,0.0015890857348433687,-4.64027538248934e-05,0.2622322586505813,-2.1989419367513462e-05,-0.00833140847515071,0.294041803396041,5.327088321508557e-06,3.594370150464729e-17,0.2648317170287982,0.002488015779891088,3.031138861784491e-11,0.2640117926839729,0.0013463438307756072,1.0167193347988321e-07,0.263101364070782,-0.00011640092055144846,6.412306314586108e-06,0.26260228831674154,-0.0006197850952616105,0.00010345558209018499,0.26219163278533875,0.0013241720082186467,0.0001639145587785324,0.26204359957904155,2.211406945087477e-05,-0.008284797742644437,0.2932468788135518,3.4359961523154595e-05,6.310918803956069e-16,0.271324297453333,0.0014903364308628748,1.3483031772415777e-12,0.2705943211845988,0.00020328133856519604,2.3157957473684194e-08,0.26981867421239725,-0.0005161104795540875,1.9672286502263098e-06,0.2685479418507741,-0.0015157984154662275,6.818902792677826e-05,0.2681763375727448,0.00010320164315363319,0.0005315722508674034,0.26729105615391113,4.8559567320047e-06,-0.006361362771561661,0.2902064563577689,4.767896474296675e-05,5.3176513300818424e-15,0.2794793511306946,0.0012974621102757064,2.5986785075638576e-11,0.2761880784576491,-0.005979717887781055,5.449010977252817e-09,0.2756003311731553,-0.0023278340521923294,4.29438474722133e-07,0.2739777294727543,-0.003196167395055275,3.9947343173822905e-05,0.27257568413632416,-0.00012288613432009232,0.0004039838165693876,0.271581077310866,6.034939559269266e-06,-0.004505625806536764,0.28630157544138024,4.780572776573395e-05,1.0029645480701116e-14,0.285382835128843,-0.006297393782890211,9.008742679473086e-13,0.2853842953694813,-0.006308945209741246,1.0449932053094185e-10,0.28500898372901834,-0.004161966493367147,3.730556789379434e-09,0.28422957277840455,-0.00532109799375063,1.9305569100890943e-06,0.2784956197025111,-0.0015067820327244116,8.567551764492098e-05,0.2749357560675091,1.3764986754712476e-05,-0.0018729733659297193,0.28,0.0,0.0,0.27992957718377015,-0.00677222356201468,1.3102532798488281e-08,0.27995174287134633,-0.007281716122786184,7.351959079832664e-08,0.27997367019390146,-0.006536159896764206,2.2238983216381185e-07,0.2799956853598458,-0.006124014279693361,3.185247342289184e-07,0.2800095497997333,-0.004046921886922123,2.0638665784623153e-07,0.28,0.0,0.0
0.07,0.32,0.0,0.0,0.3199656107368047,0.005511847835166041,3.7824113930595733e-07,0.31996819590597253,0.008937590509821167,-8.699026623071949e-07,0.3199941870125657,0.009202461745660681,-4.491881308436309e-06,0.32001957389442265,0.00842717260772223,-5.966652766679095e-06,0.32002079643712356,0.004850385333432604,-2.0288964719204857e-06,0.32,0.0,0.0,0.32637063050788645,-3.572397011052713e-05,1.7888862818040274e-10,0.32619189483125277,0.004904799061690469,2.3582722968455545e-08,0.32519211567504375,0.007254487045728714,2.121586712860025e-07,0.3240064663305493,0.008810354932068517,6.330060196981172e-06,0.32387518110180413,0.0054917271322380175,2.207924075468679e-05,0.32124040818202143,0.0024100391868340366,-0.001530405642994697,0.31434107246022575,-2.3063181800816042e-05,-0.003938000507819568,0.33212088750374014,-5.7143574866386866e-05,1.448174854150709e-10,0.32809618662336065,0.0045237555890397215,4.813728022408169e-09,0.32383156628689397,0.004992657715674138,7.633213640158055e-07,0.32155666037040026,0.004987080767068706,2.1011737387234212e-05,0.3185705664776119,0.0049606430760416615,-0.00010495530259085686,0.3147787307348401,0.0005468303997062886,-0.0031402686928921754,0.31003195584591925,-3.300630282250554e-05,-0.008645969728086235,0.3363413094476011,-4.899164193019433e-05,3.612291849498874e-11,0.31203488474762636,0.003078531491418385,1.4961933595274705e-08,0.3114165447646123,0.004269553362555526,2.2575520692569875e-06,0.30917769617491886,0.0032908660440812637,4.097282594840556e-05,0.3091310089133924,0.0016175777962763051,-2.0082680702518734e-05,0.3082389601382652,4.491577686617938e-06,-0.0049652813200024085,0.30685634306294146,-3.959983986040627e-05,-0.014066254682930525,0.337209343768286,-8.458790555780211e-06,4.912127398396617e-12,0.3041362581545434,0.0023983170318067825,7.609874390476348e-08,0.3038768790070446,0.0030434152301155775,3.3085884181059673e-06,0.303851846803858,0.0018367500040470798,1.310329083358495e-05,0.303839405060577,0.0009332715353637487,-0.0007846272872740348,0.3035488544922062,-0.0012614229877379473,-0.006315200517810173,0.3030088454406182,-2.9348177605773083e-05,-0.018036274319889963,0.33747877596705306,3.4656795308415046e-05,4.714195695739482e-12,0.3053284479709473,-0.0018067379521470531,7.387837638777143e-08,0.3050906344836672,0.0020990484899966054,3.600259858029881e-06,0.30390950026016145,0.0007684091108411191,-4.278672540213042e-06,0.30352154204485843,0.00022411688260056458,-0.0007918172167431378,0.3029460680232313,-0.0021570302376317033,-0.006299806981600418,0.30263895297697146,4.070373176867869e-05,-0.017949700260366824,0.3371085953382515,7.555160611312343e-05,2.5172271459838715e-11,0.3174370101793846,-0.002607109910273227,8.22352302880797e-09,0.30999939416996647,4.141777168757704e-05,1.992292528551371e-06,0.30942968931412085,-0.0028491401025296658,3.233915994684471e-05,0.3082225894376432,-0.003015786310366782,-0.00012240962787980934,0.307900018262322,-0.0025907583075784556,-0.004838367126785771,0.3070277258600755,4.27960102103479e-05,-0.01411195757120205,0.3328126387244391,8.047659506933678e-05,8.095656089335097e-11,0.33226142856052177,-0.003679693503139853,1.580057915355812e-08,0.330682917365301,-0.0021171774621084054,1.084486071978251e-06,0.3254334362493438,-0.008799174684033455,3.0136101903960494e-05,0.3195256759854256,-0.0034883357763812453,-7.34327431655358e-05,0.3152082430108737,-0.0031469815776365376,-0.0035072669795453114,0.310545631938012,2.8192495471834592e-05,-0.008661759293270295,0.32589073562137505,2.6959475175609456e-05,7.440471553048742e-11,0.3257251063309705,-0.004650348710195942,8.252740594474504e-09,0.32517746433883005,-0.008376198022048914,5.60867697530799e-08,0.32502818864117705,-0.009317036996851508,1.0503523323214065e-06,0.3227493449514702,-0.0048681204147636254,-6.688545164161642e-05,0.32020350730151576,-0.003686262219997448,-0.0016334038181596343,0.314606105239844,1.3855388668854295e-05,-0.003602268057240199,0.32,0.0,0.0,0.3199594085762259,-0.0058512826939709165,7.082425284079017e-08,0.3199583391183723,-0.009630972936085582,4.684389771912595e-08,0.31998559428735984,-0.010025177034625755,-6.687262809366273e-07,0.3199983184948502,-0.007277007082001569,-7.147124262247536e-06,0.3200037485874707,-0.0039572350442348275,-1.613951596740524e-05,0.32,0.0,0.0
0.08,0.36,0.0,0.0,0.3599561629487117,0.005642435633605178,-2.299772873453923e-06,0.35997535325370295,0.006453095259716681,-5.656123014566888e-06,0.3599949184573266,0.005931731896564861,-1.2715993478593445e-05,0.3600148152930149,0.005551249379866658,-2.8287266199817406e-05,0.36003437877025646,0.005208618378618752,-4.3374736192729745e-05,0.36,0.0,0.0,0.3660969351902126,-4.156809248243521e-05,1.05110871155562e-09,0.36604248201328626,0.00179051513034416,5.625079154272724e-08,0.3658831197528181,0.0057121066549039685,1.7665844429217485e-06,0.36543254295546557,0.003833151928045945,-5.898221722989035e-05,0.365279646393522,0.004585792531702772,-0.0011671625076339783,0.3628318917108269,0.005113610478470898,-0.0028113301321137443,0.35674263665200695,-2.2312938159665336e-05,-0.007181417241228655,0.3710029387319969,-5.5554191168902726e-05,1.1095250852045695e-09,0.3658185829458467,0.0017162257983227946,2.037045452067392e-07,0.36436425341180123,0.0046965690700574055,2.322484463979672e-06,0.36097644981506716,0.003270546215897838,-0.00016277598348728823,0.3586130828095892,0.0029127518576232353,-0.0019845593322212886,0.3575274397067896,0.005040940816479682,-0.005674953454232385,0.35486645157028784,-2.7038326183197844e-05,-0.014182427915010816,0.3747012436922668,-4.85418202962531e-05,4.4431654376686167e-10,0.35818268844546197,-0.0015541028271655994,7.337230105137558e-07,0.3568799940849022,0.0034836478896485583,1.25113412634779e-05,0.35622728813728494,0.0028505646302341473,-0.0002600243662236478,0.35423591522599446,0.0027294374476513677,-0.003365073162865147,0.353143895244891,0.004981703934641447,-0.008725292118562432,0.35251678311473184,-4.108879673590116e-05,-0.021425369260820157,0.3748780505295802,-1.5818297158145634e-05,5.176982765747995e-11,0.35137031673791247,-0.0016630687524009124,2.9067731442060337e-07,0.3510920147266749,0.002248720484799049,-2.748010518886233e-05,0.35099645017933373,0.0017674245292616186,-0.0007006069900550878,0.35091900882110527,0.0014658989985334076,-0.004521494911572291,0.3507484338635583,0.004862608871666428,-0.013022464097397948,0.350199775758205,-4.98001464901188e-05,-0.028538391375458685,0.37455910934188275,1.7174643099367184e-05,-2.6391664738246024e-11,0.35227416897685915,-0.0021509797862573443,2.184410079657538e-07,0.3504773060788565,0.0010808340788872608,-2.490163670988351e-05,0.35014651364823773,0.0008706174464565515,-0.0007135587328775761,0.3500735077674557,0.00030374555194560544,-0.004431809176945173,0.3499239038459248,0.0011496002682245376,-0.013039209394390672,0.3494180125177684,5.212653152482894e-05,-0.028371370218960544,0.3740634382430565,4.8368469465253674e-05,-3.708222580716312e-11,0.3564516420887472,-0.0023357296186692664,4.5865897596339923e-07,0.3560909498329828,-0.001226658831994436,7.514868837033513e-06,0.35483232559739575,-0.0019929623057937007,-0.00023470471831262506,0.3541104798267293,-0.0016309659447890197,-0.003319393996331877,0.3517186638925712,-0.0009762532994455725,-0.00881919681832512,0.35124270845237476,4.76560019291281e-05,-0.021265145624065583,0.3705039590379904,5.342075007792068e-05,-2.387315888784468e-10,0.36658553567243884,-0.0029170872578970376,2.2700033322750159e-07,0.36527890013622477,-0.0023673623300051573,6.283603066395095e-06,0.35948729390377065,-0.002842537841085478,-0.00013535467328202664,0.35524937131680756,-0.003323167484254057,-0.0019018745790326096,0.35370315986856243,-0.002070914175079896,-0.005310685431188875,0.35316943996577854,4.045866554815237e-05,-0.014074832016953802,0.3663040809099295,4.882645763614441e-05,-1.0573469331130817e-09,0.3661217155412945,-0.003701856995711483,-2.3807635243731101e-07,0.3660393901418535,-0.002448137242999904,-6.184729285972003e-06,0.3660307187201997,-0.004674252028596965,-0.00010224505399897851,0.36467278754694477,-0.00537150249958694,-0.001202658144637585,0.3604107235833175,-0.002265535550579231,-0.0028137312366146887,0.3557631521936284,2.922035601290389e-05,-0.00698474508604057,0.36,0.0,0.0,0.3599857071115783,-0.0039106020650761285,-1.021762972543645e-05,0.36000041456218945,-0.004977384073141264,-1.929266650708721e-05,0.3600171756789073,-0.005025974247040026,-2.8253720475778042e-05,0.36003269910626784,-0.0056026146499728695,-3.97731612622107e-05,0.36004877974746663,-0.005720033510145207,-4.45587672038985e-05,0.36,0.0,0.0
0.09,0.39999999999999997,0.0,0.0,0.39998425945715677,0.004100203209042369,-1.3380090326237603e-05,0.3999969486929589,0.005630593678597428,-2.7762851113835083e-05,0.40000193254188177,0.008203778013077617,-4.337488088810155e-05,0.40001199350534034,0.006255261314059021,-5.0813760499079065e-05,0.4000229080725087,0.004500131070858232,-5.832963844418736e-05,0.39999999999999997,0.0,0.0,0.4064593310632501,-4.045450026415781e-05,-1.4350776494658382e-09,0.4060678358947464,0.0040261588692938645,-2.5891049399773364e-06,0.4057882579496487,0.003071096773328656,-8.475624423642222e-05,0.4035787012738536,0.007473443390543554,-0.0006750112716677774,0.40325596818315035,0.0048187739040573005,-0.0019430259106788304,0.4023343684966886,0.003971401163621845,-0.004882073643530347,0.39562889198310597,-1.1510432053012646e-05,-0.008359283389431744,0.41289761923287643,-7.968061697082234e-05,7.782976545314014e-09,0.4122286526538651,0.003768833141552935,-7.253534428995516e-07,0.40999150959884045,0.002753900905784572,-9.526352173010065e-05,0.4051731332194034,0.005924208657740592,-0.0011396276859867408,0.3996358549174523,0.003133204141976685,-0.003783884325527553,0.39557197723541654,0.0036706951302042583,-0.009499591127085332,0.39117101105572283,-6.465640508523955e-05,-0.017836746330380692,0.41709101816206506,-7.218870066115442e-05,3.1230891979559444e-09,0.39660999064583297,0.0031856267184716043,2.130667969712356e-06,0.3935218903878472,0.0017825937565507477,-0.00010444426459809154,0.39308912892519926,0.0012583164155896128,-0.0016055869160252073,0.39033316610366775,0.0021166734947429757,-0.005350836449971931,0.3897676950433206,0.002844416561124295,-0.014345081263860578,0.38831574483842957,-7.472312687935637e-05,-0.026830990942886514,0.41792027570433066,-3.034216515867841e-05,2.2972552595757652e-10,0.39125199040683256,0.0016746055042310298,-7.890240990669615e-06,0.3903681549188941,0.0015465674545184168,-0.0002688667370101995,0.3880901783516405,-0.0012541664624599019,-0.002339579954435406,0.387549321833782,0.001655512769356427,-0.008004765026050515,0.3869241873875907,-0.0011439566042595242,-0.01892753114860113,0.38604550101927965,-8.673674937128031e-05,-0.03599347975171782,0.41770453956907744,1.2675847883894608e-05,-3.1741609532204962e-09,0.38791556816780925,-0.000935229556026453,-8.22110806257176e-06,0.38790225637175335,0.0011482203123240587,-0.00027480388283642826,0.38729759426816196,-0.0024270267504722695,-0.002227202023390939,0.3868250256399711,0.001223108328703855,-0.007905611193501859,0.386555435880768,-0.0014353310830307964,-0.01884191392038036,0.3859587478258407,8.070693594628728e-05,-0.035977038617616294,0.41614444347126617,5.051341434838484e-05,-2.025972645109036e-08,0.3971023597616669,-0.002945143189004942,9.92144965406628e-07,0.39671901380787616,0.0009873105632183803,-0.00012259598584712293,0.39500276374735643,-0.003099189768885241,-0.0016538330370268264,0.393693490381001,-0.000955620984258708,-0.005685937650917468,0.39272850614128807,-0.0033630932767981002,-0.01466582142626397,0.388656636663106,7.491104843786495e-05,-0.02708528474836585,0.41215563056912796,6.14074941199892e-05,-6.28006904609066e-08,0.40759512713536217,-0.0032533886608124493,1.042655158068821e-07,0.40611949793415814,-0.004149482149371818,-7.071793948053932e-05,0.4042873878309331,-0.0035412374679273245,-0.0010297745100800732,0.4014831850604821,-0.0024951580518257134,-0.0036496430779701496,0.3975356317574735,-0.004732294012348108,-0.009547461177701846,0.3926222567571746,4.696090786949905e-05,-0.01801593713931671,0.4061512038216492,3.342314924401715e-05,-6.607519104203412e-08,0.40577100314315206,-0.0040342467360730185,-5.8790210526231804e-06,0.4056872130004787,-0.004790060080612652,-0.00010571163829905721,0.40465493798383656,-0.003733481602393881,-0.0006677612413686913,0.4034589531217261,-0.0032679004350675937,-0.0019066292725383087,0.40336475079712825,-0.004918426210039481,-0.004835701958038926,0.39653968715963733,8.944058223476548e-06,-0.008685029821798375,0.39999999999999997,0.0,0.0,0.39994659546895583,-0.006123117256198176,-1.0926372814334153e-05,0.39996704072359013,-0.005386275166767719,-1.9839755041969452e-05,0.39998698539628963,-0.0045110427792913995,-2.3903447969118334e-05,0.4000082489383876,-0.004200967814294527,-4.011704641538411e-05,0.4000285148446944,-0.0050129683287130555,-6.980627299053202e-05,0.39999999999999997,0.0,0.0
0.09999999999999999,0.43999999999999995,0.0,0.0,0.44000114043771427,0.0031981186627518103,-1.8221910732951616e-05,0.4400202221182315,0.004351917112339346,-3.4690085778605025e-05,0.4400369407421118,0.005907580983413936,-4.6251177437109535e-05,0.4400553392513549,0.004581040894030733,-5.484307351277774e-05,0.44006840455814894,0.006714627662366212,-0.00011825624118827993,0.43999999999999995,0.0,0.0,0.4466589680090564,-5.8186491728275274e-05,-9.592446175960169e-07,0.44656729582058236,0.002248711308478933,-3.722745007668258e-05,0.4462806676223606,0.004082402383586555,-0.00033743342828002326,0.44616233332081223,0.005216022354309406,-0.0012519667050632718,0.4458065228365955,0.004099367502779478,-0.0033728153994754127,0.44477926694645925,0.004819695293079876,-0.006094241099904723,0.43773784221236267,-1.2193486059628967e-05,-0.010811869775460003,0.44935762799564816,-4.271680219214838e-05,-5.417915423615018e-07,0.44467644538481954,0.0019255598179100447,-1.4561618860003657e-05,0.44409575235598736,0.0025842062517998157,-0.0003779258860207345,0.44244045736361537,0.0043200833936423225,-0.002051216758346838,0.43708050870035364,0.0017969429776758695,-0.0059291073144330944,0.4360386659156903,0.004542659784129222,-0.011830014054759282,0.4344512201571095,-6.214802181757074e-05,-0.02223218744495158,0.45179329502910964,-2.3695092244337063e-05,-1.3987631782217522e-07,0.43804353630306503,0.0013722115513450288,-2.0486880700809115e-05,0.4375375405606917,0.0016304695631559655,-0.0006355549911486656,0.43561489045617946,0.0013732650318871635,-0.0031397051407406184,0.43398426435137644,0.0009795970696626513,-0.00948779828382307,0.4329223060933737,0.004393791008633159,-0.018590917112407047,0.43145715151972996,-0.00010637196147986686,-0.033597461189062205,0.45350084312068456,-5.65966612290216e-07,-1.7398651379298757e-08,0.43225828409799755,0.0008320316811772399,-5.254973074430617e-05,0.430959804615342,0.000718587685268355,-0.0009465069400277895,0.4303892093187304,0.0013138456043939022,-0.00454521002464831,0.43019403580946763,-8.735548837341001e-05,-0.012530870336253396,0.42952064919775645,0.0022089617085277987,-0.025594950265160694,0.4287893502798375,-0.0001171711348660293,-0.04430807753642659,0.45380318794820296,2.9462187726369446e-05,-2.7166755278600593e-08,0.435148984996888,0.00042815304861716863,-8.081340183435176e-05,0.432060539109968,-6.420373542858151e-05,-0.0009693125715119257,0.4303813949589642,0.0007173760534431326,-0.004636245927068027,0.4300487127071429,-0.0007833365462340925,-0.012683083632993399,0.4295887096080922,0.0009434303353798941,-0.025548081490439394,0.4286298542175681,0.00011529838456351963,-0.044276583190610605,0.453363434369086,5.824856813305531e-05,-2.69471789730211e-07,0.44256539461186856,-0.0006913169696054144,-3.062023589771867e-05,0.4385768505318643,-0.0007466038140163118,-0.0006847079314829836,0.43642247588923194,0.00046614454927010915,-0.0033056654454522647,0.43592076856891215,-0.0013457445833225347,-0.00959664327802749,0.43420303602483196,-0.003371623303020391,-0.018775051303652247,0.4309293511040609,8.761867692021354e-05,-0.03309543613413912,0.45155504387573686,8.19722883244919e-05,-9.414434523788724e-07,0.4472116187439389,-0.001077058192733719,-1.2541826455075773e-05,0.4455589238558487,-0.0018748452064735238,-0.00037993178605432,0.44360409372165194,-0.002902074977910109,-0.0020533265485708943,0.4409728117005629,-0.002259729251776487,-0.006118282838108998,0.4383960121136946,-0.004806791906609957,-0.012092914881574348,0.4336504200682785,5.2954141153970356e-05,-0.021835211480845784,0.44726936895874486,7.551953268552844e-05,-1.404728763455967e-06,0.447208322795497,-0.00309356961675213,-4.506188189155647e-05,0.4472041649472492,-0.00454935313538501,-0.00036306848883833247,0.4428872031137151,-0.005393826464903573,-0.0012398521391356638,0.44206414071604355,-0.004138228365435365,-0.0033608674701133055,0.43901678375362013,-0.005033712796721209,-0.006132494275340862,0.4360922222632568,2.859046397922193e-05,-0.010747115750055204,0.43999999999999995,0.0,0.0,0.4399957715848998,-0.0035172407497239804,-1.697078900193564e-05,0.4400078254190421,-0.005576024048031793,-3.95169621780357e-05,0.4400173249369742,-0.007866841848152974,-6.073311917972708e-05,0.44003524081088696,-0.006709024629476096,-7.839354319650558e-05,0.4400547439088021,-0.006137414515287772,-0.00010474926691653085,0.43999999999999995,0.0,0.0
0.10999999999999999,0.4799999999999999,0.0,0.0,0.47994227024709335,0.00626952585124515,-2.922973108006978e-05,0.4799608660461365,0.005311430138099455,-6.450138345608278e-05,0.47998123132167075,0.005737876785661041,-0.0001072906730464778,0.4800016075484026,0.005342189422092836,-0.00010418607468840683,0.48002081748862707,0.0045339082339644005,-0.00012432077659539994,0.4799999999999999,0.0,0.0,0.4879371788177489,-8.49844705662096e-05,-4.4932358087644785e-06,0.48781889580940513,0.00587446375768297,-0.00012001732334569393,0.4877839562434102,0.004906799243665457,-0.0006592670715953588,0.4875618809062441,0.005345447561274289,-0.002105588349882412,0.4839928632008515,0.005246459452188757,-0.004295901828175687,0.47977927825586253,0.003103185894639677,-0.00786210928868473,0.4767059148634176,-3.2043166055348574e-05,-0.012668379211815472,0.4906903424457634,-5.775861398735232e-05,-2.6022578404749615e-06,0.4900656269501918,0.0019057827798027707,-9.463521336245276e-05,0.4889619258603363,0.0041048235978334326,-0.0009643880764718432,0.48527563077429786,0.0050863286279241166,-0.003597472803073235,0.4837105742361226,0.004335817522573947,-0.008315973696820078,0.4817983422951225,0.0029418476981718285,-0.01586746219476591,0.4746141534287265,-8.422042942128392e-05,-0.025974863503390542,0.49383080679771774,-3.6534946940154436e-05,-2.7745205321456676e-07,0.4832007695826906,0.0014890152099436382,-0.0001384146148394809,0.47615531249817206,0.0029421533555899567,-0.0014069895839619918,0.4760539687810063,0.0021170880794942593,-0.005487021917716274,0.4755230806240908,0.0009191543976077513,-0.01249604203515166,0.47385340618237576,0.0020724620730847485,-0.023770360564285622,0.47181106853049376,-0.00014066093102574407,-0.039216434595694454,0.4968301606949053,-1.2105666992667522e-05,3.0130612839512877e-07,0.4757532205567801,0.0012649358693101855,-0.00020836695364915065,0.4726758697148657,0.0007062397279572225,-0.0020857834937459746,0.47098608719743956,0.0018429519623483163,-0.007309929847460493,0.46992811426342873,0.00038762520428886225,-0.01696795082755604,0.46927581895397713,0.001086702054793472,-0.03154825591827142,0.4681219245863787,-0.00015441750757810838,-0.051402537267048076,0.4964503081886553,2.9454730658286583e-05,3.575549337705328e-07,0.4743072693929979,-0.0009417899149126013,-0.00022130414951346866,0.4703758242182169,-0.0015854431062902045,-0.0020417306877449025,0.4700226420662409,0.0009763023771384913,-0.007264866529326922,0.4695083100085247,-0.00021469414209673653,-0.016870477546129047,0.46905918445545086,-0.0016072998575013076,-0.031408844949105494,0.4682513885754968,0.00015588133093646995,-0.051420562186753886,0.4948525556781996,6.805087296038315e-05,-5.346985697487633e-07,0.4776786278248953,-0.0032620086221364706,-0.00013383402680079004,0.4753253040070789,-0.0024427676570266117,-0.0013883978720361416,0.47374459668870816,-0.0018440887234439179,-0.005320254558629283,0.4727615896059278,-0.001275542881693103,-0.012327767815786112,0.4713146806067093,-0.002532419450212783,-0.023605159602362993,0.4700271434114171,0.00010951175138907478,-0.03819262910374611,0.49306044414106054,0.00010435261946264651,-3.3790412619812566e-06,0.49216101560630937,-0.004271706408601635,-9.732657055713569e-05,0.4912048228760024,-0.003549242556418159,-0.000994051072662237,0.4891556721024948,-0.002523003517322082,-0.0037692203072317776,0.4867972558322973,-0.0030614919559171627,-0.008490240232859731,0.48106522794801004,-0.0038487678099364793,-0.01594790592930269,0.4732136494809748,8.144962955253429e-05,-0.02557551348503262,0.4887609388974113,0.00011094367435022944,-5.513932793911506e-06,0.4873407155888909,-0.005160686469844637,-0.00013488068993611094,0.48729565982910356,-0.00409179329010086,-0.0006796194793749718,0.4872446758937446,-0.006948647482842171,-0.0021485161590871745,0.4859402494676466,-0.00458406638898465,-0.004371465392213025,0.4802985559683745,-0.005840760062257515,-0.007966963353453605,0.4760033222424131,6.38825944220549e-05,-0.013092057288371898,0.4799999999999999,0.0,0.0,0.4799661751400193,-0.005584600845064227,-3.0196072906855324e-05,0.47999418531312066,-0.005224866745091098,-6.411092167034724e-05,0.4800125913122905,-0.007393695653078071,-0.00010024934195747972,0.4800295874119951,-0.005050992691895994,-9.139248249266433e-05,0.48005402555421195,-0.0063996957622441016,-0.0001627110087463774,0.4799999999999999,0.0,0.0
0.11999999999999998,0.5199999999999999,0.0,0.0,0.5199727611694682,0.005412756376977648,-4.766322818067971e-05,0.5200023164850136,0.006220663434303272,-8.69576218897454e-05,0.5200336670461928,0.006386344938470446,-0.00011928538524454527,0.5200625298912129,0.007479343210180513,-0.00017235941972816552,0.5200933897983628,0.007899375168654332,-0.0002196810535851835,0.5199999999999999,0.0,0.0,0.5259826478004022,-4.3318243590439494e-05,-1.2217688667576704e-05,0.5259279098793403,0.0023032094487533284,-0.0002495688927417618,0.5254833838909146,0.0050455042323682845,-0.0010759574776126764,0.5250886027208421,0.004653841075948074,-0.0027684833808608285,0.5227031054275382,0.0052689669670889245,-0.005664496079741103,0.5223638416584457,0.003589971162293367,-0.009275465316476139,0.5168864616094373,-4.6070481460103296e-05,-0.01443470297922429,0.529317463433637,-3.952581383800542e-05,-4.424484609459733e-06,0.5292378672848392,0.002114759585167499,-0.00023751028110363995,0.5267470159580853,0.0007219599869026803,-0.0016664043173407253,0.5228282726496389,0.0024208006823163005,-0.004976128432907141,0.5205512512029099,0.0024320046981181104,-0.010734768418431483,0.5176613060532846,0.0033820080889787963,-0.018213507291098614,0.5143422451310773,-0.00010937093590768965,-0.029263873602805347,0.5285466848861824,-1.296653960960714e-05,-1.3374745942985687e-07,0.5233881566649534,0.0013025703637133533,-0.00036224356579535934,0.519053515329562,0.0005985833933069656,-0.002577484455430096,0.5183674641654212,0.0018211213910092614,-0.007707200722661354,0.515763108635838,0.0021267939409906527,-0.0164275907150034,0.513960949293391,0.0019938926801726033,-0.028009138374332342,0.5116455938778709,-0.000143776347589188,-0.04356778086778287,0.53177355984158,-7.047088250329655e-06,7.477892879949972e-07,0.5126359300982156,0.0006650597921319599,-0.0004907302831277737,0.5122187316109679,0.00010210624564569171,-0.0034657576853381875,0.5119619639622722,0.0009528699685787178,-0.010280119571237997,0.5108678246258384,0.0009366905220202968,-0.021471839677869132,0.5100773928358396,0.001112485441669512,-0.03739954978044477,0.5091832369669763,-0.0001965011356924201,-0.058243110667847375,0.5308576932733282,1.8151342593015076e-05,1.1690406529441402e-06,0.5147271960799247,0.0002178727517744741,-0.0005242571403997912,0.5137370038166482,-0.0007331792302794988,-0.0035618016745578734,0.5124451488367416,-0.00033672482002492285,-0.010382992854430888,0.5109168418202725,-0.0006288797549846748,-0.021538360688621038,0.5103946221579669,-0.000491756363491037,-0.0375898727713161,0.5095285079727332,0.00019300041889082383,-0.05829883877834781,0.5281677440303091,3.0761586598140436e-05,-9.682323469654072e-07,0.528006709652858,-0.001057936936228705,-0.0003981048876820762,0.5233409120048992,-0.002276204939234795,-0.0027431471153427063,0.5187393132708269,-0.0018150214120365412,-0.007891702843201507,0.517927887714208,-0.0023594002916616716,-0.016815321058423812,0.5148018305643879,-0.0013047300956927298,-0.028333810967974587,0.5117483910144057,0.00014574951832853114,-0.04368344457373022,0.5291241306549395,5.691199457829636e-05,-5.206221621303198e-06,0.5231263175321889,-0.0017076198462246505,-0.00021604612857955598,0.5224098824045358,-0.002490006886335464,-0.0015794926690896897,0.5206048881306723,-0.0029404826227939895,-0.004884458193131556,0.5169914160562896,-0.003428521535732373,-0.010489987078823128,0.5161388807736879,-0.004230664498120942,-0.018116650624034156,0.5145897506211461,0.00010637528263639039,-0.029301277338004843,0.5271746297693313,7.589999905967227e-05,-1.4899522123533273e-05,0.5271674523730348,-0.0019174357965241963,-0.0002633754577412141,0.5269940364823655,-0.00466918234096233,-0.0011604872593512774,0.5235316619089703,-0.003921040167438962,-0.00281516792003348,0.5233970961094023,-0.004607825942263039,-0.005729311086816064,0.5216595459360993,-0.004558830404288359,-0.00920832670099007,0.5172964929637475,4.445142117517499e-05,-0.014496179619781882,0.5199999999999999,0.0,0.0,0.5199565723047098,-0.00569426660137049,-4.1172796569256294e-05,0.5199782972830945,-0.0052635984365875035,-7.746384438063799e-05,0.5199991769845845,-0.00593737313920446,-0.00012636725096325883,0.5200193131139321,-0.006886705082714699,-0.0001665193408427062,0.5200367793472623,-0.005390330779400777,-0.0001474987058295505,0.5199999999999999,0.0,0.0
0.12999999999999998,0.5599999999999999,0.0,0.0,0.5599748685815552,0.005110833764954315,-5.9291443545988016e-05,0.5599973815000266,0.006774580171324538,-0.00011495977764799101,0.5600166766360479,0.00876730280995723,-0.0001613958869892467,0.5600427679219181,0.008584207706582227,-0.00018512071187892684,0.5600617279837351,0.006632145606917142,-0.00018697067552958464,0.5599999999999999,0.0,0.0,0.5667679384942513,-5.930697032466675e-05,-1.7934254226809883e-05,0.5666301241188282,0.0013996124635896905,-0.0004841559287075211,0.5665353187312073,0.002849584047260179,-0.001652235724830271,0.564702355193331,0.008024871517252287,-0.003764711970648411,0.5625415081667896,0.008106125195958139,-0.006844579355856413,0.5605875760406939,0.005016585643414344,-0.010956164082625166,0.5570891371299455,-7.244086468077538e-05,-0.016261885485843203,0.570776301636141,-5.908354240300561e-05,-2.3515624149446937e-05,0.5705666305120878,0.0009771267388702213,-0.0004990144842277713,0.566338900497957,0.002537658532948375,-0.002580588462011586,0.5649375409938077,0.0006673698676569789,-0.006814738116266043,0.5608919416097085,0.004934513257569743,-0.013029492276591649,0.5550713648351409,0.0032058780597045583,-0.02138983630580186,0.5539658279953019,-0.00012626255296235953,-0.03221670243551897,0.5751338977127176,-6.28902386840356e-05,-4.77895008368452e-06,0.5583269640485907,0.0006715373703168791,-0.0006862562530231708,0.5574735855247923,0.00016896969190757132,-0.0037898649658102013,0.5559738853761965,0.0004709467509862336,-0.01009703779731491,0.5546181638031429,0.004045518088339626,-0.019607350396246507,0.5526284618344269,0.00239407353007905,-0.032382843847302924,0.5513275484740248,-0.00018421158835048448,-0.04830664294877406,0.5762721312936828,-3.0066907062598246e-05,3.196262844910283e-06,0.5535933378960378,0.0002934939733511319,-0.001004265997382371,0.5532260100290305,7.799850706325252e-05,-0.005231525857945749,0.5530792726164389,0.0003389843469331412,-0.013447902646041732,0.5520235033217549,0.0007822866401137397,-0.02609730695415725,0.5505899963225026,-0.0005493374751757014,-0.043181766863210055,0.5493394004393889,-0.000234907546765336,-0.06438622623756822,0.5762829082615392,4.720939640468355e-06,3.0501514477959037e-06,0.5534074889199543,0.00017663549111944735,-0.0010043492323831395,0.5529685246678699,-0.00036082960377198235,-0.005278600199129825,0.5519805285477057,-0.0012219030334884539,-0.01342877635636808,0.5513173806389201,-0.0031724333363379615,-0.026070377622441427,0.5507205777396292,-0.00110729516089747,-0.04319073238877364,0.5496597619944433,0.000238338959986281,-0.06443286995110067,0.5735859503378128,2.7180898693459132e-05,-1.8384848805992454e-06,0.5572714520604787,-0.00039068004384118163,-0.0006867734077463169,0.5568997200003777,-0.000698222723956649,-0.0038151052289773966,0.5549922934682331,-0.004259471119708441,-0.010119823508069708,0.5537831063442152,-0.004711738274826291,-0.019630913982623985,0.5529975005981704,-0.0014891366237013517,-0.03233267994795501,0.552208824202623,0.00018623886308995,-0.048434006140669714,0.5694203623705743,3.053850059755477e-05,-2.1373041628473e-05,0.5693533988650887,-0.002440611972749168,-0.0005038364873437747,0.568639526465935,-0.002599738899753849,-0.0026385578462272434,0.5653153274482325,-0.005173268278250146,-0.006879190406834746,0.5617229826656549,-0.005474491803416914,-0.013143278880319756,0.5591536356788103,-0.002105331443205773,-0.021550102524013525,0.554743988853998,0.0001302585759810534,-0.03238748565377137,0.5667092449779991,5.3897207930920985e-05,-1.868247940053585e-05,0.5665134110572797,-0.0029033601938386363,-0.00048537093795765783,0.5664760053348998,-0.0037708871889446634,-0.0016702420377112267,0.5652718998842158,-0.006896288987994937,-0.0038185278457908206,0.5596490998075245,-0.005786382412873249,-0.006676810098494072,0.5593987014791342,-0.00351478123392669,-0.01090655706645996,0.5570486583677426,7.545525497637147e-05,-0.016310644164351497,0.5599999999999999,0.0,0.0,0.560001566991175,-0.0031626806758801277,-5.151553733605782e-05,0.5600140131724387,-0.0051609604133719305,-0.00010442237588965391,0.5600262240996174,-0.007074989006307957,-0.00014906867214257045,0.5600458950264146,-0.006757088349393815,-0.00018011340647424012,0.5600667100787873,-0.006640054456732715,-0.0002244085642275437,0.5599999999999999,0.0,0.0
0.13999999999999999,0.6,0.0,0.0,0.5999737654341615,0.0048556325183261055,-5.626177590523229e-05,0.5999770192010264,0.007896632066146188,-0.00010676156895210505,0.5999977220337291,0.008393721771232517,-0.0001777199032435857,0.600012123306299,0.006496341883489231,-0.0002180079147764758,0.6000301126923446,0.0050573850109511724,-0.0001978506378934465,0.6,0.0,0.0,0.6057043873822855,-3.7203799702577226e-05,-1.4944063969449535e-05,0.604726952062417,0.004721138684914061,-0.0006967551485558105,0.6043286787741662,0.006132209281380293,-0.0022445649797638843,0.6042398119054296,0.004341579438485659,-0.004656880212173838,0.6038328219390637,0.005826217728725227,-0.008102766851273032,0.6010877238173779,0.004688619767536445,-0.012089790587928287,0.5971152621628434,-7.123903323570457e-05,-0.017478365175416802,0.6107155813147345,-6.0037586973111265e-05,-3.667389692161905e-05,0.6106688296505952,0.004644256330901028,-0.0010045176383654919,0.6104950190027706,0.001783025556565813,-0.003856771773942832,0.6059091961816951,0.003637145802281798,-0.008737480441368519,0.60161748613671,0.004241305545862807,-0.015864583690640414,0.5978911273423253,0.004255516249033919,-0.024032662126123146,0.5946013389434077,-0.0001406502194241726,-0.03500039694808694,0.6119507816222355,-3.595779776358654e-05,-2.943790504515863e-05,0.6029722324929182,0.0003750615449481404,-0.0012800606850199403,0.5959652782901402,-6.338774786825449e-05,-0.00531270398990109,0.5956703706304498,0.002040067760649405,-0.012704265278820586,0.5950324029882299,0.003368631373674042,-0.02332696850640474,0.5930833826888551,0.0037770458930906116,-0.036389321426161865,0.5924826124052418,-0.0002065980114839701,-0.052517408016882636,0.6089284293603013,-2.6452712028286104e-05,-5.504983804382509e-06,0.5948620231711029,0.0002193102897176822,-0.001665174388170988,0.594097908542305,-0.0004623625884180683,-0.007268323249756372,0.59338483636299,0.0009342262531720518,-0.016923056268581597,0.5922043672169113,0.0011990840512285594,-0.030566628974270826,0.5914959510029004,0.0034264815526117045,-0.04822643626119501,0.590460731689371,-0.0002772604121298377,-0.07011494961593408,0.6082878534278219,1.2598555296358832e-07,-3.724120213933904e-06,0.5981627885528465,5.813689875578463e-05,-0.0017212825025019764,0.5929490547021322,-0.0013495737589514327,-0.0073411958972054644,0.5925433246014531,0.0006328224708326042,-0.016925757485829074,0.5919429770955701,-0.0012297629474366015,-0.030578916991434495,0.5911063642722959,0.0010466051613914366,-0.04806085939590526,0.5899008899795699,0.0002776663946601555,-0.07004105052716272,0.6113212653202814,9.139872340079992e-06,-2.713031473709916e-05,0.6012799697447673,-5.343076267075519e-05,-0.0012454919329425917,0.5987002294727113,-0.0014280742940107128,-0.005442363678549974,0.5966966234371968,-0.0009065964591305791,-0.012787369790491734,0.5943110080545027,-0.004844002229717641,-0.023356675391704395,0.5936020562102629,4.336019675187734e-05,-0.03627867973335655,0.5921728685210518,0.00021034786286942272,-0.052524337915031284,0.6086838540256768,2.2214425189533404e-05,-2.893914104094909e-05,0.6086807505325708,-0.0001728744994510706,-0.0009650061307897111,0.6064165887455633,-0.0026275338466237117,-0.0037863144272105857,0.6039844721538424,-0.005274089930743574,-0.008678932419701286,0.6005992536965854,-0.005043548366069044,-0.01568881890937441,0.5973139659474198,-0.005439459813183869,-0.023984846979901744,0.5947599279529542,0.00014635887428375037,-0.03509772712076993,0.6049656546163292,2.189823296582152e-05,-1.304631690153836e-05,0.604889922951902,-0.0060326929255118044,-0.0006722287289714682,0.6047386200443301,-0.004553477751214196,-0.002225684256460893,0.6041929738669833,-0.006235992878568123,-0.004619225744530559,0.6038579998661958,-0.005179972896358208,-0.008112055830955261,0.603824021462672,-0.005866091699023636,-0.012181812070749663,0.5974871077283684,7.342458950979164e-05,-0.017567377015351545,0.6,0.0,0.0,0.5999540405885967,-0.0061572280733319055,-6.66217158758441e-05,0.5999772691983231,-0.007932817773473249,-0.00013776335134250484,0.6000004417752159,-0.009689914341819235,-0.0002403458980484719,0.6000233146374967,-0.007847496711247213,-0.0002406296909962132,0.6000474030397175,-0.0062130947548877935,-0.0002458873238827382,0.6,0.0,0.0
0.15,0.64,0.0,0.0,0.6399720372796417,0.005593860098205174,-8.30201082986638e-05,0.6400061793886113,0.005057820527236797,-0.0001472642924940046,0.6400328351083004,0.007011114460290137,-0.00020524657603469034,0.6400666036847193,0.0073541005589531725,-0.00023667030014240347,0.6400986821819314,0.008156380318939699,-0.00034274583469232425,0.64,0.0,0.0,0.6461513273033156,-4.014911499716526e-05,-6.713106076061056e-05,0.6461025861709808,0.004695698372484641,-0.0010517997983695514,0.6460675193915381,0.0039859590872105164,-0.002932339078353127,0.6457725479779483,0.004409772064378714,-0.0056773491651568525,0.6456110648977075,0.005913775420327648,-0.009280664812931903,0.6445362058068451,0.0058947677456355025,-0.013658652953253038,0.6369719504448842,-8.751782051513123e-05,-0.018805504213945726,0.6496038368740342,-2.8995914463391027e-05,-3.903336600459716e-05,0.6484527334237651,0.004635833999110061,-0.0014417777252894845,0.6465968731553965,0.0023778898799676354,-0.004908895460141657,0.6434729640060309,0.0031419938132053503,-0.010497833518721878,0.6404501514223262,0.005462128098456531,-0.017776393578927126,0.6384313158471486,0.005187410593560186,-0.026878532268689123,0.6347511455262466,-0.00016177484148827855,-0.03752834002664401,0.6483607116465789,4.83022643116948e-06,-2.8253204208399787e-06,0.6403253514391171,0.0028041713346717363,-0.0019262234926102056,0.637688703104207,0.0006418319678211678,-0.007046027735114896,0.6361975943160725,0.0015988928718744016,-0.015453789598119647,0.6358411605676532,0.00357837515658847,-0.026654137165586764,0.6348909224901361,0.004377617675895016,-0.040475975669049306,0.6323823627099131,-0.0002447093674827608,-0.056350196093078966,0.6508142196453396,2.909206198757798e-05,1.4664887196726441e-05,0.6438825687451144,0.0015493177381868668,-0.0027328861941958702,0.6356847213963782,0.00014204419686253034,-0.009712528577768562,0.6344717009833342,0.0007325721657516692,-0.020637117476429642,0.6331723614008743,0.0012730225318002195,-0.03498147428303757,0.6319374295527458,0.0007288572102440981,-0.053479687208977306,0.629970120847236,-0.00032076937946328305,-0.07509066829619884,0.6507470434801562,6.752893796226955e-05,1.619619393309043e-05,0.6331228633194942,-0.0006163734236617,-0.0025160257199534903,0.6329626486593928,-0.00021935847991734809,-0.009448181659986813,0.6325104702424051,7.301102227829491e-05,-0.02031502300929185,0.6320686303359492,-0.0004167823382046821,-0.03477809989511899,0.6312660416158824,-0.0022552793113053997,-0.0530454178029231,0.6301854318639143,0.0003156102162140815,-0.07511604389779779,0.650818848683929,0.00010399356329548092,-1.2690141412007386e-05,0.6397170830888426,-0.0012444734731020296,-0.0019176860463589373,0.6390185606394345,-0.001532441816651849,-0.007149650313745381,0.6377318574944645,-0.001306152076725875,-0.015516626107226915,0.6372219167400072,-0.0012426307674298209,-0.026744287201649616,0.6352892443344275,-0.003897318710699738,-0.04062997661755657,0.6322164630259576,0.00023881638197943903,-0.056304724190252044,0.6537296014926967,0.0001240901309869848,-5.606430781332307e-05,0.6533802598056355,-0.0041970979554008655,-0.001507571162591886,0.6493118977619908,-0.0028919451609382275,-0.005065569166153586,0.6457412609423374,-0.0018975550280283993,-0.010600119569582869,0.6427637397499906,-0.0021261834278127447,-0.017764196639645336,0.6403492309441985,-0.0071644483327832405,-0.027163292267107845,0.6342313506597229,0.00015632884236861514,-0.03743350224626534,0.6486848213058636,0.00011131480188958453,-7.564627476946899e-05,0.6484917172287129,-0.004672215309520666,-0.001072537974492762,0.6484778609855059,-0.004710952488167518,-0.002941829103715365,0.6457788295516823,-0.0061493776550266355,-0.00574301550695341,0.6453805267587952,-0.0028728771715213946,-0.009093919140087779,0.6407244590076087,-0.007555132107828746,-0.013684933352678567,0.6370652304215185,8.245160007431206e-05,-0.018768020411107506,0.64,0.0,0.0,0.6399872749326656,-0.0048258496278424205,-0.00010349680004072194,0.6400162509954469,-0.006413997924512682,-0.0002000743024995219,0.6400477066893929,-0.007430170250045193,-0.0002108904161726451,0.6400725791329815,-0.005182622720609481,-0.00013907363520513266,0.640092207169752,-0.00793413752282292,-0.00030916666942385135,0.64,0.0,0.0
