0.01,0.0,0.0,0.0,0.0,0.0,0.0,0.0,0.0,0.0,0.0,0.0,0.0,0.0,0.0,0.0,0.0,0.0,0.0,0.0,0.0,0.0,0.0,0.0,0.0,0.0,0.0,0.0,0.0,0.0,0.0,0.0,0.0,0.0,0.0,0.0,0.0
0.02,0.0,0.0,0.0,0.0,0.0,0.0,0.0,0.0,0.0,0.0,0.0,0.0,0.0,0.0,0.0,0.0,0.0,0.0,0.0,0.0,0.0,0.0,0.0,0.0,0.0,0.0,0.0,0.0,0.0,0.0,0.0,0.0,0.0,0.0,0.0,0.0
0.03,0.0,0.0,0.0,0.0,0.0,0.0,0.0,0.0,0.0,0.0,0.0,0.0,0.0,0.0,0.0,0.0,0.0,0.0,0.0,0.0,0.0,0.0,0.0,0.0,0.0,0.0,0.0,0.0,0.0,0.0,0.0,0.0,0.0,0.0,0.0,0.0
0.04,0.0,0.0,0.0,0.0,0.0,0.0,0.0,0.0,0.0,0.0,0.0,0.0,0.0,0.0,0.0,0.0,0.0,0.0,0.0,0.0,0.0,0.0,0.0,0.0,0.0,0.0,0.0,0.0,0.0,0.0,0.0,0.0,0.0,0.0,0.0,0.0
0.05,0.0,0.0,0.0,0.0,0.0,0.0,0.0,0.0,0.0,0.0,0.0,0.0,0.0,0.0,0.0,0.0,0.0,0.0,0.0,0.0,0.0,0.0,0.0,0.0,0.0,0.0,0.0,0.0,0.0,0.0,0.0,0.0,0.0,0.0,0.0,0.0
0.060000000000000005,0.0,0.0,0.0,0.0,0.0,0.0,0.0,0.0,0.0,0.0,0.0,0.0,0.0,0.0,0.0,0.0,0.0,0.0,0.0,0.0,0.0,0.0,0.0,0.0,0.0,0.0,0.0,0.0,0.0,0.0,0.0,0.0,0.0,0.0,0.0,0.0
0.07,0.0,0.0,0.0,0.0,0.0,0.0,0.0,0.0,0.0,0.0,0.0,0.0,0.0,0.0,0.0,0.0,0.0,0.0,0.0,0.0,0.0,0.0,0.0,0.0,0.0,0.0,0.0,0.0,0.0,0.0,0.0,0.0,0.0,0.0,0.0,0.0
0.08,0.0,0.0,0.0,0.0,0.0,0.0,0.0,0.0,0.0,0.0,0.0,0.0,0.0,0.0,0.0,0.0,0.0,0.0,0.0,0.0,0.0,0.0,0.0,0.0,0.0,0.0,0.0,0.0,0.0,0.0,0.0,0.0,0.0,0.0,0.0,0.0
0.09,0.0,0.0,0.0,0.0,0.0,0.0,0.0,0.0,0.0,0.0,0.0,0.0,0.0,0.0,0.0,0.0,0.0,0.0,0.0,0.0,0.0,0.0,0.0,0.0,0.0,0.0,0.0,0.0,0.0,0.0,0.0,0.0,0.0,0.0,0.0,0.0
0.09999999999999999,0.0,0.0,0.0,0.0,0.0,0.0,0.0,0.0,0.0,0.0,0.0,0.0,0.0,0.0,0.0,0.0,0.0,0.0,0.0,0.0,0.0,0.0,0.0,0.0,0.0,0.0,0.0,0.0,0.0,0.0,0.0,0.0,0.0,0.0,0.0,0.0
0.10999999999999999,0.0,0.0,0.0,0.0,0.0,0.0,0.0,0.0,0.0,0.0,0.0,0.0,0.0,0.0,0.0,0.0,0.0,0.0,0.0,0.0,0.0,0.0,0.0,0.0,0.0,0.0,0.0,0.0,0.0,0.0,0.0,0.0,0.0,0.0,0.0,0.0
0.11999999999999998,0.0,0.0,0.0,0.0,0.0,0.0,0.0,0.0,0.0,0.0,0.0,0.0,0.0,0.0,0.0,0.0,0.0,0.0,0.0,0.0,0.0,0.0,0.0,0.0,0.0,0.0,0.0,0.0,0.0,0.0,0.0,0.0,0.0,0.0,0.0,0.0
0.12999999999999998,0.0,0.0,0.0,0.0,0.0,0.0,0.0,0.0,0.0,0.0,0.0,0.0,0.0,0.0,0.0,0.0,0.0,0.0,0.0,0.0,0.0,0.0,0.0,0.0,0.0,0.0,0.0,0.0,0.0,0.0,0.0,0.0,0.0,0.0,0.0,0.0
0.13999999999999999,0.0,0.0,0.0,0.0,0.0,0.0,0.0,0.0,0.0,0.0,0.0,0.0,0.0,0.0,0.0,0.0,0.0,0.0,0.0,0.0,0.0,0.0,0.0,0.0,0.0,0.0,0.0,0.0,0.0,-6.310276393657668e-05,0.0,0.0,0.0,0.0,0.0,0.0
0.15,0.0,0.0,0.0,0.0,0.0,0.0,0.0,0.0,0.0,0.0,0.0,0.0,0.0,0.0,0.0,0.0,0.0,0.0,0.0,0.0,0.0,0.0,0.0,0.0,0.0,0.0,0.0,0.0,0.0,-0.00017696378818037256,-5.5203948537200736e-05,0.0,0.0,0.0,0.0,0.0
0.16,0.0,0.0,0.0,0.0,0.0,0.0,0.0,0.0,0.0,0.0,0.0,0.0,0.0,0.0,0.0,0.0,0.0,0.0,0.0,0.0,0.0,0.0,0.0,0.0,0.0,0.0,0.0,0.0,0.0,-0.0002793767365593596,-0.00016588246516443782,0.0,0.0,0.0,0.0,0.0
0.17,0.0,0.0,0.0,0.0,0.0,0.0,0.0,0.0,0.0,0.0,0.0,0.0,0.0,0.0,0.0,0.0,0.0,0.0,0.0,0.0,0.0,0.0,0.0,0.0,0.0,-3.079194096282243e-05,0.0,0.0,0.0,-0.0003852190977382753,-0.0002769282815758767,0.0,0.0,0.0,0.0,0.0
0.18000000000000002,0.0,0.0,0.0,0.0,0.0,0.0,0.0,0.0,0.0,0.0,0.0,0.0,0.0,0.0,0.0,0.0,0.0,0.0,0.0,0.0,0.0,0.0,0.0,0.0,0.0,-0.00016908303149388293,0.0,0.0,0.0,-0.0005113664048222442,-0.00039324122933418506,0.0,0.0,0.0,0.0,0.0
0.19000000000000003,0.0,0.0,0.0,0.0,0.0,0.0,0.0,0.0,0.0,0.0,0.0,0.0,0.0,0.0,0.0,0.0,0.0,0.0,0.0,0.0,0.0,0.0,0.0,0.0,0.0,-0.000309456870437055,0.0,0.0,0.0,-0.0006375199348968967,-0.0005098804079665455,0.0,0.0,0.0,0.0,0.0
0.20000000000000004,0.0,0.0,0.0,0.0,0.0,0.0,0.0,0.0,0.0,0.0,0.0,0.0,0.0,0.0,0.0,0.0,0.0,0.0,0.0,0.0,0.0,0.0,0.0,0.0,-2.5541038783973193e-05,-0.00044880003070928886,0.0,0.0,0.0,-0.0007596604159118878,-0.000628296950568013,0.0,0.0,0.0,0.0,0.0
0.21000000000000005,0.0,0.0,0.0,0.0,0.0,0.0,0.0,0.0,0.0,0.0,0.0,0.0,0.0,0.0,0.0,0.0,0.0,0.0,0.0,0.0,0.0,0.0,0.0,0.0,-0.00013644740852835835,-0.000561456098223553,-7.150403436602832e-05,0.0,0.0,-0.000874645427939385,-0.0007449780686919388,-9.644710233426984e-05,0.0,0.0,0.0,0.0
0.22000000000000006,0.0,0.0,0.0,0.0,0.0,0.0,0.0,0.0,0.0,0.0,0.0,0.0,0.0,0.0,0.0,0.0,0.0,0.0,0.0,0.0,0.0,0.0,0.0,0.0,-0.0002484599723381584,-0.0006680934740331175,-0.00016713131596263976,0.0,0.0,-0.0009936455341148739,-0.0008658290320646061,-0.00019491850740508491,0.0,0.0,0.0,0.0
0.23000000000000007,0.0,0.0,0.0,0.0,0.0,-1.1937779075141858e-05,0.0,0.0,0.0,0.0,0.0,0.0,0.0,0.0,0.0,0.0,0.0,0.0,0.0,0.0,0.0,0.0,0.0,0.0,-0.0003583530125777628,-0.0007753104685987315,-0.0002639660703217108,0.0,0.0,-0.0005013558111908442,-0.0009873580117524775,-0.00029489402072832474,0.0,0.0,0.0,0.0
0.24000000000000007,0.0,0.0,0.0,0.0,0.0,-6.240670415723781e-05,0.0,0.0,0.0,0.0,0.0,0.0,0.0,0.0,0.0,0.0,0.0,0.0,0.0,0.0,0.0,0.0,0.0,0.0,-0.00045951086744825927,-0.0008818421968374252,-0.00036447158440448975,0.0,0.0,-0.0005529475565950648,-0.0005014070210294852,-0.00040001079814388753,0.0,0.0,0.0,0.0
0.25000000000000006,0.0,0.0,0.0,0.0,0.0,-0.00010543415834972539,0.0,0.0,0.0,0.0,0.0,0.0,0.0,0.0,0.0,0.0,0.0,0.0,0.0,0.0,0.0,0.0,0.0,0.0,-0.0005542463573037107,-0.0009933418028587005,-0.00047237600796022606,0.0,-3.767556938042783e-05,-0.000600842921966284,-0.0005563892935352154,-0.0005118151491032926,0.0,0.0,0.0,0.0
0.26000000000000006,0.0,0.0,0.0,0.0,0.0,-0.00014142076024679077,0.0,0.0,0.0,0.0,0.0,0.0,0.0,0.0,0.0,0.0,0.0,0.0,0.0,0.0,-2.0986793137012903e-05,0.0,0.0,0.0,-0.0006415036486617352,-0.0005014311356898868,-0.0005811275828951195,-8.939977674971785e-06,-0.00010458258188116896,-0.0006470030169267057,-0.0006113172742234468,-0.000629040121475098,0.0,0.0,0.0,0.0
0.2700000000000001,0.0,0.0,0.0,0.0,0.0,-0.00017637828246012315,0.0,0.0,0.0,0.0,0.0,0.0,0.0,0.0,0.0,-1.0044676664921504e-05,0.0,0.0,0.0,0.0,-9.201948178643688e-05,0.0,0.0,0.0,-0.0007278433650396573,-0.000536720109251193,-0.0006620586434586751,-9.665452972419752e-05,-0.000187140291579632,-0.0006989710644609201,-0.0006663444146541013,-0.0007393907384283282,0.0,0.0,0.0,0.0
0.2800000000000001,0.0,0.0,0.0,0.0,0.0,-0.00021207896370375234,0.0,0.0,0.0,0.0,0.0,0.0,0.0,0.0,0.0,-4.795858425785265e-05,0.0,0.0,0.0,0.0,-0.00016123886557665144,0.0,0.0,0.0,-0.0008149560027067595,-0.0005699610886857026,-0.0007359596506371083,-0.00017780447408364563,-0.0002726347497940885,-0.000752778948843866,-0.0007232224771633294,-0.0008517510197580689,0.0,0.0,0.0,0.0
0.2900000000000001,0.0,0.0,0.0,0.0,0.0,-0.00024778074682189975,0.0,0.0,0.0,0.0,0.0,0.0,0.0,0.0,0.0,-8.400383805304797e-05,0.0,0.0,0.0,0.0,-0.00023003327712820858,0.0,0.0,0.0,-0.0009021533272940015,-0.0006028907942182954,-0.0008091558095793216,-0.0002594626579374052,-0.0003587280368698473,-0.0008075466531670141,-0.0007813295155831542,-0.0009664047213042033,0.0,0.0,0.0,0.0
0.3000000000000001,0.0,0.0,0.0,0.0,0.0,-0.000283557853945084,0.0,0.0,0.0,0.0,0.0,0.0,0.0,0.0,0.0,-0.00011786132751833323,0.0,0.0,0.0,0.0,-0.000298400357113254,0.0,0.0,0.0,-0.0009896801591312014,-0.0006354916700939249,-0.0008812925598272825,-0.00034126366758442515,-0.00044573064518421403,-0.0008632653823866613,-0.0008405179239485657,-0.0005010837844618762,0.0,0.0,0.0,0.0
0.3100000000000001,0.0,0.0,0.0,0.0,-1.4223275521770188e-05,-0.0003198448995035941,0.0,0.0,0.0,0.0,0.0,0.0,0.0,0.0,0.0,-0.00015161338087200222,0.0,0.0,0.0,0.0,-0.0003664287714723584,0.0,0.0,0.0,-0.0005013320452812551,-0.0006695728355588686,-0.0009579468897590185,-0.0004226712418058546,-0.000537214007865603,-0.0009176348239135748,-0.0008909212297479697,-0.0005475604140973897,0.0,0.0,0.0,-8.082531611716959e-05
0.3200000000000001,0.0,0.0,0.0,0.0,-3.333106560725696e-05,-0.0003560927935293435,0.0,0.0,0.0,0.0,0.0,0.0,0.0,0.0,0.0,-0.00018292925419624047,0.0,0.0,0.0,0.0,-0.0004326146634216627,0.0,0.0,0.0,-0.0005422633868554054,-0.0007030252321421985,-0.0005012420037793701,-0.0005041852720940125,-0.0006310101394819186,-0.0009735003418258773,-0.0009420443931910414,-0.000594292712437462,0.0,0.0,0.0,-0.00016927211174730796
0.3300000000000001,0.0,0.0,0.0,0.0,-5.290750298911396e-05,-0.0003923639837540583,0.0,0.0,0.0,0.0,0.0,0.0,0.0,0.0,0.0,-0.00021477036176834936,0.0,0.0,0.0,0.0,-0.0005009819936645593,0.0,0.0,0.0,-0.0005834480802965567,-0.0007392047583817895,-0.0005415507202644116,-0.0005932459417575892,-0.0007194517924092032,-0.0005006700322051158,-0.000989066939392867,-0.0006386903538548959,0.0,0.0,-6.113189142755403e-05,-0.00025103281834779604
0.34000000000000014,0.0,0.0,0.0,0.0,-7.184549464949071e-05,-0.00042883226542778666,0.0,0.0,0.0,0.0,0.0,0.0,0.0,0.0,0.0,-0.0002452622770100046,0.0,0.0,0.0,0.0,-0.0005695039895951649,0.0,0.0,0.0,-0.000625197289682455,-0.000775913567992695,-0.000582966981889554,-0.0006849384273017136,-0.0008075302692088436,-0.0005243468273281251,-0.0005007048115130802,-0.0006830470553088993,0.0,0.0,-0.00013859767678626577,-0.00033169958734332894
0.35000000000000014,0.0,0.0,0.0,0.0,-9.132893533185569e-05,-0.00046495670636374564,-9.067136774658897e-06,0.0,0.0,0.0,-2.0982976570532065e-05,0.0,0.0,0.0,0.0,-0.00027356028984775816,0.0,0.0,0.0,0.0,-0.0006393438515527915,0.0,0.0,0.0,-0.0006672255161318766,-0.0008131533539044414,-0.0006239602424881291,-0.0007702187002894147,-0.0008981078952370878,-0.0005487806483844927,-0.0005237150311291979,-0.000725155183798731,0.0,0.0,-0.0002195229628451839,-0.0004086942472689139
0.36000000000000015,0.0,0.0,0.0,0.0,-0.00011144623426702446,-0.0004967298862752746,-3.99148924725386e-05,0.0,0.0,0.0,-5.100816732495436e-05,0.0,0.0,0.0,0.0,-0.00030284729078913964,0.0,0.0,0.0,0.0,-0.0007137705617397772,0.0,0.0,0.0,-0.0007058655251020536,-0.0008533248756457638,-0.0006681749572989402,-0.0008595382503345327,-0.0009685957646560131,-0.0005704301984057591,-0.0005445929655927258,-0.0007685554693734293,0.0,-6.83841415856014e-05,-0.00029361353759307636,-0.0004826738207315054
0.37000000000000016,0.0,0.0,0.0,0.0,-0.0001310939227260011,-0.0005278411030305824,-6.942643355170309e-05,0.0,0.0,0.0,-8.149346981779516e-05,0.0,0.0,0.0,0.0,-0.0003318742260533922,-4.359464409298445e-06,0.0,0.0,0.0,-0.0007884851113761827,0.0,0.0,-3.7306771775347553e-05,-0.0007444578773263801,-0.0008940249944199624,-0.0007110589762661503,-0.0009481177262612641,-0.0005010946749787753,-0.0005915720057122741,-0.0005652741344130494,-0.0008121675773311958,0.0,-0.00013994814892308107,-0.0003670478950920133,-0.0005578465200860491
0.38000000000000017,0.0,0.0,0.0,0.0,-0.0001506336049410533,-0.0005592596442065855,-9.803798226817241e-05,0.0,0.0,0.0,-0.00011151590576752887,0.0,0.0,0.0,0.0,-0.0003599184187776228,-1.7942749017425197e-05,0.0,0.0,0.0,-0.0008635493527588795,0.0,0.0,-0.00012541044644959857,-0.0007834571630890691,-0.0009351686560526184,-0.000751329784629528,-0.0005012437376682017,-0.0005325243336962152,-0.0006122787818223974,-0.000585796127527803,-0.0008555042690416966,0.0,-0.00020993841939150545,-0.0004402664779243863,-0.0006344859719947812
0.3900000000000002,0.0,0.0,0.0,0.0,-0.00016658241704284362,-0.0005883364334591644,-0.00012275271268582136,0.0,0.0,0.0,-0.00014491874745321131,-2.551293072643315e-06,0.0,0.0,-2.839252847109864e-05,-0.0003852780998723998,-3.10102839893019e-05,0.0,0.0,0.0,-0.0009345946194442159,0.0,0.0,-0.00020948046827521676,-0.0008204160733436539,-0.0009759658967597005,-0.0007911506798919299,-0.0005447347261295953,-0.0005607600098266141,-0.0006322941187849335,-0.0006071975451334699,-0.0009023373637025566,-1.6297120195178456e-05,-0.00027956024996598426,-0.000513854754994563,-0.0007152623600931134
0.4000000000000002,0.0,0.0,0.0,0.0,-0.0001820042492967941,-0.0006176069489074922,-0.0001432908085695909,0.0,0.0,-2.2466714059036266e-05,-0.00017111176540124978,-3.100199806529531e-05,0.0,0.0,-6.167240792872447e-05,-0.00041002527211328373,-4.6506064111887496e-05,0.0,0.0,0.0,-0.0005007043626310365,0.0,0.0,-0.0002888520784575466,-0.0008579308220042206,-0.0005005420511453423,-0.0008316501187423818,-0.0005877700562973105,-0.0005884008144901961,-0.0006513834542728505,-0.000628509085437018,-0.0009420187366014831,-8.226470861403904e-05,-0.00034791274455405955,-0.0005851215129222143,-0.0007907470287223405
0.4100000000000002,0.0,0.0,0.0,0.0,-0.00027169744027950214,-0.0006702543703831147,-0.0001908788328633295,0.0,0.0,-2.2466714059036266e-05,-0.00014053303440936802,-2.0403419037009303e-05,0.0,0.0,-0.00017042259028402637,-0.00040704554322223583,-8.11018991981271e-05,0.0,0.0,0.0,-0.0005309065070748517,0.0,0.0,-0.0004042623148686715,-0.0009369144778220264,-0.0005076006876904791,-0.0008427414274364071,-0.000591102666179445,-0.0007097390587826837,-0.0006801404432061179,-0.0006343394991409977,-0.0009147488542051283,-0.00019265897417305278,-0.0004163565033864376,-0.0006821879049369443,-0.0008119205329741495
0.4150000000000002,0.0,0.0,0.0,0.0,-0.0003377847396612706,-0.000725795981664332,-0.00024688792116725684,0.0,0.0,-2.2466714059036266e-05,-9.276169572349829e-05,-2.0403419037009303e-05,0.0,0.0,-0.0002460116374882755,-0.0003760001570144723,-0.00011051592635598676,0.0,0.0,0.0,-0.0005324263203683705,0.0,0.0,-0.00042181438509276845,-0.0009999324278049334,-0.000504005248014246,-0.0008277822548194035,-0.0005676055839614484,-0.0008220747070823212,-0.0006917756345421541,-0.0006267845658431599,-0.0008680987170192458,-0.00028284111866230945,-0.0004719482970798897,-0.0007400883680499187,-0.0007936083055791886
0.4162500000000002,0.0,0.0,0.0,0.0,-0.0003550402238173093,-0.000748357640399382,-0.00027366751441326064,0.0,0.0,-2.2466714059036266e-05,-6.826295793879165e-05,-2.0403419037009303e-05,0.0,0.0,-0.0002668048449168514,-0.000357056554356656,-0.00012589590694053222,0.0,0.0,0.0,-0.0005256063178589501,0.0,0.0,-0.00041334776454967395,-0.0005006700144283712,-0.0007494597521301698,-0.0008139634106477889,-0.0005529203664381327,-0.0008704743734977658,-0.0006935467267463089,-0.0006212833869927561,-0.0008453183895793131,-0.00032262673274662386,-0.0005010813155049584,-0.0007626296347535284,-0.0007808193439336257
0.41750000000000015,0.0,0.0,0.0,0.0,-0.00035942758376416656,-0.0007513050418425121,-0.0002759420851188829,0.0,0.0,-2.2466714059036266e-05,-6.925517275510083e-05,-2.0403419037009303e-05,0.0,0.0,-0.0002766405235757495,-0.0003557935635913741,-0.00012680870975086066,0.0,0.0,0.0,-0.000525345585907058,0.0,0.0,-0.00042303688864596194,-0.0005041261650751248,-0.0007511210852982419,-0.0008189229684714572,-0.0005567050725009754,-0.0008800452062431317,-0.000695191105313281,-0.0006235716654722157,-0.0008467047408228094,-0.0003320833685040001,-0.0005096145022777945,-0.000777297111544376,-0.0007894533358845146
0.42000000000000015,0.0,0.0,0.0,0.0,-0.00036775825582560477,-0.0007569832588683449,-0.0002804071168005557,0.0,0.0,-2.2466714059036266e-05,-7.159547321303495e-05,-2.0403419037009303e-05,0.0,0.0,-0.00029482090440870667,-0.00035328945875726016,-0.00012844438630912547,0.0,0.0,0.0,-0.0005245756612706981,0.0,0.0,-0.00044377563986346965,-0.0005109162969859288,-0.0007545070703207922,-0.0008286438771143313,-0.0005645127459736528,-0.0008990295686629546,-0.0006985869816610713,-0.0006281297369460589,-0.0008498387189349567,-0.0003507805156088181,-0.0005267131108535949,-0.0008067050735277492,-0.0008072311593881495
0.43000000000000016,0.0,0.0,0.0,0.0,-0.00040373102778920415,-0.0007882567859551164,-0.0003070534074096842,0.0,0.0,-2.2466714059036266e-05,-5.973370896751416e-05,-2.0403419037009303e-05,0.0,0.0,-0.00036358865764015466,-0.0003321296538446235,-0.00013408521310147298,0.0,0.0,0.0,-0.0005145356493041497,0.0,0.0,-0.0005201541904058372,-0.0005411336749389973,-0.000769306238192805,-0.0008702518332195514,-0.0005906332483562117,-0.000986987533332605,-0.0007145654698152753,-0.000646699978957403,-0.0008490925130550004,-0.0004315593251078279,-0.0006004460109615914,-0.000933306059746976,-0.0008658911354950053
0.44000000000000017,0.0,0.0,0.0,0.0,-0.0004374840012923186,-0.0008318938049166625,-0.00034788419604679915,0.0,0.0,-2.2466714059036266e-05,-4.1726053944921995e-05,-2.0403419037009303e-05,0.0,0.0,-0.0004140537315231932,-0.00029460313877927686,-0.0001380870388140404,0.0,0.0,0.0,-0.0007494497857461832,0.0,0.0,-0.0005925721281026809,-0.0005736859944319617,-0.0007840788269389815,-0.0009095809056155181,-0.0006032162036268484,-0.0005005592305340994,-0.0007351552445426055,-0.0006647589689825199,-0.0008361674074712371,-0.0005142130331338023,-0.0006789989384249966,-0.0005012317776883728,-0.0009231445127656348
0.4500000000000002,0.0,0.0,0.0,0.0,-0.00046864798373984445,-0.0008772154610078126,-0.000393217382919686,0.0,0.0,-2.2466714059036266e-05,-3.148628352298016e-05,-2.0403419037009303e-05,0.0,-6.612436857374354e-06,-0.00046889596507633156,-0.00025878930999499294,-0.00013537065146033156,0.0,0.0,0.0,-0.0007066845840007368,0.0,-8.320814739126211e-05,-0.0006603301687851377,-0.0006039793076622497,-0.0008004351849168391,-0.0009482010417491277,-0.0006065406944917175,-0.0005477474778671607,-0.0007559187635729017,-0.0006795087012087248,-0.0008209273194701599,-0.0005951533368131957,-0.0007568649373047881,-0.0005611151153825643,-0.0009787672715977475
0.4600000000000002,0.0,0.0,0.0,0.0,-0.0004990211276990354,-0.0009249676671789466,-0.00044500065146286903,0.0,0.0,-2.2466714059036266e-05,-2.4827860103529517e-05,-2.0403419037009303e-05,0.0,-5.132080361095029e-05,-0.00051359288972083,-0.00022193923019716782,-0.00012594331022417992,0.0,0.0,0.0,-0.0006496814485535758,0.0,-0.0002843175317809062,-0.0007272793039257795,-0.0006320063672426646,-0.0008135246006043306,-0.0009815231268840146,-0.0006009053146980437,-0.000595663199203129,-0.0007771714085380236,-0.0006919292955340338,-0.0008046174243578201,-0.0006769137215463084,-0.0008301216845021741,-0.000618599062880268,-0.0005010688772232719
0.4700000000000002,0.0,0.0,0.0,0.0,-0.0005183276340131287,-0.0009689662196674123,-0.0004893533997593492,-3.309425376178003e-05,0.0,-2.2466714059036266e-05,-2.72866361737573e-05,-2.0403419037009303e-05,-1.719576381978562e-05,-0.00010327339910441954,-0.0005511718015618861,-0.00018792401260828146,-0.00011813598350958013,0.0,0.0,0.0,-0.0005882104322923841,0.0,-0.00047822115427918017,-0.0007955615872174119,-0.0006547668466457129,-0.0008257631334659088,-0.0005007357045963503,-0.0005970602905989695,-0.0006374695413637911,-0.0008007892081260224,-0.0007047398638125081,-0.0007955902194813552,-0.000744715209551415,-0.0009096084948206733,-0.0006773814057259441,-0.0005332260263428651
0.4750000000000002,0.0,0.0,0.0,0.0,-0.0005291919817445175,-0.0009916498790699493,-0.0005132145852853822,-5.06184563591443e-05,0.0,-2.2466714059036266e-05,-2.8658815450842145e-05,-2.0403419037009303e-05,-2.7943541683172075e-05,-0.00013166365479431186,-0.0005690907602341601,-0.00017085891406947476,-0.00011207419690837922,0.0,-6.539481908359877e-06,0.0,-0.0005575370708007894,0.0,-0.0005758080157309487,-0.0008279491669326389,-0.000665860769877022,-0.0008334461047220329,-0.0005092617173584383,-0.0005942892392456402,-0.0006586317496499537,-0.0008126636577104415,-0.0007103300207527027,-0.0007902874663174886,-0.0007784417293624966,-0.0009512391935486659,-0.0007048684967689931,-0.0005463440747125869
0.4800000000000002,0.0,0.0,0.0,0.0,-0.0005408963631542539,-0.0005005150721715826,-0.0005376400210714255,-6.860652610174954e-05,0.0,-2.2466714059036266e-05,-3.0112122819285445e-05,-2.0403419037009303e-05,-3.915226414531499e-05,-0.00016104095734745702,-0.0005864655853559702,-0.00015379922784408524,-0.00010483746485587391,0.0,-1.78536574324834e-05,0.0,-0.0005273837104759928,0.0,-0.0006736279893929505,-0.0008589439881741349,-0.0006766916603619921,-0.0008422363783224324,-0.0005181285792959751,-0.0005911058049854042,-0.0006797164200655921,-0.0008245103241506641,-0.0007154542292494285,-0.0007847413390414651,-0.0008118029710721905,-0.0009936258998695542,-0.0007310284576652272,-0.0005574150443248223
0.4900000000000002,0.0,0.0,0.0,0.0,-0.00056720591485394,-0.0005230147560209841,-0.0005894864852124112,-0.0001061815488378894,0.0,-2.2466714059036266e-05,-3.0915487436586656e-05,-2.0403419037009303e-05,-6.283015577479926e-05,-0.00022047044961503214,-0.0006187898741247415,-0.00011844586177721972,-8.816524120283698e-05,0.0,-3.746745973995989e-05,0.0,-0.0006187225252047981,0.0,-0.0008701835223036621,-0.0009152929780114126,-0.000697230219388536,-0.0008622057472455265,-0.0005361511007774166,-0.0005826938812893232,-0.0007219352410099925,-0.0008483823871662241,-0.0007243195185149962,-0.0007725222365832741,-0.0008780881529016824,-0.0005014258230031073,-0.0007806591705254258,-0.0005762151381731645
0.5000000000000002,0.0,-6.179257781640121e-06,0.0,0.0,-0.0005970709594661755,-0.000545867220576306,-0.0006441648440821886,-0.00014601949807189183,0.0,-2.2466714059036266e-05,-2.7609761001061134e-05,-2.0403419037009303e-05,-8.862930157359259e-05,-0.0002757949230405967,-0.0006476863641767467,-8.039077633852443e-05,-6.945717537379487e-05,0.0,-5.379593845471341e-05,0.0,-0.0005461936607382942,0.0,-0.0005014892125420481,-0.0009622628129745456,-0.0007163083941481113,-0.0008850956343616078,-0.0005543554966132019,-0.0005715466886779193,-0.0007639594055977691,-0.0008727511970064259,-0.0007317717312347877,-0.0007592435414157992,-0.0009428444461025965,-0.0005488365529728742,-0.0008263530238812218,-0.0005900817598230784
0.5100000000000002,0.0,-1.4376296325359308e-05,0.0,0.0,-0.0006000536722285302,-0.0005418350860629773,-0.0006597617208497482,-0.00015796368957574438,0.0,-2.2466714059036266e-05,-1.7586783496374451e-06,-2.0403419037009303e-05,-9.649260202961336e-05,-0.0003100594458628809,-0.0006576264923610309,-3.061317607395688e-05,-3.110340300390657e-05,0.0,-4.6239678178116436e-05,0.0,-0.00042494145821491336,0.0,-0.0005465174287434179,-0.0009285926091113934,-0.0007114781169812283,-0.0008838269896191994,-0.0005515853451704799,-0.0005341734721265656,-0.0007804636332473426,-0.0008714746069066571,-0.0007176157198373126,-0.00071788711053596,-0.000929412193714956,-0.0005684004914344869,-0.0008283858826945587,-0.0005695985469154829
0.5200000000000002,0.0,-2.272345871849931e-05,0.0,0.0,-0.0006129387066997325,-0.0005449194943885915,-0.0006952131050186779,-0.00017595528626701993,0.0,-2.2466714059036266e-05,-1.7586783496374451e-06,-2.0403419037009303e-05,-0.0001065533315915552,-0.0003452281193546627,-0.0006586525068389456,-3.061317607395688e-05,-3.110340300390657e-05,0.0,-3.702799009775465e-05,0.0,-0.00029834617055383956,0.0,-0.0005924182140791198,-0.0008694193533401981,-0.0007051910659520457,-0.0008811052311990369,-0.000546558654372863,-0.0007491673445526357,-0.0007992210861936711,-0.0008705330653282419,-0.0007013308031171603,-0.0006697156616834413,-0.0009195741419544788,-0.0005919258901756288,-0.000825230787693931,-0.0005432501708408869
0.5300000000000002,0.0,-2.6578154864795574e-05,0.0,0.0,-0.0006525823491319207,-0.0005615613590958894,-0.0007596008546962575,-0.00019440725785263948,0.0,-2.2466714059036266e-05,-1.7586783496374451e-06,-2.0403419037009303e-05,-0.0001173363952057756,-0.0003995900608412332,-0.0006459247973342233,-3.061317607395688e-05,-3.110340300390657e-05,0.0,-1.8439894113552264e-05,0.0,-0.00014729451207036516,0.0,-0.000634001563678452,-0.0007619860789881744,-0.000698382815336871,-0.0008792800489810334,-0.0005396337518361526,-0.0006455219022157851,-0.0008201300507716206,-0.0008669032324081883,-0.0006808904505156544,-0.0006179119650843834,-0.0009128502868122669,-0.000612254263967067,-0.0008158903254893049,-0.0005096695902371756
0.5400000000000003,-5.826537507211978e-06,-3.447291384126441e-05,0.0,0.0,-0.0007073695217637842,-0.0005991102872834084,-0.0008825058642902804,-0.00022928158854945352,0.0,-2.2466714059036266e-05,-1.7586783496374451e-06,-2.0403419037009303e-05,-0.00014146606885437118,-0.00047079118442768496,-0.0006043516722247735,-3.061317607395688e-05,-3.110340300390657e-05,-0.0012984265312980536,-1.8439894113552264e-05,0.0,-0.00014729451207036516,-3.173955550331441e-05,-0.0006597961902862598,-0.0005794404931118407,-0.000690517902159172,-0.000873656552100791,-0.0005280511308050432,-0.0005025049513518121,-0.0008449675241517126,-0.0008572992454770077,-0.0006526788057636734,-0.0005512594162641921,-0.000924133799180579,-0.0006385989050925709,-0.0007993350656436987,-0.0007492542994153407
0.5450000000000003,-2.469961397957428e-05,-4.7537303888443315e-05,0.0,0.0,-0.0007308640228889228,-0.0006276890518563751,-0.0007503251886980005,-0.0002738356790022881,0.0,-2.2466714059036266e-05,-1.7586783496374451e-06,-2.0403419037009303e-05,-0.00014703817595272705,-0.0004972676168290828,-0.0005655964413212478,-3.061317607395688e-05,-3.110340300390657e-05,-8.296781967379324e-06,-1.8439894113552264e-05,0.0,-0.00014729451207036516,-0.00013996532620235132,-0.0006560702101975945,-0.0004748569504771851,-0.0006794277801981275,-0.0008583031394726822,-0.000515461823567631,-0.0005616970740194219,-0.0008559750435846762,-0.0008429699724532873,-0.0006320504653632743,-0.0005044727983120958,-0.0009578210914693982,-0.000655102232892075,-0.0007832893047421751,-0.0006767145513908049
0.5500000000000003,-3.55813920439469e-05,-6.673718165585074e-05,0.0,0.0,-0.0007215022367972753,-0.000648883868341225,-0.0008453927220164924,-0.00032882918216174336,0.0,-2.2466714059036266e-05,-1.7586783496374451e-06,-2.0403419037009303e-05,-0.00014890095060492064,-0.0005131332183578158,-0.0005264588022452355,-3.061317607395688e-05,-3.110340300390657e-05,-2.5958891963399193e-05,-1.8439894113552264e-05,0.0,-0.00014729451207036516,-0.00023861440805246725,-0.0006547097503849285,-0.00038174388432990627,-0.0006642762473991294,-0.0008404920327611233,-0.0005019562421313826,-0.00046476157502877005,-0.0008598912953009042,-0.0008265837665447393,-0.0006101696702777291,-0.0007491179606089459,-0.0005012631549016645,-0.0006794343180890035,-0.0007699805034820611,-0.0006087288397612008
0.5600000000000003,-4.19081492014579e-05,-5.28655758953051e-05,0.0,0.0,-0.0006764753108847773,-0.0006446005035663069,-0.0008450705359119249,-0.0003195484314583976,0.0,-2.2466714059036266e-05,-1.7586783496374451e-06,-2.0403419037009303e-05,-0.00015295238032726164,-0.0005395162925768452,-0.0004933092993245268,-3.061317607395688e-05,-3.110340300390657e-05,-3.3601463080243204e-05,-1.8439894113552264e-05,0.0,-0.00014729451207036516,-0.0003449888669371407,-0.0006564518103754653,-0.0003064705792732798,-0.0006523235089570656,-0.0008445575395927534,-0.0007494203008710844,-0.0003889355887074292,-0.0008501512774914147,-0.0008251819285578414,-0.000593561736876459,-0.0007000243889306406,-0.0007490264160581196,-0.0007062047150647566,-0.0007662088951140015,-0.0005591992299034096
0.5700000000000003,-4.545154917634495e-05,-3.740623997438487e-05,0.0,0.0,-0.0006194291305844625,-0.0006420879030413358,-0.0008472963101479529,-0.00030912974195537675,0.0,-2.2466714059036266e-05,-1.7586783496374451e-06,-2.0403419037009303e-05,-0.00015555730139975077,-0.0005641064770997726,-0.00045959028823118925,-3.061317607395688e-05,-3.110340300390657e-05,-4.022635533325568e-05,-1.8439894113552264e-05,0.0,-0.00014729451207036516,-0.00045022309174915165,-0.0006572640545361603,-0.00023468869806381193,-0.0006419189353969958,-0.0008460756369094048,-0.000733030081231929,-0.0003207404769684275,-0.0008417698225629519,-0.0008216359758025731,-0.0005760265417254891,-0.0006553808026572384,-0.0007447046950080923,-0.0007311440156988744,-0.0007622946506275688,-0.0005097798148836471
0.5800000000000003,-4.6731975406308746e-05,-2.0312968769689945e-05,0.0,0.0,-0.0005533400831090582,-0.0006417209465459953,-0.0008531868219306961,-0.0002996849937091847,0.0,-2.2466714059036266e-05,-1.7586783496374451e-06,-2.0403419037009303e-05,-0.00015983750571980573,-0.000586584368130392,-0.00042483677309747644,-3.061317607395688e-05,-3.110340300390657e-05,-4.492268104661987e-05,-1.8439894113552264e-05,0.0,-0.00014729451207036516,-0.0005540373375617101,-0.0006566807647533957,-0.00016509586702490028,-0.0006330581167174006,-0.0008458338313417853,-0.000713670224561857,-0.00025764602940845467,-0.0008346691499704057,-0.0008163247492409485,-0.0005576200787508923,-0.0006120523996128112,-0.0007405958910092716,-0.0007542678238700329,-0.0007575126521346991,-0.0005710159584044355
0.5900000000000003,-4.544865184820044e-05,-3.0011471030820803e-06,0.0,0.0,-0.0004796264553001127,-0.0006421473875887014,-0.0008606470747108462,-0.0002868647675071887,0.0,-2.2466714059036266e-05,-1.7586783496374451e-06,-2.0403419037009303e-05,-0.00016929558029357407,-0.0006060782756858238,-0.00038898911197903364,-3.061317607395688e-05,-3.110340300390657e-05,-5.0631386345110475e-05,-1.8439894113552264e-05,0.0,-0.00014729451207036516,-0.0006545738802667947,-0.000654495493070154,-9.9218973156929e-05,-0.0006242742485227601,-0.0008433233384936667,-0.0006922655233396956,-0.00020036385523707035,-0.0008290230466426292,-0.0008097467424786483,-0.0005391650756813511,-0.0005713516557643962,-0.0007349249553156132,-0.0007758555614089695,-0.0007525443414136649,-0.0005056169424422773
0.6000000000000003,-4.2035498804477526e-05,-3.0011471030820803e-06,0.0,0.0,-0.0004003113464532219,-0.0006421591292450616,-0.0008650368963049919,-0.00026620358747205615,0.0,-2.2466714059036266e-05,-1.7586783496374451e-06,-2.0403419037009303e-05,-0.0001847261280976216,-0.0006224523324774483,-0.0003517871913948785,-3.061317607395688e-05,-3.110340300390657e-05,-5.863007912188421e-05,-1.8439894113552264e-05,0.0,-0.00014729451207036516,-0.000751344100190929,-0.0006503941369294631,-3.886361437523636e-05,-0.0006146254181437067,-0.0008388053932695799,-0.0006699160062891064,-0.00014934795140743691,-0.0008238012272879412,-0.0008021369615387184,-0.000521758074173558,-0.0005358739058622449,-0.0007294629196763822,-0.0007950480780935734,-0.000748306157507549,-0.0004436653398800946
0.6100000000000003,-3.849719186172924e-05,-3.0011471030820803e-06,0.0,0.0,-0.0003178156809643051,-0.0006452553836940346,-0.000874325645818724,-0.00024879303495013743,0.0,-2.2466714059036266e-05,-1.7586783496374451e-06,-2.0403419037009303e-05,-0.00020574749667765616,-0.0006364682936500542,-0.00030759325249844576,-3.061317607395688e-05,-3.110340300390657e-05,-6.389213921340753e-05,-1.8439894113552264e-05,0.0,-0.00014729451207036516,-0.0008505993409465539,-0.0006423226555598281,-3.886361437523636e-05,-0.0006060547073755296,-0.0008331555030297616,-0.0006432982788625155,-9.461034733930673e-05,-0.0008197795336746443,-0.000793014448360608,-0.0005031576591143618,-0.0006482353307156533,-0.0007315914346483169,-0.0008123984993846299,-0.0007424695793707039,-0.0003735979497051081
0.6200000000000003,-3.507763807881659e-05,-3.0011471030820803e-06,0.0,0.0,-0.0002330627776322842,-0.0006511496637313123,-0.0008895990116181072,-0.0002337991244902072,0.0,-2.2466714059036266e-05,-1.7586783496374451e-06,-2.0403419037009303e-05,-0.000231402927401156,-0.000647141480015167,-0.00025231990002240343,-3.061317607395688e-05,-3.110340300390657e-05,-6.753301329882364e-05,-1.8439894113552264e-05,0.0,-0.00014729451207036516,-0.0009534777044973013,-0.0006284681261125943,-3.886361437523636e-05,-0.0005980572117968045,-0.0008258866161866759,-0.0006109011153000871,-3.452300221366335e-05,-0.0008176604545116656,-0.0007825079090117804,-0.0007494661798514626,-0.0005794781207206203,-0.0007427938881178459,-0.0008283787216887756,-0.0007353181338468883,-0.0002955848529755425
0.6300000000000003,-3.214280397726811e-05,-3.0011471030820803e-06,0.0,0.0,-0.0001478837444332029,-0.0006584195925087838,-0.0009096484557518038,-0.00022096636645665586,0.0,-2.2466714059036266e-05,-1.7586783496374451e-06,-2.0403419037009303e-05,-0.0002595111044602509,-0.0006550241604287533,-0.00019132219836972544,-3.061317607395688e-05,-3.110340300390657e-05,-6.862802437127725e-05,-1.8439894113552264e-05,0.0,-0.00014729451207036516,-0.0005013822541651054,-0.0006084265366644268,-3.886361437523636e-05,-0.0005909567000259738,-0.0008176986688805892,-0.0005756054373007161,-3.452300221366335e-05,-0.0008167957589929532,-0.0007703126409967607,-0.0007161011948716416,-0.000499465449215483,-0.0007617520064176719,-0.0008414076972857201,-0.00072578454732154,-0.00020220676947961728
0.6400000000000003,-2.9918790453169544e-05,-3.0011471030820803e-06,0.0,0.0,-6.411041691960204e-05,-0.0006655147524384316,-0.0009351007634416094,-0.00020952269941166372,0.0,-2.2466714059036266e-05,-1.7586783496374451e-06,-2.0403419037009303e-05,-0.00028802773350077135,-0.000659069613280958,-0.00012349455377954054,-3.061317607395688e-05,-3.110340300390657e-05,-6.660377786137888e-05,-1.8439894113552264e-05,0.0,-0.00014729451207036516,-0.000551611942749547,-0.0005808395379295742,-3.886361437523636e-05,-0.0005843229243622532,-0.0008085408787128724,-0.0005377008931604447,-3.452300221366335e-05,-0.0008175061507816847,-0.000756532741722878,-0.0006805225974559623,-0.0004084169290041793,-0.0007875802303533465,-0.0008500835950779191,-0.0007133852272347894,-9.313915657132064e-05
0.6500000000000004,-2.9636819274659892e-05,-3.0011471030820803e-06,0.0,0.0,-6.411041691960204e-05,-0.0006713159863119002,-0.0009687638641187353,-0.0002022720037496548,0.0,-2.2466714059036266e-05,-1.7586783496374451e-06,-2.0403419037009303e-05,-0.00031475792926982616,-0.0006592423201822878,-4.7191464143958696e-05,-3.061317607395688e-05,-3.110340300390657e-05,-5.9713559922321726e-05,-1.8439894113552264e-05,0.0,-0.00014729451207036516,-0.0006040280718005993,-0.0005459559150129071,-3.886361437523636e-05,-0.0005780749671684379,-0.0007992288658117361,-0.0007492606900215957,-3.452300221366335e-05,-0.0008202759713772882,-0.0007409050368203289,-0.0006420995543508635,-0.0003020837015152703,-0.0008232334214729833,-0.0008522262415013256,-0.0006929597380772573,-9.313915657132064e-05
0.6600000000000004,-3.337131761464431e-05,-3.0011471030820803e-06,0.0,0.0,-6.411041691960204e-05,-0.0006702014534795028,-0.000500185543376971,-0.00019473698699818158,0.0,-2.2466714059036266e-05,-1.7586783496374451e-06,-2.0403419037009303e-05,-0.0003498482492781202,-0.0006527438913260061,-4.7191464143958696e-05,-3.061317607395688e-05,-3.110340300390657e-05,-4.425943164172035e-05,-1.8439894113552264e-05,0.0,-0.00014729451207036516,-0.0006505644878105772,-0.0005018264421333421,-3.886361437523636e-05,-0.0005713283961484982,-0.0007908613388692261,-0.0006820339352375426,-3.452300221366335e-05,-0.0008221437336771237,-0.0007229478602042988,-0.0006024520250230671,-0.00018464768897491179,-0.0008572146619131481,-0.0008451954536057422,-0.0006607468509842361,-9.313915657132064e-05
0.6700000000000004,-4.559649761019423e-05,-3.0011471030820803e-06,0.0,0.0,-6.411041691960204e-05,-0.0006701690166724147,-0.0005304193681104072,-0.00019561006255636865,0.0,-2.2466714059036266e-05,-1.7586783496374451e-06,-2.0403419037009303e-05,-0.0003984270838841399,-0.0006172585961513432,-4.7191464143958696e-05,-3.061317607395688e-05,-3.110340300390657e-05,-2.5769853878392824e-05,-1.8439894113552264e-05,0.0,-0.00014729451207036516,-0.000690728904244163,-0.0007489140260183958,-3.886361437523636e-05,-0.0005654614506787733,-0.0007796432308907887,-0.0005959400262094044,-3.452300221366335e-05,-0.0008286404922807025,-0.0007025747705573655,-0.0005578574888189877,-3.8398689644088256e-05,-0.0009059015666475316,-0.0008388247347440669,-0.0006208157660857843,-9.313915657132064e-05
0.6800000000000004,-5.04787272662228e-05,-3.0011471030820803e-06,0.0,0.0,-6.411041691960204e-05,-0.0006621075056050223,-0.0005578964589560655,-0.00020581097108118024,0.0,-2.2466714059036266e-05,-1.7586783496374451e-06,-2.0403419037009303e-05,-0.00044191807386166285,-0.0005631260986608634,-4.7191464143958696e-05,-3.061317607395688e-05,-3.110340300390657e-05,-7.833069783904034e-06,-1.8439894113552264e-05,0.0,-0.000128085207249751,-0.0006980976687913179,-0.0006172733458677069,-3.886361437523636e-05,-0.0005582427183185168,-0.0007618117938368153,-0.0005087109020841089,-3.452300221366335e-05,-0.0008285479204246539,-0.0006802096166849419,-0.0005116702929699502,-3.8398689644088256e-05,-0.0009613599430064851,-0.0008343355266131394,-0.000576570520977249,-9.313915657132064e-05
0.6900000000000004,-4.96975641762332e-05,-3.0011471030820803e-06,0.0,0.0,-6.411041691960204e-05,-0.0006411876377572163,-0.0005804477088620634,-0.00022689036948090983,0.0,-2.2466714059036266e-05,-1.7586783496374451e-06,-2.0403419037009303e-05,-0.0004704046122888267,-0.0005241053046292326,-4.7191464143958696e-05,-3.061317607395688e-05,-3.110340300390657e-05,-7.833069783904034e-06,-1.8439894113552264e-05,0.0,-0.00024103980104050587,-0.0006984978872641981,-0.0005182595349580863,-3.886361437523636e-05,-0.0005545381548157844,-0.0007462780668611626,-0.0007491677532898798,-3.452300221366335e-05,-0.0008222091280384621,-0.0006568628239604353,-0.0007496695769051464,-3.8398689644088256e-05,-0.0005006053968482043,-0.000824890689062227,-0.0005237307450290037,-9.313915657132064e-05
0.6925000000000003,-5.0611247010108616e-05,-3.0011471030820803e-06,0.0,0.0,-6.411041691960204e-05,-0.0006383559400644857,-0.0005959658670741368,-0.00024342581648289854,0.0,-2.2466714059036266e-05,-1.7586783496374451e-06,-2.0403419037009303e-05,-0.00047981121107250807,-0.0005093763908265256,-4.7191464143958696e-05,-3.061317607395688e-05,-2.3917737310213412e-06,-7.833069783904034e-06,-1.8439894113552264e-05,0.0,-0.0002860507704828967,-0.0006986216769377304,-0.0005905519731021863,-3.886361437523636e-05,-0.0005537329986010987,-0.0007398744202836914,-0.0007042731220940748,-3.452300221366335e-05,-0.0008204310069449871,-0.0006482046035333295,-0.0007244431606779759,-3.8398689644088256e-05,-0.0005104036949407698,-0.0008214411620884066,-0.0005045765115364998,-9.313915657132064e-05
0.6931250000000003,-5.117740979312743e-05,-3.0011471030820803e-06,0.0,0.0,-6.411041691960204e-05,-0.0006385057637580053,-0.0006029971249595275,-0.0002506397132688678,0.0,-2.2466714059036266e-05,-1.7586783496374451e-06,-2.0403419037009303e-05,-0.00048263035637017925,-0.0005045341443314743,-4.7191464143958696e-05,-3.061317607395688e-05,-4.728191184452794e-06,-7.833069783904034e-06,-1.8439894113552264e-05,0.0,-0.00030096898848408943,-0.0006986554387497227,-0.0005750621855382979,-3.886361437523636e-05,-0.0005533801071452429,-0.0007375126435716264,-0.0006898233634732049,-3.452300221366335e-05,-0.0008196596552993721,-0.000645335735059886,-0.0007164151131183312,-3.8398689644088256e-05,-0.0005134938228246544,-0.000820061876180676,-0.0007494382389472107,-9.313915657132064e-05
0.6934375000000004,-5.1583035458478314e-05,-3.0011471030820803e-06,0.0,0.0,-6.411041691960204e-05,-0.0006390460491995701,-0.0006085394318659186,-0.00025629532836875864,0.0,-2.2466714059036266e-05,-1.7586783496374451e-06,-2.0403419037009303e-05,-0.0004843253270920385,-0.0005014283291216355,-4.7191464143958696e-05,-3.061317607395688e-05,-6.35193696438514e-06,-7.833069783904034e-06,-1.8439894113552264e-05,0.0,-0.00031069324902043634,-0.0006986966730856165,-0.0005652241358507342,-3.886361437523636e-05,-0.0005530747640183085,-0.0007359075212044563,-0.0006806545862024996,-3.452300221366335e-05,-0.0008190708037608223,-0.0006434334212301383,-0.0007113250757369767,-3.8398689644088256e-05,-0.0005154745411982729,-0.0008190514767834082,-0.0007434202093339315,-9.313915657132064e-05
0.6935937500000003,-5.188900546026802e-05,-3.0011471030820803e-06,0.0,0.0,-6.411041691960204e-05,-0.0006397012524559974,-0.0006131208126068394,-0.0002609109671344753,0.0,-2.2466714059036266e-05,-1.7586783496374451e-06,-2.0403419037009303e-05,-0.0004853980828621959,-0.0004992516359136928,-4.7191464143958696e-05,-3.061317607395688e-05,-7.598172024632427e-06,-7.833069783904034e-06,-1.8439894113552264e-05,0.0,-0.0003175218959442123,-0.0006987375243333472,-0.0005584457828498406,-3.886361437523636e-05,-0.0005527895314455487,-0.0007347309225979327,-0.00067438208533872,-3.452300221366335e-05,-0.0008186012159826987,-0.0006420937298138631,-0.000707818648842528,-3.8398689644088256e-05,-0.0005168569556402672,-0.000818313439829748,-0.0007393037434784615,-9.313915657132064e-05
0.6937500000000003,-5.315358785908527e-05,-3.0011471030820803e-06,0.0,0.0,-6.411041691960204e-05,-0.0006440125727389826,-0.0006350993715326998,-0.00028309980860075925,0.0,-2.2466714059036266e-05,-1.7586783496374451e-06,-2.0403419037009303e-05,-0.0004885283085352712,-0.0004909903509488848,-4.7191464143958696e-05,-3.061317607395688e-05,-1.3092145872370782e-05,-7.833069783904034e-06,-1.8439894113552264e-05,0.0,-0.00034336968824741473,-0.0006989818972534072,-0.0005337517052635381,-3.886361437523636e-05,-0.0005512021973644141,-0.0007299446120899133,-0.0006518741404387116,-3.452300221366335e-05,-0.0008163528447525625,-0.0006370177261257657,-0.0006950609783069601,-3.8398689644088256e-05,-0.0005221591611494473,-0.0008153663349707841,-0.0007246533341614751,-9.313915657132064e-05
0.6950000000000003,-5.310363504620139e-05,-3.0011471030820803e-06,0.0,0.0,-6.411041691960204e-05,-0.0006408536669285139,-0.0006325187674416042,-0.0002833044845209983,0.0,-2.2466714059036266e-05,-1.7586783496374451e-06,-2.0403419037009303e-05,-0.0004917641328531263,-0.00048660803030702845,-4.7191464143958696e-05,-3.061317607395688e-05,-1.4004830885452558e-05,-7.833069783904034e-06,-1.8439894113552264e-05,0.0,-0.00035608856640818984,-0.0006987887575245773,-0.0005196222273691593,-3.886361437523636e-05,-0.0005513767971053535,-0.0007279788897930065,-0.000638738546523232,-3.452300221366335e-05,-0.0008158247328255463,-0.0006344304561579589,-0.00068809368370475,-3.8398689644088256e-05,-0.0005251036892211955,-0.0008145197400444152,-0.0007158854640841406,-9.313915657132064e-05
0.7000000000000003,-5.226427227588439e-05,-3.0011471030820803e-06,0.0,0.0,-6.411041691960204e-05,-0.0006285180772716964,-0.0006226653168577345,-0.0002840351250248921,0.0,-2.2466714059036266e-05,-1.7586783496374451e-06,-2.0403419037009303e-05,-0.0005044889436638706,-0.00046904128694820143,-4.7191464143958696e-05,-3.061317607395688e-05,-1.7504298177362078e-05,-7.833069783904034e-06,-1.8439894113552264e-05,0.0,-0.00040655307569394355,-0.00069773438548176,-0.00046409093727433796,-3.886361437523636e-05,-0.0005516917140989941,-0.0007194326417180807,-0.000587702158770506,-3.452300221366335e-05,-0.0008132794194372328,-0.0006239004852532728,-0.0006610690054451463,-3.8398689644088256e-05,-0.0005364992455486104,-0.0008110670023652137,-0.0006808632920403201,-9.313915657132064e-05
0.7100000000000003,-4.9314915099468365e-05,-3.0011471030820803e-06,0.0,0.0,-6.411041691960204e-05,-0.0006055087197328728,-0.000605043946899698,-0.00028561943681969503,0.0,-2.2466714059036266e-05,-1.7586783496374451e-06,-2.0403419037009303e-05,-0.0005285981305812461,-0.00043355056410046225,-4.7191464143958696e-05,-3.061317607395688e-05,-2.348973059636312e-05,-7.833069783904034e-06,-1.8439894113552264e-05,0.0,-0.000504755272329607,-0.0006941604426675051,-0.00035715085896056303,-3.886361437523636e-05,-0.0005509428948225278,-0.0006995914670690597,-0.0005245258754010843,-3.452300221366335e-05,-0.0008064587198408287,-0.0006021040563892778,-0.0006097451831772731,-3.8398689644088256e-05,-0.00055771832792692,-0.0008035186908275855,-0.0006097958170436675,-9.313915657132064e-05
0.7200000000000003,-4.787279752374176e-05,-3.0011471030820803e-06,0.0,0.0,-6.411041691960204e-05,-0.0005838620108865844,-0.0005899537222820636,-0.0002850112209998418,0.0,-2.2466714059036266e-05,-1.7586783496374451e-06,-2.0403419037009303e-05,-0.000550395432274599,-0.0003968550178678298,-4.7191464143958696e-05,-3.061317607395688e-05,-2.9238029155206597e-05,-7.833069783904034e-06,-1.8439894113552264e-05,0.0,-0.0005989746470950631,-0.0006883879363005025,-0.0002554046885868436,-3.886361437523636e-05,-0.0005484999955212681,-0.0006768141294436088,-0.00042856138078856327,-3.452300221366335e-05,-0.0007979328342165761,-0.0005797852922355347,-0.0005608103145793866,-3.8398689644088256e-05,-0.0005769655375064432,-0.0007951164716540911,-0.0005370358969964889,-9.313915657132064e-05
0.7300000000000003,-4.813275899261865e-05,-3.0011471030820803e-06,0.0,0.0,-6.411041691960204e-05,-0.0005616731310600677,-0.0005760918265901973,-0.00028305958248562587,0.0,-2.2466714059036266e-05,-1.7586783496374451e-06,-2.0403419037009303e-05,-0.0005693540360589366,-0.00035831071096319416,-4.7191464143958696e-05,-3.061317607395688e-05,-3.6108986217405105e-05,-7.833069783904034e-06,-1.8439894113552264e-05,0.0,-0.0006890508645834188,-0.0006802845850876765,-0.00016076093653113406,-3.886361437523636e-05,-0.0005440307951968719,-0.0006520702050615436,-0.00034000811600558056,-3.452300221366335e-05,-0.0007877386635026176,-0.0005579396064983374,-0.0005146043472196491,-3.8398689644088256e-05,-0.0005934325309098799,-0.0007866444829985175,-0.0006584906759000417,-9.313915657132064e-05
0.7400000000000003,-5.037940070279847e-05,-3.0011471030820803e-06,0.0,0.0,-6.411041691960204e-05,-0.0005415030278546396,-0.0005636739694432737,-0.00028870887573175446,0.0,-2.2466714059036266e-05,-1.7586783496374451e-06,-2.0403419037009303e-05,-0.0005866012616093555,-0.0003169375347667437,-4.7191464143958696e-05,-3.061317607395688e-05,-4.016215657473083e-05,-7.833069783904034e-06,-1.8439894113552264e-05,0.0,-0.0007785630623787422,-0.0006695653633370446,-7.288925512810641e-05,-3.886361437523636e-05,-0.0005392133263230585,-0.0006254134383999467,-0.00025438936363023865,-3.452300221366335e-05,-0.000776239500880843,-0.0005358220578603616,-0.0007487549787545075,-3.8398689644088256e-05,-0.0006079385834189508,-0.000776521218757632,-0.0005502748539887553,-9.313915657132064e-05
0.7500000000000003,-5.520444698717814e-05,-3.0011471030820803e-06,0.0,0.0,-6.411041691960204e-05,-0.0005233360849510676,-0.0005531803753286475,-0.00030151382779911685,0.0,-2.2466714059036266e-05,-1.7586783496374451e-06,-2.0403419037009303e-05,-0.000601915852362753,-0.0002700900048155292,-4.7191464143958696e-05,-3.061317607395688e-05,-4.251197658684597e-05,-7.833069783904034e-06,-1.8439894113552264e-05,0.0,-0.0008704033551403052,-0.0006554400919700168,-7.288925512810641e-05,-3.886361437523636e-05,-0.0005342298944056611,-0.0005960372340236381,-0.0001693545569602628,-3.452300221366335e-05,-0.00076403891332021,-0.0005133349105123162,-0.0006658230129866536,-3.8398689644088256e-05,-0.0006212813045177942,-0.0007650025291128383,-0.0004333106207301114,-9.313915657132064e-05
0.7600000000000003,-6.390346566552418e-05,-3.0011471030820803e-06,0.0,0.0,-6.411041691960204e-05,-0.0005067769484602435,-0.0005457816956045491,-0.0003230735381413013,0.0,-2.2466714059036266e-05,-1.7586783496374451e-06,-2.0403419037009303e-05,-0.0006132317249103419,-0.00020771894863679782,-4.7191464143958696e-05,-3.061317607395688e-05,-4.49781719083728e-05,-7.833069783904034e-06,-1.8439894113552264e-05,0.0,-0.0009676587673226108,-0.0006342352176312567,-7.288925512810641e-05,-3.886361437523636e-05,-0.0005286891797882167,-0.0005601368334548943,-8.223027617752909e-05,-3.452300221366335e-05,-0.0007519149470385714,-0.0007494731932349514,-0.0005660031195377235,-3.8398689644088256e-05,-0.00063487865117372,-0.0007538202469638581,-0.00030259230477124987,-9.313915657132064e-05
0.7700000000000004,-7.408799540159013e-05,-3.0011471030820803e-06,0.0,0.0,-6.411041691960204e-05,-0.0007493289047375604,-0.0005388884213812113,-0.0003468154247053347,0.0,-2.2466714059036266e-05,-1.7586783496374451e-06,-2.0403419037009303e-05,-0.0006201539598939044,-0.00014300190682415363,-4.7191464143958696e-05,-3.061317607395688e-05,-4.441656614319253e-05,-7.833069783904034e-06,-1.8439894113552264e-05,0.0,-0.0005012551455553152,-0.0006092833228916726,-7.288925512810641e-05,-3.886361437523636e-05,-0.0005222544604677988,-0.0005245439097221889,-3.361177758910904e-06,-3.452300221366335e-05,-0.0007387694822335668,-0.0007145820184904767,-0.0005313119331197435,-3.8398689644088256e-05,-0.0006442040389127048,-0.0007410475621743882,-0.00016415250974212507,-9.313915657132064e-05
0.7800000000000004,-8.887560807417141e-05,-3.0011471030820803e-06,0.0,0.0,-6.411041691960204e-05,-0.0007263532921141276,-0.0005341224216911522,-0.00037632589258890253,0.0,-2.2466714059036266e-05,-1.7586783496374451e-06,-2.0403419037009303e-05,-0.0006236424608563999,-7.235695229764911e-05,-4.7191464143958696e-05,-3.061317607395688e-05,-4.1591049285253954e-05,-7.833069783904034e-06,-1.8439894113552264e-05,0.0,-0.0005444318567769742,-0.0005750473299550238,-7.288925512810641e-05,-3.886361437523636e-05,-0.0005159383239503051,-0.000749235877904958,-3.361177758910904e-06,-3.452300221366335e-05,-0.0007250241476455157,-0.0006763773703571548,-0.00039837906480002995,-3.8398689644088256e-05,-0.0006500280694097309,-0.0007244026881519502,-7.140358017148566e-06,-9.313915657132064e-05
0.7900000000000004,-0.00011179100759808574,-3.0011471030820803e-06,0.0,0.0,-6.411041691960204e-05,-0.0007119172018037284,-0.0005296130294078582,-0.0003977791732323626,0.0,-2.2466714059036266e-05,-1.7586783496374451e-06,-2.0403419037009303e-05,-0.0006279873836968976,-1.0153175010504202e-06,-4.7191464143958696e-05,-3.061317607395688e-05,-2.872423520491208e-05,-7.833069783904034e-06,-1.8439894113552264e-05,0.0,-0.0005895182741190332,-0.0005356830630022614,-7.288925512810641e-05,-3.886361437523636e-05,-0.0005129308060876844,-0.0006895786697269497,-3.361177758910904e-06,-3.452300221366335e-05,-0.0007099414375220034,-0.0006362122255283027,-0.00026332084917009274,-3.8398689644088256e-05,-0.0006471287550325035,-0.000692133345885027,-7.140358017148566e-06,-9.313915657132064e-05
0.8000000000000004,-0.00015367534371344956,-3.0011471030820803e-06,0.0,0.0,-6.411041691960204e-05,-0.0006986286934700876,-0.0005371500178153491,-0.0004377863834650384,0.0,-2.2466714059036266e-05,-1.7586783496374451e-06,-2.0403419037009303e-05,-0.0005942256466263992,-1.0153175010504202e-06,-4.7191464143958696e-05,-3.061317607395688e-05,-2.1197460644705144e-05,-7.833069783904034e-06,-1.8439894113552264e-05,0.0,-0.0006486105286874523,-0.0007490185326058995,-7.288925512810641e-05,-3.886361437523636e-05,-0.0005108445428439996,-0.0006081445321983271,-3.361177758910904e-06,-3.452300221366335e-05,-0.0006982063741246292,-0.0005891234609146223,-9.06429340247953e-05,-3.8398689644088256e-05,-0.0006521129092249349,-0.0006565627424800489,-7.140358017148566e-06,-9.313915657132064e-05
0.8100000000000004,-0.00018817504814392185,-3.0011471030820803e-06,0.0,0.0,-4.728946147396849e-05,-0.0006907519867552129,-0.0005447558350819404,-0.00048337734997816684,0.0,-2.2466714059036266e-05,-1.7586783496374451e-06,-2.0403419037009303e-05,-0.0005362276742343632,-1.0153175010504202e-06,-4.7191464143958696e-05,-3.061317607395688e-05,-1.5539665743482533e-05,-7.833069783904034e-06,-1.8439894113552264e-05,0.0,-0.000676691024420097,-0.0006217931433121649,-7.288925512810641e-05,-3.886361437523636e-05,-0.0005067056933736498,-0.0005240245598877714,-3.361177758910904e-06,-3.452300221366335e-05,-0.0006857009049426367,-0.0005419172044389669,-9.06429340247953e-05,-3.8398689644088256e-05,-0.0006597672277890278,-0.0006172331400598163,-7.140358017148566e-06,-9.313915657132064e-05
0.8200000000000004,-0.00020218140987292863,-3.0011471030820803e-06,0.0,0.0,-8.934914253855293e-05,-0.0006883149646730088,-0.0005466928522837864,-0.0005246701946264399,0.0,-2.2466714059036266e-05,-1.7586783496374451e-06,-2.0403419037009303e-05,-0.0005000446030770845,-1.0153175010504202e-06,-4.7191464143958696e-05,-3.061317607395688e-05,-1.0774068147256283e-06,-7.833069783904034e-06,-1.8439894113552264e-05,0.0,-0.0006809334900388422,-0.0005261609584274727,-7.288925512810641e-05,-3.886361437523636e-05,-0.0005005853933168876,-0.0007488640363210823,-3.361177758910904e-06,-3.452300221366335e-05,-0.0006698131902637296,-0.0007494429531875004,-9.06429340247953e-05,-3.8398689644088256e-05,-0.0006610258751959271,-0.000569085333787239,-7.140358017148566e-06,-9.313915657132064e-05
0.8300000000000004,-0.00022070591955129407,-3.0011471030820803e-06,0.0,0.0,-0.000150394035970944,-0.0007037036268451056,-0.0005554287390125647,-0.0005794750229723189,0.0,-2.2466714059036266e-05,-1.7586783496374451e-06,-2.0403419037009303e-05,-0.0004583180262105655,-1.0153175010504202e-06,-4.7191464143958696e-05,-3.061317607395688e-05,-1.0774068147256283e-06,-7.833069783904034e-06,-1.8439894113552264e-05,0.0,-0.0006874864835628594,-0.0005417200657738632,-7.288925512810641e-05,-3.886361437523636e-05,-0.0007495306565894774,-0.00061829102139031,-3.361177758910904e-06,-3.452300221366335e-05,-0.0006511721630821081,-0.0006774463623898655,-9.06429340247953e-05,-3.8398689644088256e-05,-0.000663563447357683,-0.0005073726664495878,-7.140358017148566e-06,-9.313915657132064e-05
0.8400000000000004,-0.00023724896338105317,-3.0011471030820803e-06,0.0,0.0,-0.0002072689819527447,-0.0007126574282430456,-0.0005588979414585203,-0.0006271312818490441,0.0,-2.2466714059036266e-05,-1.7586783496374451e-06,-2.0403419037009303e-05,-0.00041678285259290945,-1.0153175010504202e-06,-4.7191464143958696e-05,-3.061317607395688e-05,-1.0774068147256283e-06,-7.833069783904034e-06,-1.8439894113552264e-05,0.0,-0.0006897299490485473,-0.00039483781170251975,-7.288925512810641e-05,-3.886361437523636e-05,-0.000731768476281935,-0.0005847598774501641,-3.361177758910904e-06,-3.452300221366335e-05,-0.0006299739458083761,-0.0006131132256179669,-9.06429340247953e-05,-3.8398689644088256e-05,-0.0006643015881103524,-0.0007492099425524167,-7.140358017148566e-06,-9.313915657132064e-05
0.8500000000000004,-0.0002511938304889463,-3.0011471030820803e-06,0.0,0.0,-0.0002570312585740967,-0.0007144296732122126,-0.0005576848751318246,-0.0006671572429637111,0.0,-2.2466714059036266e-05,-1.7586783496374451e-06,-2.0403419037009303e-05,-0.00037568584005765783,-1.0153175010504202e-06,-4.7191464143958696e-05,-3.061317607395688e-05,-1.0774068147256283e-06,-7.833069783904034e-06,-1.8439894113552264e-05,0.0,-0.0006873228567532933,-0.0002633071918265377,-7.288925512810641e-05,-3.886361437523636e-05,-0.0007091001299590168,-0.00045829242495702677,-3.361177758910904e-06,-3.452300221366335e-05,-0.000607524605248429,-0.0005544552899566259,-9.06429340247953e-05,-3.8398689644088256e-05,-0.000662145069974554,-0.0006454284288470824,-7.140358017148566e-06,-9.313915657132064e-05
0.8600000000000004,-0.0002630190863061457,-3.0011471030820803e-06,0.0,0.0,-0.0003030564228708716,-0.0007124748645048957,-0.0005539393843663866,-0.0007022625247024902,0.0,-2.2466714059036266e-05,-1.7586783496374451e-06,-2.0403419037009303e-05,-0.00033312896214265014,-1.0153175010504202e-06,-4.7191464143958696e-05,-3.061317607395688e-05,-1.0774068147256283e-06,-7.833069783904034e-06,-1.8439894113552264e-05,0.0,-0.0006810782148450012,-0.00014668142679397485,-7.288925512810641e-05,-3.886361437523636e-05,-0.0006831953897094011,-0.0003420827023922608,-3.361177758910904e-06,-3.452300221366335e-05,-0.0005846433337279217,-0.0007489817501795353,-9.06429340247953e-05,-3.8398689644088256e-05,-0.000657632285834503,-0.0005393357827571219,-7.140358017148566e-06,-9.313915657132064e-05
0.8700000000000004,-0.0002733117214801309,-3.0011471030820803e-06,0.0,0.0,-0.0003498906717356812,-0.0007095746436235213,-0.0005495787697024085,-0.0007364316452858303,0.0,-2.2466714059036266e-05,-1.7586783496374451e-06,-2.0403419037009303e-05,-0.0002869989372459859,-1.0153175010504202e-06,-4.7191464143958696e-05,-3.061317607395688e-05,-1.0774068147256283e-06,-7.833069783904034e-06,-1.8439894113552264e-05,0.0,-0.0006719152371265977,-4.1711857618738315e-05,-7.288925512810641e-05,-3.886361437523636e-05,-0.0006547864668497597,-0.00023184867920239574,-3.361177758910904e-06,-3.452300221366335e-05,-0.0005617280727617918,-0.0006606493359935304,-9.06429340247953e-05,-3.8398689644088256e-05,-0.0006516853177694679,-0.000551497698367843,-7.140358017148566e-06,-9.313915657132064e-05
0.8800000000000004,-0.00028099336359468073,-3.0011471030820803e-06,0.0,0.0,-0.00040104360669236227,-0.000706563162313442,-0.0005463808632816354,-0.0007742877133224488,0.0,-2.2466714059036266e-05,-1.7586783496374451e-06,-2.0403419037009303e-05,-0.00022789531092258717,-1.0153175010504202e-06,-4.7191464143958696e-05,-3.061317607395688e-05,-1.0774068147256283e-06,-7.833069783904034e-06,-1.8439894113552264e-05,0.0,-0.0006574954145725141,-4.1711857618738315e-05,-7.288925512810641e-05,-3.886361437523636e-05,-0.0006208954180036932,-0.00012490898547559551,-3.361177758910904e-06,-3.452300221366335e-05,-0.0005385850899602048,-0.0005596811630436151,-9.06429340247953e-05,-3.8398689644088256e-05,-0.0006468806841967174,-0.00039414309976813896,-7.140358017148566e-06,-9.313915657132064e-05
0.8900000000000005,-0.00028440210305341395,-3.0011471030820803e-06,0.0,0.0,-0.00044968382551281277,-0.0007003763422429627,-0.0005419518098959931,-0.0008065774129827006,0.0,-2.2466714059036266e-05,-1.7586783496374451e-06,-2.0403419037009303e-05,-0.0001607457781547391,-1.0153175010504202e-06,-4.7191464143958696e-05,-3.061317607395688e-05,-1.0774068147256283e-06,-7.833069783904034e-06,-1.8439894113552264e-05,0.0,-0.0006367740006597592,-4.1711857618738315e-05,-7.288925512810641e-05,-3.886361437523636e-05,-0.0005842447764686096,-2.8412460019368415e-05,-3.361177758910904e-06,-3.452300221366335e-05,-0.0005152896307624021,-0.0005916792529306554,-9.06429340247953e-05,-3.8398689644088256e-05,-0.0006406355362922197,-0.00023241277341973438,-7.140358017148566e-06,-9.313915657132064e-05
0.9000000000000005,-0.0002853758970990375,-3.0011471030820803e-06,0.0,0.0,-0.0004961810296839877,-0.0006935222086803011,-0.0005358526351014932,-0.0008316883135750619,0.0,-2.2466714059036266e-05,-1.7586783496374451e-06,-2.0403419037009303e-05,-9.233446062008105e-05,-1.0153175010504202e-06,-4.7191464143958696e-05,-3.061317607395688e-05,-1.0774068147256283e-06,-7.833069783904034e-06,-1.8439894113552264e-05,0.0,-0.0006081590738914299,-4.1711857618738315e-05,-7.288925512810641e-05,-3.886361437523636e-05,-0.000547367978616809,-2.8412460019368415e-05,-3.361177758910904e-06,-3.452300221366335e-05,-0.0007494890659499435,-0.0004434234053776542,-9.06429340247953e-05,-3.8398689644088256e-05,-0.0006302318959108352,-6.166654373398452e-05,-7.140358017148566e-06,-9.313915657132064e-05
0.9100000000000005,-0.0002911638985305025,-3.0011471030820803e-06,0.0,0.0,-0.000553577961448533,-0.0007031172387694917,-0.0005337809852963051,-0.0008590909311820669,0.0,-2.2466714059036266e-05,-1.7586783496374451e-06,-2.0403419037009303e-05,-2.792238026875325e-05,-1.0153175010504202e-06,-4.7191464143958696e-05,-3.061317607395688e-05,-1.0774068147256283e-06,-7.833069783904034e-06,-1.8439894113552264e-05,0.0,-0.0005758554774941841,-4.1711857618738315e-05,-7.288925512810641e-05,-3.886361437523636e-05,-0.0005107109495637563,-2.8412460019368415e-05,-3.361177758910904e-06,-3.452300221366335e-05,-0.0007075301370456674,-0.00028044197660870854,-9.06429340247953e-05,-3.8398689644088256e-05,-0.0006001929370946186,-6.166654373398452e-05,-7.140358017148566e-06,-9.313915657132064e-05
0.9200000000000005,-0.00028645890227546296,-3.0011471030820803e-06,0.0,0.0,-0.0006229462943191194,-0.0007146604009374282,-0.0005335295300530449,-0.0008744172732018121,0.0,-2.2466714059036266e-05,-1.7586783496374451e-06,-2.0403419037009303e-05,-2.792238026875325e-05,-1.0153175010504202e-06,-4.7191464143958696e-05,-3.061317607395688e-05,-1.0774068147256283e-06,-7.833069783904034e-06,-1.8439894113552264e-05,0.0,-0.0005355489611872587,-4.1711857618738315e-05,-7.288925512810641e-05,-3.886361437523636e-05,-0.0007491436823969556,-2.8412460019368415e-05,-3.361177758910904e-06,-3.452300221366335e-05,-0.0006666436414075595,-0.00011301248863146573,-9.06429340247953e-05,-3.8398689644088256e-05,-0.0005678322059798553,-6.166654373398452e-05,-7.140358017148566e-06,-9.313915657132064e-05
0.9300000000000005,-0.00026828484413529723,-3.0011471030820803e-06,0.0,0.0,-0.0006987445648116531,-0.000728785822006571,-0.0005356589501739178,-0.0009017078237549049,0.0,-2.2466714059036266e-05,-1.7586783496374451e-06,-2.0403419037009303e-05,-2.792238026875325e-05,-1.0153175010504202e-06,-4.7191464143958696e-05,-3.061317607395688e-05,-1.0774068147256283e-06,-7.833069783904034e-06,-1.8439894113552264e-05,0.0,-0.0007490909566892404,-4.1711857618738315e-05,-7.288925512810641e-05,-3.886361437523636e-05,-0.0006738768674426892,-2.8412460019368415e-05,-3.361177758910904e-06,-3.452300221366335e-05,-0.0006240359342870097,-0.00011301248863146573,-9.06429340247953e-05,-3.8398689644088256e-05,-0.0005363887841952833,-6.166654373398452e-05,-7.140358017148566e-06,-9.313915657132064e-05
0.9400000000000005,-0.00024384045829292823,-3.0011471030820803e-06,0.0,0.0,-0.0007587758893106107,-0.0007494863863058818,-0.0005411656207832346,-0.0009363905323166727,0.0,-2.2466714059036266e-05,-1.7586783496374451e-06,-2.0403419037009303e-05,-2.792238026875325e-05,-1.0153175010504202e-06,-4.7191464143958696e-05,-3.061317607395688e-05,-1.0774068147256283e-06,-7.833069783904034e-06,-1.8439894113552264e-05,0.0,-0.0006311599401583851,-4.1711857618738315e-05,-7.288925512810641e-05,-3.886361437523636e-05,-0.0005903823011741666,-2.8412460019368415e-05,-3.361177758910904e-06,-3.452300221366335e-05,-0.0005790840557158392,-0.00011301248863146573,-9.06429340247953e-05,-3.8398689644088256e-05,-0.0007495933992351223,-6.166654373398452e-05,-7.140358017148566e-06,-9.313915657132064e-05
0.9500000000000005,-0.00022332301533187278,-3.0011471030820803e-06,0.0,0.0,-0.0007794167287909485,-0.000769443931465675,-0.0005477988099704491,-0.0009621762460644141,0.0,-2.2466714059036266e-05,-1.7586783496374451e-06,-2.0403419037009303e-05,-2.792238026875325e-05,-1.0153175010504202e-06,-4.7191464143958696e-05,-3.061317607395688e-05,-1.0774068147256283e-06,-7.833069783904034e-06,-1.8439894113552264e-05,0.0,-0.0005231783490687701,-4.1711857618738315e-05,-7.288925512810641e-05,-3.886361437523636e-05,-0.0005127802367200519,-2.8412460019368415e-05,-3.361177758910904e-06,-3.452300221366335e-05,-0.0005351717270038999,-0.00011301248863146573,-9.06429340247953e-05,-3.8398689644088256e-05,-0.0006733246833869076,-6.166654373398452e-05,-7.140358017148566e-06,-9.313915657132064e-05
0.9600000000000005,-0.0002024866047916628,-3.0011471030820803e-06,0.0,0.0,-0.0007999452883023074,-0.0007885999585081996,-0.0005506485127630749,-0.0009867689055416684,0.0,-2.2466714059036266e-05,-1.7586783496374451e-06,-2.0403419037009303e-05,-2.792238026875325e-05,-1.0153175010504202e-06,-4.7191464143958696e-05,-3.061317607395688e-05,-1.0774068147256283e-06,-7.833069783904034e-06,-1.8439894113552264e-05,0.0,-0.0005520137033169677,-4.1711857618738315e-05,-7.288925512810641e-05,-3.886361437523636e-05,-0.0007486719783063405,-2.8412460019368415e-05,-3.361177758910904e-06,-3.452300221366335e-05,-0.0007494729057024274,-0.00011301248863146573,-9.06429340247953e-05,-3.8398689644088256e-05,-0.0005938330212638021,-6.166654373398452e-05,-7.140358017148566e-06,-9.313915657132064e-05
0.9700000000000005,-0.00018169840518624084,-3.0011471030820803e-06,0.0,0.0,-0.0008126144163420383,-0.0007940805765599746,-0.0005491180301753068,-0.0005003936676090003,0.0,-2.2466714059036266e-05,-1.7586783496374451e-06,-2.0403419037009303e-05,-2.792238026875325e-05,-1.0153175010504202e-06,-4.7191464143958696e-05,-3.061317607395688e-05,-1.0774068147256283e-06,-7.833069783904034e-06,-1.8439894113552264e-05,0.0,-0.00041409150324777874,-4.1711857618738315e-05,-7.288925512810641e-05,-3.886361437523636e-05,-0.0006152562510520103,-2.8412460019368415e-05,-3.361177758910904e-06,-3.452300221366335e-05,-0.0006837542109397922,-0.00011301248863146573,-9.06429340247953e-05,-3.8398689644088256e-05,-0.0005112934163413297,-6.166654373398452e-05,-7.140358017148566e-06,-9.313915657132064e-05
0.9800000000000005,-0.00015830808242584,-3.0011471030820803e-06,0.0,0.0,-0.000827199168709956,-0.0007959122995363192,-0.0005487131803095154,-0.0005127797295002058,0.0,-2.2466714059036266e-05,-1.7586783496374451e-06,-2.0403419037009303e-05,-2.792238026875325e-05,-1.0153175010504202e-06,-4.7191464143958696e-05,-3.061317607395688e-05,-1.0774068147256283e-06,-7.833069783904034e-06,-1.8439894113552264e-05,0.0,-0.00028541838677598067,-4.1711857618738315e-05,-7.288925512810641e-05,-3.886361437523636e-05,-0.0005074346038384294,-2.8412460019368415e-05,-3.361177758910904e-06,-3.452300221366335e-05,-0.0006130677918167566,-0.00011301248863146573,-9.06429340247953e-05,-3.8398689644088256e-05,-0.0007491721512362455,-6.166654373398452e-05,-7.140358017148566e-06,-9.313915657132064e-05
0.9900000000000005,-0.00013109527866844782,-3.0011471030820803e-06,0.0,0.0,-0.0008411591067913836,-0.0007934853597149321,-0.0005470884924629377,-0.0005255040362621117,0.0,-2.2466714059036266e-05,-1.7586783496374451e-06,-2.0403419037009303e-05,-2.792238026875325e-05,-1.0153175010504202e-06,-4.7191464143958696e-05,-3.061317607395688e-05,-1.0774068147256283e-06,-7.833069783904034e-06,-1.8439894113552264e-05,0.0,-0.00016339285302939985,-4.1711857618738315e-05,-7.288925512810641e-05,-3.886361437523636e-05,-0.00037930947810458764,-2.8412460019368415e-05,-3.361177758910904e-06,-3.452300221366335e-05,-0.0005345369048001673,-0.00011301248863146573,-9.06429340247953e-05,-3.8398689644088256e-05,-0.0005661091050027238,-6.166654373398452e-05,-7.140358017148566e-06,-9.313915657132064e-05
1.0000000000000004,-0.00010112850722214697,-3.0011471030820803e-06,0.0,0.0,-0.00084747266880542,-0.0007840862938718953,-0.0005389720403636709,-0.0005310794584795584,0.0,-2.2466714059036266e-05,-1.7586783496374451e-06,-2.0403419037009303e-05,-2.792238026875325e-05,-1.0153175010504202e-06,-4.7191464143958696e-05,-3.061317607395688e-05,-1.0774068147256283e-06,-7.833069783904034e-06,-1.8439894113552264e-05,0.0,-5.055270177422901e-05,-4.1711857618738315e-05,-7.288925512810641e-05,-3.886361437523636e-05,-0.0002669815208683716,-2.8412460019368415e-05,-3.361177758910904e-06,-3.452300221366335e-05,-0.0007487904428065774,-0.00011301248863146573,-9.06429340247953e-05,-3.8398689644088256e-05,-0.00038608353236082985,-6.166654373398452e-05,-7.140358017148566e-06,-9.313915657132064e-05
