0.0,0.04,0.0,0.0,0.04000936684127854,0.0025605361906766394,0.0,0.04000985601206562,0.005933434242805624,0.0,0.04002222829139804,0.008232261401160781,0.0,0.04004579487815092,0.00798532507146075,0.0,0.04006493638287009,0.006625265495169783,0.0,0.04,0.0,0.0,0.04401175030225248,-2.382434664972924e-06,0.0,0.043734500476238974,0.0017547720168921168,0.0,0.04307484473074947,0.005818090062022291,0.0,0.04229808706899943,0.007177430962943696,0.0,0.03907453249490868,0.007326312694522406,0.0,0.03626871102816585,0.005971595987500585,0.0,0.0326200462206447,-5.2459743646456006e-05,0.0,0.05039955984946589,-5.3704723162095784e-05,0.0,0.039597044566657226,0.0017091185671420767,0.0,0.033171964198377035,0.005292941058180483,0.0,0.03116668260126789,0.004397579174400013,0.0,0.029255678425179607,0.001256039959285774,0.0,0.028857815450347785,0.005435820293892358,0.0,0.02827042476669527,-3.387970328044888e-05,0.0,0.05436875091263845,-5.4732740495810744e-05,0.0,0.029273742537839136,0.00048652470515725036,0.0,0.027766684859060333,0.003810584405039081,0.0,0.02585081076851085,0.0023080034541543334,0.0,0.024345575292061477,-0.00029283046063805895,0.0,0.02347224607001791,0.005066686216818795,0.0,0.022380179129837235,-4.6195791797994725e-05,0.0,0.0554824043625932,-2.6464583305043843e-05,0.0,0.020539902821934963,0.0001900131921781468,0.0,0.02048172722588008,-0.0019282173875162544,0.0,0.020247930176487856,0.0011922964348065096,0.0,0.020239785449920816,-0.0003469193014572927,0.0,0.020216620829456796,0.0026508278636678748,0.0,0.02017674917163058,3.407796276996112e-08,0.0,0.05536609571436597,4.46824614181249e-06,0.0,0.021473490772575446,-0.00030540210845160753,0.0,0.02054789974661772,-0.0019304730201202048,0.0,0.02054918455161766,-0.0013192916117572345,0.0,0.020527236389102768,-0.00034897105886868803,0.0,0.020256171329223114,0.001210165183850693,0.0,0.02025294582093666,5.562140081616763e-05,0.0,0.053896338286817946,3.1883069017829205e-05,0.0,0.028647788630972094,-0.0008792102036358281,0.0,0.027006908152948282,-0.002880290191829154,0.0,0.025805405874521833,-0.002350386331444781,0.0,0.024187105682295606,-0.0027573747095063837,0.0,0.022793163937603594,-0.0008249671946457068,0.0,0.019945607419303554,0.00011003200838568462,0.0,0.049681841244792246,2.830329868722756e-05,0.0,0.036990525868073165,-0.001390627949524974,0.0,0.03618977001640975,-0.0033210450584076814,0.0,0.032391106213646756,-0.004564791927502417,0.0,0.030518703572349027,-0.004763100761751556,0.0,0.028330051525980622,-0.0051184997148824895,0.0,0.027129250788187766,6.249286838294499e-05,0.0,0.04476968201033652,1.2625868098352861e-05,0.0,0.04470481607249135,-0.0015175995967190651,0.0,0.04386591572385788,-0.004716434020032414,0.0,0.0424256587846769,-0.006845034873658374,0.0,0.042425666627901246,-0.0067541088112379995,0.0,0.03831559819660314,-0.005320496465173737,0.0,0.03210461956806253,6.848785959285125e-05,0.0,0.04,0.0,0.0,0.04000690084534599,-0.0021711147839117884,0.0,0.04000351865019707,-0.005355821085399047,0.0,0.040015818101818666,-0.006884802591238101,0.0,0.040032581708571525,-0.0067647222526762,0.0,0.04004709674813261,-0.005626129928935936,0.0,0.04,0.0,0.0
0.01,0.08,0.0,0.0,0.07992058331457141,0.007376722048528214,0.0,0.07994693616154905,0.008937028248165628,0.0,0.07997561885735607,0.008484854505208006,0.0,0.0799970019760348,0.006474877913106786,0.0,0.08002358183105147,0.005145775672949745,0.0,0.08,0.0,0.0,0.08670841964076298,-5.5512836718760046e-05,0.0,0.08653715140093343,0.0064368818313510065,0.0,0.08650155024146372,0.008514579335073089,0.0,0.08620598724313314,0.007428496753915506,0.0,0.08238074342386073,0.006165327430217907,0.0,0.07961002354866015,0.0023368648934754105,0.0,0.07177474846254049,-8.706286995769201e-05,0.0,0.09255324176892342,-8.839285056554634e-05,0.0,0.09245448699911193,0.006346614627609193,0.0,0.0838247259256402,0.004089896750526023,0.0,0.08128640413257886,0.004842063897349691,0.0,0.07977488731529293,0.002385290585426539,0.0,0.07477764122966715,0.0018993689083332994,0.0,0.06973491239915726,-4.653877855824603e-05,0.0,0.0942997294487696,-6.146816762329232e-05,0.0,0.06845036355020734,0.0008677821190584691,0.0,0.06753627783224352,0.0019607428748104846,0.0,0.06634077347506848,0.0019016892609868578,0.0,0.06564819942129531,0.0012469635068887894,0.0,0.06559666862858136,0.001205502811535382,0.0,0.06451823891219258,-5.137919403635311e-05,0.0,0.09528752550861491,-2.8983328174094308e-05,0.0,0.06127411373938343,0.0007474169933196881,0.0,0.06076744839579263,-8.760344853492365e-05,0.0,0.06047723297083324,-4.8284404698118354e-05,0.0,0.060192508669122305,0.0008905969297043073,0.0,0.060162872714516515,0.0007529227435688081,0.0,0.060144720448837105,-4.0267742422330616e-05,0.0,0.09528967703706727,6.37531515036301e-06,0.0,0.06165244689466021,-0.0005568780502596835,0.0,0.06162117022962234,-0.001106599042913818,0.0,0.06149420618547685,-0.0024385176737610676,0.0,0.060467650303904275,0.0008539905411206318,0.0,0.060417698644197965,0.0006502218657558963,0.0,0.06038359332868527,8.103138814901248e-06,0.0,0.09372487785941958,3.655815133485441e-05,0.0,0.06810918567921621,-0.0006733411358541124,0.0,0.06780345696373562,-0.00212972979990293,0.0,0.06651093645453385,-0.002495751138005413,0.0,0.06644951858368858,-0.0006841579466540552,0.0,0.06463908868466924,0.0003306516473995533,0.0,0.06442549399628954,2.5710379699300165e-05,0.0,0.09129973484549582,5.909455418806243e-05,0.0,0.09124022503655976,-0.0023778159809247725,0.0,0.0847259030205426,-0.007074873869572396,0.0,0.08375419151919825,-0.006449318492649988,0.0,0.0761498702849936,-0.002303318512645356,0.0,0.07227851101372668,-0.00391226245664229,0.0,0.06771066394218045,5.3436860415894716e-05,0.0,0.08605589060645721,3.8521422219784464e-05,0.0,0.08593446995595477,-0.0047896332597955164,0.0,0.0855609675796546,-0.008635059379152687,0.0,0.0854269849193672,-0.007335106895350683,0.0,0.08541819681049942,-0.005704802891986787,0.0,0.08055551028927249,-0.004068207601255182,0.0,0.07419233870359138,1.8856525059449885e-05,0.0,0.08,0.0,0.0,0.07996881949970017,-0.005184607507472629,0.0,0.07996619317109332,-0.008701547641717308,0.0,0.07998809511286238,-0.00806426092414626,0.0,0.08000996209158458,-0.007360050949503875,0.0,0.0800118057996641,-0.00412453503847337,0.0,0.08,0.0,0.0
0.02,0.12,0.0,0.0,0.11996283991013956,0.0055755906718772405,0.0,0.11998748378414033,0.005163565370069182,0.0,0.12000743437675815,0.003504531497762995,0.0,0.12002334611590317,0.005630801378158467,0.0,0.1200483541691133,0.006055777528493794,0.0,0.12,0.0,0.0,0.1276118622555242,-7.904217084535766e-05,0.0,0.12757660532217927,0.004128543099341143,0.0,0.12718087592681918,0.00400525584118239,0.0,0.1268849798661292,0.0033569278059565576,0.0,0.12574224305320486,0.005203227395780453,0.0,0.12162914502170569,0.006022954369930855,0.0,0.11217667328914695,-8.0564074380845e-05,0.0,0.13176701214324987,-7.593953459808037e-05,0.0,0.11759622810996846,0.003913161768661547,0.0,0.11608424193517017,0.001548130064684885,0.0,0.11579304989035034,0.0030138929273457868,0.0,0.11393435590932814,0.0020707497981941286,0.0,0.1116604653556526,0.0033762054200976352,0.0,0.11017964574265941,-4.7421885188314906e-05,0.0,0.1340357368335859,-4.7804089607766314e-05,0.0,0.11564178723382958,0.003764235650052843,0.0,0.1141605774545747,0.0004481493499079848,0.0,0.11222529756566901,0.0014173888374872515,0.0,0.10937826136984148,0.0019519173916015908,0.0,0.10903151596180677,0.003046214680514087,0.0,0.10476394088218599,-6.420404908125509e-05,0.0,0.1359166048723216,-1.810987476125451e-05,0.0,0.1066257416250975,-0.0009434335514799964,0.0,0.10466113267927107,-0.0004280209632164807,0.0,0.10433308951260498,-7.092508537055412e-05,0.0,0.10253252049178946,0.0010870025700828285,0.0,0.10251213649582103,0.002390922879821708,0.0,0.10249440669558009,-3.2682990261616146e-05,0.0,0.13620208182174157,1.8523392078799862e-05,0.0,0.10337375049775667,-0.00116924665163573,0.0,0.10334407077988095,-0.00043271458278240714,0.0,0.10320905903694126,-0.001221801391624831,0.0,0.10260239895387833,-0.0011449826710067039,0.0,0.10260248605561142,-0.0007268448402433729,0.0,0.10219924262557659,8.967827061415387e-06,0.0,0.13488387167395152,5.245754610181964e-05,0.0,0.11494059422459732,-0.0031465148880617786,0.0,0.11233073587777838,-0.0005951028717642198,0.0,0.11114989764637095,-0.0016560830533668388,0.0,0.10982943342121784,-0.002278392082896118,0.0,0.10873976861074505,-0.0019875780047514616,0.0,0.10755788114184948,-6.3283552628072274e-06,0.0,0.132183895856916,7.602468941101924e-05,0.0,0.11765137196109521,-0.004107900687628591,0.0,0.11681125497217154,-0.0007339503384874959,0.0,0.11597980259517568,-0.00330142693838315,0.0,0.11366954784038683,-0.0035290339395960724,0.0,0.11134317441227393,-0.0022428437552019912,0.0,0.1095247543936405,2.7365568340585524e-05,0.0,0.12695786893656458,5.991152696074281e-05,0.0,0.12682337656070083,-0.0042980425240288144,0.0,0.1268158621127914,-0.005014040304727609,0.0,0.12421838814765579,-0.00577153059115044,0.0,0.12352933805728661,-0.006235119100743655,0.0,0.11700124724261803,-0.005277231945757192,0.0,0.11419383696787246,2.5082788535187505e-05,0.0,0.12,0.0,0.0,0.119959988632063,-0.005487018277925176,0.0,0.11998057180188518,-0.005947586062648696,0.0,0.12000080623739152,-0.0064696158962016526,0.0,0.12002150012025238,-0.006504459774882535,0.0,0.12004047249231584,-0.005538359165799346,0.0,0.12,0.0,0.0
0.03,0.16,0.0,0.0,0.15998993842663983,0.0037596968925959835,0.0,0.1599822216643701,0.007296829699538455,0.0,0.159999621024728,0.007899177409622695,0.0,0.1600159308228079,0.007032416142147621,0.0,0.16001607377256255,0.004102282882367912,0.0,0.16,0.0,0.0,0.16526792572747617,-3.160844329961776e-05,0.0,0.16494271587405526,0.0030625605950897637,0.0,0.16397799675947786,0.006626894211028013,0.0,0.16392501782284988,0.007849479498717431,0.0,0.16252596512410775,0.005584824262371918,0.0,0.1586625114872759,0.003776323926341724,0.0,0.15318314350656417,-5.566927185675781e-05,0.0,0.1678303923221653,-1.98618658370658e-05,0.0,0.16764760670991452,0.00302259694793442,0.0,0.1671279985069317,0.004747560297923818,0.0,0.1663394951749581,0.0071449641599331285,0.0,0.16199905001377582,0.005457775943537109,0.0,0.15466916543973558,0.003740395414988155,0.0,0.14871142507653978,-5.807031609961613e-05,0.0,0.17118886166769462,-1.7040787749134372e-05,0.0,0.14944904996646113,0.00153486497242626,0.0,0.1483687106678163,0.000258029182077958,0.0,0.14826725971685575,0.0021866114113123373,0.0,0.14684333367050442,0.0032692233354750053,0.0,0.14483607110484406,0.002038291499315932,0.0,0.14470625536695766,-5.242619597647696e-05,0.0,0.17212071157859624,4.803755478227663e-06,0.0,0.14275899061961225,0.0014174800572693508,0.0,0.14274480367733156,-0.0007127163650179836,0.0,0.14272948573278504,7.195523963669101e-05,0.0,0.1426133085964802,0.0018585988610895533,0.0,0.14260352468622772,0.0019521946642090365,0.0,0.14257001257056823,-2.4251869348994653e-05,0.0,0.1730676537768654,2.84524191219256e-05,0.0,0.14412272243415186,0.001398375470265653,0.0,0.1436137753644925,-0.0036579156426811703,0.0,0.143244560167228,-0.0013238881953042912,0.0,0.1427652986139091,-0.0021566486876953084,0.0,0.14274761301020653,-0.0024713540472587935,0.0,0.14266665696129008,1.4702353182036945e-05,0.0,0.17274736056487455,5.292778506217517e-05,0.0,0.1474853178405334,0.0011847656202779912,0.0,0.14613001439501858,-0.004245448198352616,0.0,0.14589742211980514,-0.002032756629713058,0.0,0.1458150735807623,-0.002414798743479348,0.0,0.14536548909133973,-0.003929542610051907,0.0,0.1449046737007125,4.290078182685481e-05,0.0,0.17005261718064746,6.314590004218268e-05,0.0,0.16985406638014663,-0.0010944334902414819,0.0,0.1684607494267872,-0.005752135561294357,0.0,0.16413917019302213,-0.006626982105221121,0.0,0.16002946083933686,-0.007206940820141311,0.0,0.15431425644540087,-0.004095423134803766,0.0,0.14960742286854958,3.56629759648071e-05,0.0,0.16669674158515482,6.460682391720302e-05,0.0,0.16576388673451373,-0.002101920810282542,0.0,0.16472156294856474,-0.006052561828039543,0.0,0.1643155456514243,-0.006648696935772287,0.0,0.16251571280401625,-0.007239929930068264,0.0,0.16049081184534011,-0.004174330314604591,0.0,0.15410491141861807,3.248278226083737e-05,0.0,0.16,0.0,0.0,0.15998850204385742,-0.0038615545404551616,0.0,0.15998436070845487,-0.007158410317383527,0.0,0.1600011102039337,-0.00812251664133775,0.0,0.1600186473818388,-0.0073559959694311705,0.0,0.16001922339115537,-0.004335814625199413,0.0,0.16,0.0,0.0
0.04,0.2,0.0,0.0,0.19997261484709564,0.0046736628079013425,0.0,0.1999778217951264,0.007073301420190217,0.0,0.19998749510220115,0.005176458883590102,0.0,0.2000039142458499,0.0048377030050912925,0.0,0.20001922775953193,0.004223688812204688,0.0,0.2,0.0,0.0,0.20638243619157004,-4.643738262242742e-05,0.0,0.20636200877997046,0.0030763317432639043,0.0,0.2062058826813617,0.0069697744023859524,0.0,0.20618541309110858,0.003805725672676269,0.0,0.20372268923999456,0.004647450432931341,0.0,0.20123418591389064,0.004073558376207774,0.0,0.1926324247975139,-6.752328529415992e-05,0.0,0.2114479224464706,-6.03947212433114e-05,0.0,0.19722412108974013,0.002280042087086707,0.0,0.1952978912835709,0.005728331717901873,0.0,0.1937481422278677,0.0032057665543371,0.0,0.1904633778289751,0.0022681007905302184,0.0,0.1896590960665058,0.0036033070375781754,0.0,0.18866184904064556,-5.773025581869531e-05,0.0,0.21466458252741727,-4.463632935152012e-05,0.0,0.190113504862051,0.0020912613051910158,0.0,0.1892308655518931,0.005641144051153973,0.0,0.18815672172399484,0.0014018664143801189,0.0,0.186236099952503,0.0018418567977378111,0.0,0.1856337470320907,0.0035628531333027225,0.0,0.1845797579188909,-4.99957973763396e-05,0.0,0.21581498252516354,-1.1946071630174494e-05,0.0,0.18268333550229246,0.0013834543432446418,0.0,0.18198738839432005,-0.0006086543612762085,0.0,0.18186871610050265,0.00041205073988815325,0.0,0.1818420290161357,0.0014390146634887327,0.0,0.18177611666869475,0.0025454149303392203,0.0,0.1816379213068748,-2.7844172954415997e-05,0.0,0.21578253159249425,2.346025362741379e-05,0.0,0.18262916148123196,0.0010942634716685,0.0,0.18238795188100845,-0.0023945115376141843,0.0,0.18235860045151286,-0.0005770204160139749,0.0,0.18221368605934832,0.000484687720973758,0.0,0.18219223089647524,0.0018355339414460664,0.0,0.18218408131026426,1.2641941097954682e-05,0.0,0.21427842138664094,5.4480701467458094e-05,0.0,0.19146973478687232,-0.0004586472261858474,0.0,0.19015932369577881,-0.0050521982442557215,0.0,0.18788626238986653,-0.0007369485436500211,0.0,0.18661555526699652,-0.00048078305957707866,0.0,0.18651809278398304,0.000856913012222398,0.0,0.18630959723056317,1.9129797475064035e-05,0.0,0.21152341046478898,7.548242302951671e-05,0.0,0.1952749328601509,-0.0032381145968618822,0.0,0.19413107971981813,-0.006383750709725006,0.0,0.19367954124286887,-0.0008651349015785473,0.0,0.19240476835362755,-0.002959420180658153,0.0,0.1906245753853311,-0.0043413699288854255,0.0,0.18880262839639697,4.70778885392904e-05,0.0,0.20762046206239185,8.114029044436691e-05,0.0,0.20729225031890192,-0.003537170218915841,0.0,0.20686780403771238,-0.006952552413021888,0.0,0.20668292231393504,-0.005393410567795762,0.0,0.20662010458288863,-0.003932965813345186,0.0,0.20080552468004303,-0.004546773529338852,0.0,0.19359695648394853,4.2266138497581986e-05,0.0,0.2,0.0,0.0,0.19998108386686814,-0.0042952929729276525,0.0,0.19997665812325532,-0.007598175312474115,0.0,0.1999935573830855,-0.00659596683447141,0.0,0.20000810582404752,-0.005348427311470851,0.0,0.20002524550820175,-0.004612156924211609,0.0,0.2,0.0,0.0
0.05,0.24000000000000002,0.0,0.0,0.2399771756056788,0.004927176285593485,0.0,0.2399830878460952,0.008061756167396248,0.0,0.2400092832676585,0.008107691289635911,0.0,0.24003394009833884,0.00799008499910134,0.0,0.2400540305776344,0.006324082757909864,0.0,0.24000000000000002,0.0,0.0,0.24523110906321016,-2.0158639658129296e-05,0.0,0.24517610435548154,0.004158048832953062,0.0,0.24506674006742113,0.007685027838792628,0.0,0.2450339334798899,0.0066828137026028085,0.0,0.24476565555846183,0.007480351322965451,0.0,0.24243722567328949,0.006152734194037858,0.0,0.23374884647427727,-3.842145910135125e-05,0.0,0.2505950472211477,-4.313235723445277e-05,0.0,0.24933135465471992,0.004011268432154216,0.0,0.24565790896282844,0.0076850276221360975,0.0,0.24182524080586798,0.004760008797889784,0.0,0.23858258274359886,0.007198462612304763,0.0,0.23608985545969835,0.0026687036045432728,0.0,0.22917336942160768,-4.0792267664947415e-05,0.0,0.25500363485902466,-4.856671670631493e-05,0.0,0.23044546951108,0.002444051214628956,0.0,0.229982908460393,0.005357994262150663,0.0,0.22803475895781028,0.0024610608705477027,0.0,0.22734155831853578,0.002141611758101213,0.0,0.22677756714092126,0.0023421355125223323,0.0,0.22639007223883434,-1.6378348014431873e-05,0.0,0.2565104104604801,-1.9077200788689007e-05,0.0,0.2230466436666066,0.0012342643329984245,0.0,0.2223932404242318,0.0037804855420004667,0.0,0.22225780714427462,0.002383590368765009,0.0,0.22217363160669418,0.001974801887475835,0.0,0.2221726463336531,0.002110145445587398,0.0,0.22209040630053362,-1.3450747600805704e-05,0.0,0.25631285723924574,1.4060322151785841e-05,0.0,0.2218851014806552,-0.0003115865759122118,0.0,0.22160742194543737,-0.002638247526498466,0.0,0.22157571462062292,0.0013886001494289298,0.0,0.22129887236403367,0.00021328313126682294,0.0,0.2212992525675736,-0.000470259794848114,0.0,0.22130076032757173,2.5856619263987296e-05,0.0,0.2543571384725872,4.0918154442619396e-05,0.0,0.22991837880727914,-0.0017123851031052083,0.0,0.22856995052736065,-0.00354201587523694,0.0,0.2284758955231612,-0.004700237608184757,0.0,0.22794606017062882,-0.0017481857405030649,0.0,0.22726733749757586,-0.0029720373712136335,0.0,0.22661287037667915,1.0526132840721501e-05,0.0,0.2508821707142984,5.0001600099067224e-05,0.0,0.2504771891973472,-0.0025579351524925267,0.0,0.2470939056642021,-0.004862327210776677,0.0,0.24664574715942114,-0.005944769369751363,0.0,0.24423912554872157,-0.007619484610127307,0.0,0.23737152641340964,-0.005539454904901352,0.0,0.22941994337567262,3.6084840345990265e-05,0.0,0.24567011336646802,2.9635145879708663e-05,0.0,0.2440692572040767,-0.0029917599130042816,0.0,0.2437461685182678,-0.007609786529481274,0.0,0.24353442985637308,-0.007030175178457148,0.0,0.24302687583540775,-0.007779009458113409,0.0,0.2399096298444362,-0.00617743819816549,0.0,0.23342418642452883,4.5298887096244205e-05,0.0,0.24000000000000002,0.0,0.0,0.23997287238712733,-0.005073666194086755,0.0,0.2399824263643498,-0.0078788249238077,0.0,0.24000789751601687,-0.007702583474018803,0.0,0.24003366515955646,-0.00793795430209626,0.0,0.24005376544148724,-0.006257056175497835,0.0,0.24000000000000002,0.0,0.0
0.060000000000000005,0.28,0.0,0.0,0.2799683634609981,0.005161637855152603,9.738887425849479e-11,0.2799662480416166,0.008501876348201948,1.8281013020988475e-09,0.27998702678126214,0.008426479589671866,2.0776127940549148e-08,0.27998290888912875,0.004920145260087639,1.1365744434316629e-07,0.27999071179760726,0.0024151208738103494,1.9887360631100333e-07,0.28,0.0,0.0,0.2862374897158799,-4.8081308651613236e-05,7.044625487288318e-15,0.2857683515598431,0.0045417738183896154,5.69425270261839e-13,0.28555622168293,0.00705958944506414,6.896188362816661e-11,0.28554839684606853,0.007175218087521292,7.488143517589872e-09,0.2842372247405749,0.0026598872175807903,8.166750395961694e-07,0.2782128662439006,0.0019031757211366521,6.178462379350837e-05,0.2753071870314426,-9.42463156773707e-06,-0.001998660738673927,0.2892722110174696,-3.523652368601105e-05,1.5232825532644631e-15,0.27796325681188827,0.0023557185112704692,1.379170374941967e-12,0.27589236729046207,0.0051076833396358585,1.9692233237779897e-09,0.2741072915404591,0.006737552393324854,6.515544836476653e-07,0.2726946482611506,0.0023340186869551817,1.5859090548127005e-05,0.27191126759170064,0.0014953208152355976,0.00018247882207643242,0.2713658975874013,-1.0276200407143054e-05,-0.004377434654545794,0.2927258394244454,-2.88348193297257e-05,1.1154712532150767e-16,0.27139237091878354,0.0012548810528622797,1.7672549688194106e-10,0.26908680887048597,0.003572331954497065,3.997041332641464e-08,0.2683386311412204,-0.0014774325983513807,2.9799246272673923e-06,0.2677210244598798,0.0013470261475753168,6.999459061325987e-05,0.26734760714709166,0.0010543480029828254,0.00034122385111985535,0.26719142743449936,-1.668806015071722e-05,-0.006902547820950227,0.29506149017804606,-1.0372676534320536e-05,1.499533565281318e-17,0.2642131107523807,0.0004626780225992549,3.4603422683963277e-10,0.263754099487594,0.002544388564238584,4.7259304216083396e-08,0.2636101173706447,-0.002175626277067818,4.273956433627646e-06,0.2634298076814392,0.0007849270943648316,8.860968173829126e-05,0.26315336413171087,0.0007867611359940842,-5.558383870998704e-05,0.2626051059845666,-2.163157795997598e-05,-0.008381991117297703,0.2950724917683897,1.913898570327227e-05,8.701462783411446e-17,0.263589329934568,-0.00010053274412716458,8.12742418821343e-11,0.26351752177791476,0.00011533950677947071,5.0480234283895594e-08,0.2634921104160964,-0.00260208441198612,5.041468570079169e-06,0.26343390473203704,7.342324215427271e-05,8.827108164248952e-05,0.26340025625985575,0.0005552778361049751,-0.00020610822499638677,0.2632505648060178,1.9373064522726614e-05,-0.008599365547049799,0.2930814828360295,3.849246189915331e-05,5.261004592732279e-16,0.2708043308946099,-0.0010503156907749748,3.903158860906538e-11,0.27067149076019675,-0.0010623080120622352,1.1582822015590844e-08,0.2695049192497146,-0.0030770635435899652,1.69657590571237e-06,0.26831841415531077,-0.0013664315872797788,6.573057534083748e-05,0.26735337530177955,-0.00017590650802456302,0.0006173398021182026,0.26704995615890437,2.7484685503458678e-05,-0.007021917058255248,0.29005453845651324,4.9893590537511766e-05,1.6703008893966224e-15,0.2753312657067746,-0.002561777048728703,4.574946547669779e-13,0.27303926153088476,-0.004172740212657246,8.974264039965063e-10,0.27177922210306754,-0.0032504605156774397,2.680472220506028e-07,0.2709285714788632,-0.0016286984041377173,7.501584541445641e-06,0.27077850033334505,-0.0014885788655795388,-4.045661619677719e-05,0.2701106252013905,3.40821657092394e-05,-0.004245375362009599,0.28633939405258413,5.237960481675324e-05,4.466584971558611e-15,0.2862557531232988,-0.005240588908765913,7.005019779355824e-13,0.2862291518248035,-0.008586057351994759,4.115952823546387e-11,0.2862218211408913,-0.0066304186195228374,1.3093048270261712e-09,0.28620351541525657,-0.0034847524611450226,3.9236804392951903e-07,0.2823001133105953,-0.002360955098049342,0.00013537050029888156,0.2741400980267692,3.491318016592921e-05,-0.002066082856368119,0.28,0.0,0.0,0.2799583590717569,-0.005663975193738441,4.571844388572602e-10,0.2799558786742975,-0.009113665073405662,6.922797000857705e-09,0.27997300823157617,-0.007522845828503025,5.644271044592938e-08,0.2799773691475223,-0.004592178152157032,1.8964392554581945e-07,0.27999163433539803,-0.0025844386264002074,2.4010887792899604e-07,0.28,0.0,0.0
0.07,0.32,0.0,0.0,0.31999002619053263,0.004563909050532702,2.954242919210197e-08,0.3200104918184267,0.0068855421668147145,1.151904731696575e-07,0.32003009088606293,0.00930804086869818,3.246053403785123e-07,0.320060034213631,0.010211426086085702,1.6562693500897819e-07,0.32007323263082227,0.007224759562681314,-6.446003410773429e-06,0.32,0.0,0.0,0.3240831188323026,-2.2549345871107974e-06,-5.627630102290158e-09,0.3238758884054407,0.004423250545157291,8.983335686345349e-11,0.3234425926693625,0.005865224588911378,6.317856788604855e-09,0.31785415927901745,0.008307942233664125,3.73028368463972e-07,0.3169409926057702,0.010179757648712248,-2.4957967253376425e-05,0.31538425885217125,0.007060103335060291,-0.0017065491461487337,0.31315018311065346,-7.801153329920626e-05,-0.00577726166715717,0.32321325955417773,2.9547199619758345e-05,-1.6527076585568386e-08,0.3079639689467496,0.0035540294951377184,6.9069044831794795e-09,0.30784454980563164,0.004164696410722222,3.0586886289499584e-07,0.3075085179569715,0.006666102553549149,-5.012051380148084e-06,0.30748320813185703,0.005669526007774409,-0.0004789125457577865,0.30647281825781114,0.0030237693573912003,-0.004910785255712955,0.30636749479134745,-0.00010684426154360338,-0.008895942801781284,0.32000092815372644,4.0016616278004375e-05,-3.770622936661506e-08,0.31913415782208965,0.0021559716418714063,-1.4757869473935584e-08,0.317415817309611,0.0029209186767729647,2.222897766325256e-07,0.31538308165722134,0.0006213855828722358,-2.8511587344509436e-05,0.3104508180294611,0.0022068502800920787,-0.0007944661942987563,0.30748182378681926,0.0004322836482721723,-0.010387504027603295,0.30354828689902985,-6.175440776658647e-05,-0.012137739539933886,0.3140158756540562,-1.286166957488705e-06,-4.5004794718058416e-08,0.3117794356607022,0.0018823201743605284,-5.911175728404232e-06,0.3071721031139055,0.0007803514062598379,-8.790299723869895e-05,0.3052136461163705,-0.0006987979601425044,-0.0006696988566071991,0.30416259255731953,-0.0005952919500864062,-0.004161981723831355,0.30307119272606214,-1.8208635762847952e-06,-0.01407702851385875,0.30191305216292474,-4.778737302548776e-05,-0.017719345176836244,0.3127977059044825,2.647701209229595e-05,-6.083252490952825e-08,0.31175727379112184,0.0008462414271833726,-8.146176093791571e-06,0.31114351134321916,0.0002530930068623166,-0.00012563519097268436,0.3097101985110955,-0.0010969398870308788,-0.0009366577188901999,0.30906777203341096,-0.003393287276282465,-0.004917163130200729,0.30477456302011,-0.0015962088459041195,-0.014520912922801938,0.30326605035894355,2.0518107171366297e-05,-0.01802671177883469,0.3203370417452698,-5.719791448254134e-05,-4.042015534791987e-08,0.3189000034307944,0.0005402333777583724,-9.328412816504439e-08,0.31834200559446835,-0.0032044042845529768,-6.540871434987721e-07,0.31722771405103706,-0.0022882301377047816,-2.999754569979548e-05,0.3123861623003668,-0.003983990774367075,-0.0006877443581340754,0.3090415112646871,-0.003447728751568164,-0.010633113054305797,0.3049355469841681,2.8674998177174854e-05,-0.012357410703680578,0.3231268874280388,-4.2969643926096257e-05,-2.8198740122638075e-08,0.31004563235348426,-0.003282965256355389,2.3644916787358625e-09,0.3091444928466216,-0.004156524123299749,-7.67416070296131e-09,0.30906949068958034,-0.003803459887521566,-1.747544197325507e-05,0.3089367956558384,-0.0041103634787853695,-0.0005738529150031468,0.30876336225094914,-0.00407796059554232,-0.00536379283916979,0.3086588026343299,6.281044667649658e-05,-0.009459104306007377,0.3229635746392785,-1.2888042122567393e-05,-7.365801913057837e-09,0.3228703720023332,-0.006412475465010492,4.063647700888638e-10,0.3161227131471596,-0.004483250795002743,2.187255149277204e-09,0.31596151370797265,-0.007205627843814945,7.522692909969262e-07,0.3152359929702709,-0.008319696663423559,2.076458853931208e-06,0.314667791164311,-0.005178410225930576,-0.0015855151575524956,0.3145488585322177,4.325399931628874e-05,-0.005620462322761197,0.32,0.0,0.0,0.31994115833317577,-0.006655962489700808,5.2607140672809454e-08,0.3199658567380356,-0.008236478370601139,2.0900983338319323e-07,0.3199932215567902,-0.009496240667113399,5.71636331801858e-07,0.3200228544518066,-0.008912629839038011,5.137061757095023e-07,0.3200252822728429,-0.005265989602022036,-6.451699188809076e-07,0.32,0.0,0.0
0.08,0.36,0.0,0.0,0.35995578631344,0.0057767858954992455,-5.098642520825267e-06,0.3599740283414025,0.007238479063057908,-9.701436450786344e-06,0.35999593053866685,0.00811903859501922,-1.564616989095702e-05,0.3600154800202483,0.006769672187498442,-2.3419210485281657e-05,0.36003416747310113,0.005333624554771499,-2.7199473439705552e-05,0.36,0.0,0.0,0.3667570033352051,-3.371419590767368e-05,-4.5640063942302545e-10,0.3649874220292001,0.005475945886404422,-1.1465206079568503e-07,0.3627805907737017,0.006637700347108991,-6.605812317524908e-07,0.3613302517422529,0.006611504843117013,-9.241000330569318e-05,0.3594786695378753,0.004118530817135347,-0.0013643063210615131,0.35822113254576754,0.0050784161050243855,-0.002702499821085538,0.3539013583993065,-2.3881028607569815e-05,-0.006024906795394014,0.37291495940469604,-5.084325384243767e-05,1.2380594328692462e-08,0.36774385910251906,0.005322992419973229,-5.360800329594111e-07,0.3618937495152565,0.006567286008281369,-3.0385626354457065e-05,0.3581739818556919,0.0010106673530383165,-0.0005368857638108166,0.3552468415593036,0.003844800652258083,-0.0032728991398900853,0.351174642214775,0.0049141060010478195,-0.005730738015012096,0.34761776013737655,-7.543281757903237e-05,-0.012884815000621238,0.3776694058565877,-3.829131129911697e-05,5.228844655466011e-09,0.35109291240314283,0.0037452391967379853,-8.377139190312006e-07,0.34892022934414546,0.002247458794261146,-1.5505576597225398e-05,0.34772031776137946,3.585505425954608e-05,-0.000531773489891762,0.3461062903689383,0.002202898159381263,-0.005246389277262509,0.34558637601980885,0.002796138791839864,-0.008379031533252593,0.3448017811385963,-5.621498661445032e-05,-0.019486815426120612,0.37966118741986293,1.0541858824612024e-05,2.095506345860707e-08,0.34278243084616694,0.0028699025542707314,-1.7903776747066767e-05,0.34275561252431697,-0.0006307443986155979,-0.00029570293266640505,0.3424654702202105,-0.0010224864606858104,-0.0020937700405815767,0.3423237261606692,0.0011823865613063195,-0.007317941887698166,0.3422429088535862,-6.422895863710708e-05,-0.013430587464216465,0.34175088348375166,-5.579828040261341e-05,-0.02664774843469411,0.3793690646667345,6.711877203396659e-05,1.2135814130381843e-08,0.3435898796926081,0.0013893498600830115,-2.5544932058874794e-05,0.3434131383284397,-0.0019080776904727551,-0.00037449760977238135,0.3425217263840569,-0.002306654308687528,-0.002289007719024055,0.3422755147119958,0.000586938005406315,-0.007543841222369689,0.3421237205068633,-7.580843189634428e-05,-0.013780728708076137,0.3416889227206154,6.706341113610859e-05,-0.026648193568255808,0.3800971021451681,0.0001228836188206557,1.7284144410524938e-08,0.34889630819718864,-0.00021800996256593204,-1.1576273966660034e-06,0.3481294471293371,-0.0025172081380891585,-1.9499360571408232e-05,0.34586088300004214,-0.002705203741183541,-0.0004744055853928901,0.34478013211225583,-0.0012868370048886562,-0.00501021090922167,0.3447309896808142,-0.0017862770399255088,-0.008505376030319175,0.34417965042165505,8.059568697114118e-05,-0.019663541433530274,0.3739534410357696,0.00010321410500303825,1.189931880094835e-11,0.36313883232904925,-0.0028832054670275046,-6.362848441036763e-07,0.3619686704166473,-0.004506407671335828,-3.381948841639161e-05,0.3603759683967003,-0.003796286290111168,-0.0005994501295910859,0.3550640277208721,-0.002482901372346645,-0.0033632713173816072,0.3529872711920645,-0.00448084503139641,-0.005464641283268198,0.34674913841153765,9.466374180003344e-05,-0.012772228618446546,0.36914449106113756,0.00011256781211084713,2.654650011931303e-09,0.3668625896988199,-0.0033597085061713235,-1.9850617801309397e-07,0.36586631397882097,-0.005510211797543558,-5.5572424576433665e-06,0.36411609070461126,-0.00590776069601376,-0.00015310753437548764,0.36211775063290325,-0.003258591215915584,-0.001524825436589845,0.3606665618541964,-0.00463163173357527,-0.002999594157457898,0.3533072482315785,3.631561032533184e-05,-0.005902996246354197,0.36,0.0,0.0,0.3599919801566396,-0.0035274084886922,-6.460611120673942e-06,0.3599965744669213,-0.006106038408770271,-1.0818204243881157e-05,0.3600121707036163,-0.006864086838139612,-1.773063175666377e-05,0.36002877584108134,-0.007383335370901843,-3.857721332362843e-05,0.3600365644463937,-0.005190506383843918,-2.91936879606139e-05,0.36,0.0,0.0
0.09,0.39999999999999997,0.0,0.0,0.39998017918515927,0.004458577499610981,-8.833744105559106e-06,0.39999810377651085,0.0056566669128989356,-1.6328085272034036e-05,0.400018764510845,0.005999402298703942,-3.199377066337785e-05,0.40003532305379774,0.007361199212504382,-6.817000733256571e-05,0.40005259085466677,0.006013461890420515,-6.560163977830139e-05,0.39999999999999997,0.0,0.0,0.4087153850698724,-0.00010604251612136042,-9.447702949038235e-08,0.4086584284554001,0.004287741142069217,-5.2571553189641e-06,0.4084094319428567,0.004570937632365143,-9.859799652515487e-05,0.4083869531486044,0.003995044769922309,-0.0008623403835864631,0.40496022048896757,0.006475373918126452,-0.0018833825609479676,0.40156551971210447,0.002384853318829445,-0.00480012679427131,0.39539758661545327,-4.964579422732584e-05,-0.009338378779385384,0.4136365662688262,-0.0001079527031265437,-1.3969499319111926e-07,0.4136055290200972,0.0021477690167751116,-1.2204978745408525e-05,0.40873054025385763,0.0031858743541885418,-0.00026145542255338097,0.404254437339437,0.003923571214378366,-0.0018560023830035619,0.39916937034557753,0.0048463953184636165,-0.003886349191530739,0.3948925258261955,0.0021490191863049093,-0.009918339934875753,0.39147393458877516,-5.567561640707113e-05,-0.017763783038787905,0.4136404333084106,-5.956423286880513e-05,-5.0776197319538684e-08,0.40354411835390336,0.0009224578618942632,-6.837610778197517e-06,0.39410713912646245,0.001566398369308909,-0.0003092981804066312,0.3931800141176995,0.0035135049395216182,-0.002837966338929055,0.3929630352803818,-0.00048091252054981317,-0.005632017535222688,0.39008028138145495,0.0019137333346237444,-0.015880219435478217,0.3887588657412441,-6.516024906296626e-05,-0.026778856185199734,0.41213330552647437,-1.7645549732842985e-05,-1.3042814838714677e-08,0.38984293629742645,0.0003360138345725703,-8.055144144858652e-05,0.38794324624635884,0.000697995018028707,-0.0009876443294426138,0.3875917718612025,0.002569503276105895,-0.004159631600880452,0.3868728797228127,-0.0014678961366733393,-0.009427680877445652,0.3865178777223505,0.0010858440989458598,-0.020193111098941164,0.3859241393910794,-8.315635168115943e-05,-0.03593198744457006,0.4124758747807578,2.7439690229434754e-05,-1.930647663306672e-08,0.3877150238616971,-0.001487830750302072,-9.618374324394581e-05,0.3872699571863194,-3.690003301068497e-05,-0.0010430865175884842,0.38722429906714956,0.0012495429163588748,-0.004255019517868803,0.38695070672202114,-0.0024618932524094602,-0.009614145288883266,0.3866711871296565,0.0010208162593711436,-0.020107305559226282,0.38612863309986906,8.310012635405612e-05,-0.03597859860538549,0.41386596144998133,6.930701414054699e-05,-1.0037198286492309e-07,0.39489546462013436,-0.0022051309261773944,-8.296591577677354e-06,0.3943455613014341,-0.0005143272440264775,-0.00023701715984877548,0.39258721043374506,-0.00012047655295537512,-0.0027118259061882444,0.3919587975206062,-0.0033185777118268224,-0.005798271726946935,0.390226161013389,-0.002669758943741357,-0.015371860939182715,0.3886051793438694,9.33078626378392e-05,-0.027501158163906476,0.4145053515444357,0.00011494996762265615,-2.454993954925597e-07,0.41435526282667734,-0.003397420015990159,-1.577537521467858e-05,0.41422671563277913,-0.0021619347835401424,-0.0003020600862443626,0.4014313039014603,-0.0053339471519907285,-0.0020413073708513353,0.39639126768165406,-0.0041947907834205735,-0.003678449016348238,0.39452772962378846,-0.0053419807007947925,-0.010352846249415636,0.391927859946257,5.0234021710082036e-05,-0.01776547486879462,0.40677140672521805,4.329519799397117e-05,-1.316036733455925e-07,0.4066921652172099,-0.004305687679160471,-7.724738016432032e-06,0.4059967588584971,-0.0032479033041715533,-9.167057414927753e-05,0.40512173667308776,-0.006900120081528426,-0.0009083176178955791,0.4043093254651762,-0.004750920533250354,-0.0019582668330785755,0.40131042789475063,-0.005631936564079544,-0.0047148010158068986,0.39578563964376734,1.2778224977607518e-05,-0.008441873316288939,0.39999999999999997,0.0,0.0,0.3999714597231541,-0.004940702254958025,-9.235522803359027e-06,0.39998450029230453,-0.007114264047588588,-1.899235823030092e-05,0.4000046741194255,-0.007522738649956657,-2.938148150500221e-05,0.4000220213149267,-0.0063407636478248685,-4.7016415238030455e-05,0.40004192473434264,-0.0056937082224027555,-6.497349789877535e-05,0.39999999999999997,0.0,0.0
0.09999999999999999,0.43999999999999995,0.0,0.0,0.43999368497465635,0.0046539796334005646,-1.4639611714197117e-05,0.44000442318162764,0.008258527520247088,-3.490149660963397e-05,0.44003969871091064,0.00929653871345645,-6.903800615102228e-05,0.4400738338709368,0.010530973318243436,-0.0001228809220899477,0.4401009818777544,0.008293455285786596,-0.00012937613004888264,0.43999999999999995,0.0,0.0,0.44736631019091594,-7.469260034241063e-05,-7.691222849080716e-06,0.4459203403920849,0.0037985312537283404,-1.9770500757679987e-05,0.4425169929536305,0.008185647051290925,-0.0003037894808331383,0.4408078233708734,0.004961826346812038,-0.0011103391547173226,0.43838767267665507,0.008902959453092744,-0.0031070900910489985,0.4374846507099314,0.008072600285766588,-0.006169870719355931,0.43577621486291224,-4.3086463448146586e-05,-0.011071952291486815,0.44646407900288265,-4.3900058793033874e-05,-1.5918989955949446e-05,0.4336252605652371,0.002948355686836179,-3.533953824315655e-05,0.4322015725056283,0.004219041756294158,-0.000528124445650844,0.43215870652503946,0.004071945738328367,-0.0022897903434036817,0.43169528561281334,0.005797154439943748,-0.005948416635596376,0.43148159276222986,0.003659868510706833,-0.013105804997947315,0.4311607802833423,-7.499775415237414e-05,-0.021740725812507862,0.44532102304237264,-1.4515003181125896e-05,-2.6855846414990962e-05,0.44238982034725516,0.0025029980525436498,-8.774636493923069e-05,0.4399081932816968,0.003832761786555792,-0.0012003519878254988,0.43815339560400385,0.0036961128269110397,-0.003760709492171069,0.43527737192071236,0.0030455024099055768,-0.011355319863753823,0.4322046184308324,0.0028927711506563755,-0.021265033291013476,0.42754833177932966,-9.065584087211995e-05,-0.03242090540140253,0.4402342406704261,-3.246495116058208e-05,-3.438156272147438e-05,0.4360106721186529,0.0008519484738009299,-0.000658677128448183,0.43166465452024716,0.0013713040729607668,-0.0027003059201761775,0.4310664571082937,0.0018260832341769964,-0.0075927914223493905,0.43051171387737014,-0.001974404923608344,-0.016459164853836163,0.42835611850213123,0.0013923014666449068,-0.02961311833529347,0.4253996370209736,-0.00011221878383980769,-0.04362326125646851,0.44181248491769975,-4.528327501236943e-06,-3.5549742258099936e-05,0.44044333028381716,0.0007291543216781643,-0.0007176725065071771,0.43949584277253123,-0.002459916045963277,-0.002991886000390273,0.43671094920164777,-0.0014919955339210095,-0.007962807503201136,0.4361089969215893,-0.004309929034813168,-0.017654451647468837,0.42717862951596547,-0.0006095987905737138,-0.029101694125770305,0.42588918820719607,9.99158671730115e-05,-0.04371322938684429,0.44620753010799874,-1.0472691021506796e-05,-3.010494391355016e-05,0.4430509714035719,0.0003535070157075576,-7.030461876422677e-05,0.440247424448581,-0.00563976592153824,-0.001186965487150118,0.4382038949815471,-0.0018057553877737827,-0.0037436340972592064,0.4363060125965347,-0.004509098006739088,-0.01123374017384851,0.4330920669692868,-0.0013154815519571795,-0.021697249700506543,0.42858798238814294,8.125100048809292e-05,-0.032676255357284,0.4470583065705124,1.934585493775492e-05,-1.741084510840364e-05,0.43343288760597903,-0.003760891212965659,-4.462724217442833e-05,0.4326680912034306,-0.0061245258970065485,-0.0005786487281451845,0.4326465853936011,-0.004196031601083995,-0.0023875853729564433,0.4321775865874362,-0.006588723524007242,-0.006054585629305711,0.43202414008485435,-0.004716567907826225,-0.013322224558755513,0.43166023986386565,6.54602003765213e-05,-0.021793367866604355,0.44651895015170834,5.0773882556816775e-05,-7.457497304156775e-06,0.44576018780556587,-0.004895304907907846,-2.3046871351145117e-05,0.4444069003626195,-0.006943092520765983,-0.00032700274526629427,0.44114946710571706,-0.006856369948103529,-0.0011599885348966977,0.44055323618345416,-0.006868835781927101,-0.003168816517920267,0.4375123579796256,-0.008021694517071888,-0.006336771648747877,0.4359143066940741,3.4321849085677215e-05,-0.010962329943595618,0.43999999999999995,0.0,0.0,0.4399815874586771,-0.0051439322780658025,-1.4086386942105851e-05,0.44000641334498564,-0.007345670584829406,-3.3200779386421674e-05,0.44003964249184135,-0.008042673164668763,-6.324820139876095e-05,0.44007133860438774,-0.00906603117691984,-0.00010789743892117801,0.44010532128340174,-0.008330159902064574,-0.00013661637350987203,0.43999999999999995,0.0,0.0
0.10999999999999999,0.4799999999999999,0.0,0.0,0.4798985448792116,0.008334482258380332,-3.874728205021669e-05,0.4799353291813816,0.009013817508619933,-6.746761360426882e-05,0.4799720633325557,0.008316166945929196,-9.836738845668265e-05,0.4800099671956178,0.00832735244845421,-0.00012787210461430895,0.48003954618321476,0.00621652755075951,-0.00011177816409665453,0.4799999999999999,0.0,0.0,0.48635100475537735,-3.858796294493411e-05,2.9204911531568313e-06,0.48602111277444887,0.008248521574297743,-0.00013218810448805107,0.4855765740599776,0.007701958858814737,-0.0006864381794100465,0.48336011929741524,0.006294321449756849,-0.002034588283451691,0.48219138382899573,0.003835554216407628,-0.004294185946083425,0.47835961782376196,0.0045310117432245155,-0.007900168996072788,0.4773777990045141,-2.604990743404235e-05,-0.012736195777336033,0.49193914260864346,-5.9354722635450707e-05,5.697578094824934e-06,0.4873475270967392,0.0013819566624789568,-0.00015163501603752407,0.4859561713280299,0.0038798110074917532,-0.0012068966082381912,0.48126300634590446,0.005186071535445954,-0.003932312812809595,0.47638210212722176,0.002810765196291933,-0.009300267528130922,0.4748792814645049,0.004123896063039175,-0.015326714071909699,0.47342705671899304,-7.229639191105421e-05,-0.02552520316983807,0.4964842704787629,-5.802031681499933e-05,6.945470204111087e-06,0.47582309601236367,0.001095809166594999,-0.00029147762902486285,0.4735477525866362,0.0008569463067547432,-0.0017825910519126134,0.4730202002676799,0.00023636241161070648,-0.006122059241261869,0.47227692686248374,0.0010437515253748403,-0.013759046776835971,0.4714256864136696,0.0035644782228998976,-0.024126818074066227,0.4705143125389984,-0.00011548696462445616,-0.038505711775946604,0.49934427338092546,-3.0033095392183283e-05,6.534182341688447e-06,0.4721444075908114,0.0007461769086349351,-0.0009186526876721042,0.47065230632937716,0.0008182225474795787,-0.003886759051624203,0.4700699459197288,0.00012746343516214042,-0.010179717079189054,0.4696309240403227,-0.0005621781068365134,-0.02010225611893912,0.4684102540372263,0.0033253665498640325,-0.032671563063035716,0.46743994866853905,-0.0001502844008584202,-0.051287577781616425,0.49920208167371566,1.4385828043364316e-05,6.3364391696275e-06,0.46969703096476617,-0.0006312600946166007,-0.0009336381157706577,0.46912433999401437,0.0004525479000833161,-0.003930386273801736,0.468151113882436,-0.001703658293982353,-0.010191294161431505,0.467629793896874,-0.0010438733371355255,-0.019711909591817785,0.4672059020628254,0.0031403156812619295,-0.03286052232208201,0.46647583666039566,0.00015969844302066258,-0.05112222023778485,0.49692916386214014,5.082776504514805e-05,6.97650024932758e-06,0.4814516342935527,-0.00417535569654876,-0.0003071904332093695,0.4764578688887795,-0.0008819861604928823,-0.0018345446349522835,0.4763435877311057,-0.002694747751951936,-0.006368226450704148,0.47396239767154097,-0.0033246757181361166,-0.014200938905215304,0.47091658157912314,-0.0008570487014615694,-0.024129248682039472,0.46870095716257354,0.00012760705019139606,-0.03820293773552703,0.49221662546519024,5.3374748054716594e-05,5.673247898136141e-06,0.4888112580396366,-0.004425038985262449,-0.00018319365499123378,0.4857894429567852,-0.005820018159706867,-0.0012827340007827692,0.48340352001892223,-0.005200878317706231,-0.004027840079690628,0.4776602277846807,-0.006451708224149833,-0.009444774363079349,0.4742539607741268,-0.0059963044139351735,-0.015385390002624753,0.4723244162140606,8.271186145842051e-05,-0.02534533319645896,0.4861953283911446,2.8162882482581303e-05,3.3130738911418182e-06,0.4856253156378976,-0.005034363728278028,-0.00014434274293630514,0.48306523189065703,-0.006781287251589294,-0.0006702787976766887,0.48094848401316853,-0.006092111203711089,-0.0020474991490905853,0.47988041926858543,-0.0067606750983540955,-0.004425962454836917,0.4787442842690862,-0.007706890128074535,-0.007965245762354144,0.47535760565209834,5.455100504759838e-05,-0.012690254728227402,0.4799999999999999,0.0,0.0,0.4799606453676575,-0.006087340541953126,-3.4982971078449475e-05,0.4799927819952238,-0.007196171162824004,-5.914997237818436e-05,0.4800267129934824,-0.00676515962935665,-8.175287104716402e-05,0.4800583929310958,-0.008067859538341226,-0.00014395782388074773,0.4800936821608466,-0.008033884977832414,-0.00018797077986502998,0.4799999999999999,0.0,0.0
0.11999999999999998,0.5199999999999999,0.0,0.0,0.5199843940722592,0.004878209521771599,-5.450671768159072e-05,0.5199768012536793,0.009333070771122307,-0.00012462921643292572,0.5200005723179504,0.011312671138774084,-0.00017434170212541608,0.5200236397626771,0.009300836530412672,-0.0001455010163496017,0.5200012571052482,0.004044138454999131,-6.101544032838488e-05,0.5199999999999999,0.0,0.0,0.5235637998682999,-2.025239268744457e-05,-5.97139953970928e-05,0.5232364653256809,0.004775564604107638,-0.00021941845151095596,0.5230261049266236,0.008377244239269074,-0.0010204775406427206,0.5197075931879219,0.009251676434180865,-0.002709812279518298,0.5171471111297891,0.00894822883897613,-0.0055256300544735066,0.5157440431703009,0.00344282205462276,-0.009144447538355483,0.5156093613341076,-5.530345610345708e-05,-0.014373803774420357,0.5245329948569902,-1.7606852928237255e-05,-9.257311795016036e-05,0.5166346790703505,0.004504102989158841,-0.00029985515603714135,0.5148762655175485,0.007730813770461151,-0.0017567845439880588,0.5148106303030119,0.004334123585784618,-0.005296933707626707,0.513641232796228,0.008033317815934164,-0.011002205217771649,0.5125654506200018,0.0032072674247132175,-0.01953505682346393,0.5122398476139245,-0.00010074549476261032,-0.02885115423344228,0.5260291954825324,-1.6938499979064687e-05,-0.00011105148513203383,0.5176712127105169,0.0015732714835110326,-0.0006113938069735763,0.5176337853053362,0.0023583889916296524,-0.003148583420984761,0.5167780896787981,0.0034609757060289573,-0.008699086290450775,0.5160318599643895,0.007898398953039615,-0.017659763135707593,0.511889598974823,0.002064067792089767,-0.030618896742542694,0.5089089073688392,-0.00013066528271657674,-0.0430624042561672,0.5258269422390435,-1.1778438156913368e-05,-0.00010944048723637754,0.5245677708168528,-0.00026070818861853356,-0.0025353644033508384,0.5226101968854913,-0.0012644715801343866,-0.0071928355524572395,0.5218067042676061,0.0014931885720039586,-0.015304408150322567,0.518480525172102,-0.0037343505059500314,-0.026657395739949276,0.5174486416947336,0.00033955562122784646,-0.04100876160209489,0.5049933936147778,-0.00018540746329282647,-0.057574331467556084,0.5254783117891713,-5.995376364781499e-06,-0.00011500534805512942,0.5203891553560533,-0.0013054207159551897,-0.0019338271273180957,0.5161221424977117,-0.0029180211304817615,-0.006285535922687337,0.5107547621758621,-0.0006591976070581983,-0.013782034602544443,0.5065212483912334,-0.004998084384524488,-0.02473108422466864,0.5055954732072321,-0.0016861477267306484,-0.0396142006603554,0.5028655701116966,0.0002209173897872365,-0.05723364774819715,0.5240562827236249,-4.283241798566015e-06,-9.474478992920718e-05,0.5148031311387053,-0.0036647954210594818,-0.0005836017679369318,0.514487429368277,-0.0030691752407351423,-0.0030127061753129234,0.5122435749385357,-0.0019180222066022999,-0.008495563153838828,0.5100046077435954,-0.00534807342400735,-0.017063649701423357,0.5090755504757833,-0.0035024605488504566,-0.030092460430725033,0.5071474902812515,0.00016863662068535658,-0.042971987897335404,0.5225005414878102,-4.487723349959615e-06,-7.710439220493788e-05,0.5140586047099082,-0.004128287981164704,-0.0003158654804570232,0.513018370773075,-0.004026348292485638,-0.0017923614450175824,0.5127679588702505,-0.004582297841950809,-0.005237508432940935,0.5124975224016262,-0.007294847368684968,-0.010900196350111448,0.5120912115228778,-0.004335606598964012,-0.01926374609036452,0.5118138563333866,0.00011113834527326612,-0.02874147013010848,0.5212620699871487,-2.4922569825162313e-06,-4.851698576110624e-05,0.5210420559101498,-0.0043637650231993326,-0.00021996940210185703,0.5206029150949281,-0.007610372232210969,-0.0010221500781414433,0.5203566362318686,-0.008513281145184898,-0.0027340254711801263,0.5188650258369941,-0.008680597516508891,-0.0055348412332535445,0.5178510571134503,-0.005888941781703452,-0.00934143673053087,0.5160948206295448,3.893577307524516e-05,-0.01414248369511659,0.5199999999999999,0.0,0.0,0.5199930815073077,-0.004392011000921517,-6.460489281155392e-05,0.5199914408932744,-0.008453178893684746,-0.00011951580702334383,0.5200159268707929,-0.01038778985475509,-0.00015201251341399066,0.5200490092496746,-0.010195817980210041,-0.00015076058393238335,0.5200536741802994,-0.006507209471019217,-0.00011005827412250358,0.5199999999999999,0.0,0.0
0.12999999999999998,0.5599999999999999,0.0,0.0,0.5599655864854683,0.00556430006887678,-6.18875663313849e-05,0.5599910340676931,0.006414931244506365,-0.0001247548615708939,0.560013878199989,0.00798281114296246,-0.00018405300903799246,0.5600386724093623,0.008830248907369217,-0.0002218897819016789,0.5600512299175734,0.006222249661051228,-0.00015985626806077095,0.5599999999999999,0.0,0.0,0.5665141415053806,-4.2738426256572834e-05,7.335518183848301e-07,0.5662288690302939,0.005483467698052391,-0.0004556685758775682,0.5662216426402016,0.00528824164210069,-0.001601624605146349,0.5657001702559353,0.007313356892126602,-0.003780932500366742,0.5650316431420345,0.005239501106904308,-0.00679484107841278,0.5616726055246133,0.00572144823351856,-0.010802342009066952,0.5560403394123492,-7.826414510002475e-05,-0.01613366810319989,0.5724427606694836,-7.119441123978803e-05,-1.4036594490982626e-06,0.5722294459090829,0.0025433835824428797,-0.0006630148956803164,0.5712662425675066,0.004209707508585267,-0.0030770402885058885,0.5666703865448387,0.004822162700661531,-0.007507845009792425,0.5643745849381071,0.004954502180928942,-0.014564895084956729,0.5600843626318146,0.004186188840176998,-0.02135691692902364,0.5526726512148132,-0.00014705146250329774,-0.03224703923786069,0.5765049308302078,-6.001767599551956e-05,2.748970210747241e-05,0.5600097611664285,9.708257699718949e-05,-0.001110325969933938,0.5572420225320432,0.002538909016571579,-0.004544585006997722,0.5570259612605704,0.001729730122422932,-0.01121738981704517,0.5531372076596865,0.0045255768536216915,-0.0217516033511883,0.5510263186056519,0.0035880201160781913,-0.03274123102103804,0.5496606826254608,-0.00018414458798878447,-0.04795936493438443,0.5779420680390303,-1.921369504907457e-05,2.744949635500118e-05,0.5518660558973779,-0.0014461354461846323,-0.002987804683202982,0.5505659106166042,0.000446304664061462,-0.008496353603366655,0.5500317881291853,6.155302925712505e-05,-0.017246510716192782,0.5491697961212784,-0.0003431456752126605,-0.02848789763603276,0.5484174276051526,-0.0007863365889352578,-0.044540319371752804,0.5470888043512572,-0.0002459740584124506,-0.0641222322720778,0.5775330232452304,2.2908316606606615e-05,3.62343994143683e-05,0.5520902944232388,-0.0020465586802649793,-0.0024954806669467296,0.5515398726280213,-0.0012766836783621094,-0.007798235192917007,0.551029509450563,-0.0015313525967966869,-0.016475644723919155,0.5493247295798557,-0.0017578231567683064,-0.028222559379760488,0.5486743054579555,-0.0017326083914665316,-0.04421495740003093,0.54785005688622,0.0002287413656807777,-0.06423573461309219,0.5768266491698503,6.671866594013953e-05,1.6264682156703295e-05,0.559282471226314,-0.0026318419056391646,-0.0010589954863628646,0.5586538200267627,-0.0035378241725333476,-0.004583280945906034,0.5573386158704539,-0.0028381839854321553,-0.011228665978430629,0.5565412775395473,-0.005059963501235372,-0.021733674173669226,0.5532363345838386,-0.002930630948244561,-0.03258687004293483,0.5514458381599139,0.00016472098417879508,-0.04816784803185926,0.5725685239368149,7.547312923995239e-05,2.9781511991042064e-07,0.5721180971171841,-0.00303949333201414,-0.0007102225701597314,0.5717297440829433,-0.004601391427406674,-0.003146784621012333,0.5710911912361825,-0.00540175554538953,-0.0076432410318315325,0.5693071489099197,-0.007968832195427105,-0.01454522664969813,0.5591654708906593,-0.00379571855881058,-0.021528258783311348,0.5544417339097155,0.00010230913112306846,-0.032031094057081315,0.5676161699149138,7.124811722907154e-05,-5.9920909210927e-06,0.5670480885399575,-0.0031429081508205442,-0.0004532048446331102,0.5668891783905656,-0.005066554845206678,-0.0016449489278708362,0.5650536577340651,-0.005842662823809077,-0.0037398239118074826,0.5647171639044911,-0.008358784938582999,-0.006982610218917969,0.5627055794993024,-0.005385680444580335,-0.010788588810939501,0.5571736287928069,5.825039977811062e-05,-0.016115575855102336,0.5599999999999999,0.0,0.0,0.5600048671126093,-0.003583554326133127,-5.2901119871461024e-05,0.5600272202727123,-0.005621928080766198,-0.00010164813299349263,0.5600514132832978,-0.007341554883992189,-0.00016974488227635822,0.5600603504810471,-0.010595196145464553,-0.00027397685222357567,0.5600599844424403,-0.006707534938207949,-0.00019516239607220612,0.5599999999999999,0.0,0.0
0.13999999999999999,0.6,0.0,0.0,0.5999573028511183,0.005977828851147623,-7.134166012689941e-05,0.599961401412639,0.009487402516993352,-0.00014261317849405947,0.5999893375275268,0.010281682238965627,-0.00020840442182535961,0.6000062118171818,0.007818791105071419,-0.0002042694239980439,0.6000175840831435,0.004814185028261266,-0.000152662969589682,0.6,0.0,0.0,0.6040834478945313,-1.8607920306317583e-05,-0.00013093784851856896,0.603844074889418,0.005515128046969697,-0.0005995553886523282,0.6037011262733797,0.00875154111539938,-0.0021021589983933947,0.6004198274372526,0.007231853444172634,-0.0044822883452703185,0.5998597221544139,0.005742221820410195,-0.007826524339429373,0.5997334266258127,0.004493152759131068,-0.012195504869613346,0.5968875834382104,-7.106147274335598e-05,-0.01733737997917088,0.6047675866819324,-4.9323955007552025e-06,-0.00021300325512915632,0.5991810858599801,0.005231690080834498,-0.0009834386460024164,0.5988788749045588,0.004799961563876842,-0.0038590605584552682,0.5976154093131512,0.005613432897994228,-0.008918797576457579,0.5949249835342627,0.004335164712098898,-0.015810649192897354,0.5944654729812192,0.004098260729104067,-0.024961634836151027,0.5942287337793086,-0.00016026095634392822,-0.03502188963958464,0.6079274347935736,-9.426035603984878e-06,-0.0002868220483148985,0.6044515453090926,0.00510822008595402,-0.001998617568044835,0.6032173215984825,0.00342383967143781,-0.006402587434320089,0.6021986299177184,0.0012892617468632892,-0.014442728473180611,0.5993713412757377,0.001598185546116165,-0.024345428373991604,0.5958753756366912,0.003627844335313332,-0.039656758973940026,0.5916753132859078,-0.00023734909467076922,-0.052541329903011955,0.6083212170761698,4.40164609249462e-06,-0.0003642064056343156,0.6047873789941235,0.003780261035127746,-0.00456279386250544,0.6036402766416663,0.002415603885913939,-0.011885707475309929,0.6020968225245625,0.0003314702921734413,-0.022064108873775003,0.5936384599369298,-0.00013877956607077755,-0.035428595179004554,0.5920560548947044,0.002973846771978282,-0.050561072994087845,0.5882967818399855,-0.00031392012772818494,-0.06991348342891526,0.609256288628079,1.776332688455252e-05,-0.000369097884336665,0.6081179580169763,0.0037539076159461985,-0.004734547835862522,0.6060566772552617,0.0010077055901069895,-0.011878534384363182,0.602803470589648,-0.0028997891106848158,-0.022233259654754315,0.6003541093841414,-0.0005602136724016152,-0.03614012507752258,0.5991072664949598,0.0026843647238715034,-0.05113118055372969,0.5918463284853922,0.0002248979145713671,-0.0703899324527628,0.6096156497598147,3.18530656361986e-05,-0.0003096063903135796,0.6092930617020865,0.0037129206011009192,-0.002042737772933679,0.6056998606023244,-0.005386428605552954,-0.006573757784518517,0.6035944045367081,-0.00332635277929788,-0.014476051404342171,0.6022708104291484,-0.002114679886708318,-0.02433722688564873,0.5972414443811653,0.0023485127756400067,-0.03968636127837404,0.593548673693774,0.0001731846375630502,-0.052808404530217734,0.6063383268450765,2.5098978308332676e-05,-0.0002405718641450579,0.6001864209158452,-0.007603912080154311,-0.0010291085350157326,0.5995003395842375,-0.005541094239029695,-0.003926307573436174,0.5988395132850399,-0.005558865386175808,-0.008935394633994549,0.5983408599366923,-0.004757865601693818,-0.015887925115015647,0.5968096003429116,-0.004471861280832761,-0.02513088161377249,0.5953338385408457,0.0001201989280697861,-0.03522645369022008,0.6050590184439988,3.7151777283452084e-05,-0.00014448430599129676,0.6032275368695307,-0.007657587901702868,-0.0005991834482256446,0.6032179513972409,-0.007101603740546754,-0.00208523331005436,0.6025294993619443,-0.006573727031104427,-0.0045446767413034024,0.6009274875814101,-0.008302263763737758,-0.007907926216434288,0.5987122947204252,-0.005043930473008242,-0.012209818174010704,0.5974460564613208,5.6430488401594666e-05,-0.017535975821297286,0.6,0.0,0.0,0.5999223623849506,-0.007705622543692795,-8.555973073537526e-05,0.5999457876526922,-0.010640188595787367,-0.0001636055739250959,0.5999842865606597,-0.011669445333578282,-0.00023722908263845797,0.6000182054794911,-0.009913380408736426,-0.0002507070353274803,0.6000195447633385,-0.005458441858706866,-0.00016319794869240652,0.6,0.0,0.0
0.15,0.64,0.0,0.0,0.6399492935268773,0.0061805039553933,-7.84663543873922e-05,0.6399663926251921,0.008249162427769343,-0.00014105422171965674,0.6399915602877103,0.008773436403081527,-0.00019023725112064983,0.6400156517651527,0.007667254588661551,-0.00019453240046534323,0.6400283893435471,0.005179641810115753,-0.00015887277421296683,0.64,0.0,0.0,0.6401656046758498,2.3445284986947408e-05,-0.0001670229390275317,0.6400695125100395,0.005782302344483624,-0.0008370072550015795,0.6400650094383957,0.006073731302247292,-0.0025984781104014198,0.6379132805696489,0.008282043407095785,-0.005307425119655697,0.637874307200612,0.005960825653291036,-0.008977510593085436,0.6359177774021991,0.004782018487099105,-0.013399884904032787,0.6327885738186886,-0.00010030002339666922,-0.01823519197027402,0.6350879804912746,-4.7478774285739594e-06,-0.00025577135353096125,0.6283777347464928,0.004298362107714309,-0.0013363720555502044,0.6282998348806446,0.004711113691648293,-0.004726316199242993,0.6274180315874485,0.0029753883629681523,-0.010175150098344276,0.626525921317164,0.0024471923531980346,-0.017642250901763232,0.6260798167824916,0.0031175336091619375,-0.026854883189115247,0.6258354669458989,-0.00019243206293048927,-0.03646014389404314,0.635125714823631,1.7873144571508166e-05,-0.00033708348132243396,0.6241328387637297,0.0038782180254450663,-0.0023882949028117637,0.6217772176371438,0.003196984568736488,-0.007290719541381007,0.621629220843712,0.001672077096766051,-0.015561679632551258,0.6212733614038048,0.0016465827421738293,-0.026743782823683195,0.6192818272089419,0.0010383936170145398,-0.0404706631323913,0.6184884311860536,-0.00030013825041105434,-0.05476196328752706,0.63092753869198,5.064020556653165e-06,-0.0003829641716330958,0.6206423756461751,0.0034810534417786788,-0.0054007890919240175,0.6185295184573699,0.0022294536157654184,-0.013113409634174943,0.6158492849875913,0.0007720677219230027,-0.023724897311182044,0.6145778315347059,0.0005797275229893951,-0.03744352790231054,0.6137677919081657,0.00044111073235817333,-0.05342925018581483,0.6114431634505774,-0.0003884650805837978,-0.07290381986559695,0.6297465243717276,2.442079990355713e-05,-0.0003574449200800287,0.6277491406360687,0.003197932992096214,-0.0057344427936051965,0.6241253783254644,0.0006732079554800007,-0.013491167133468792,0.6223666280766604,-0.001121950444923499,-0.024383418128838166,0.620948590604054,-0.0003408329831406919,-0.038212003756826325,0.6170059802217819,-0.0007350318652492512,-0.054146245047022055,0.6149467100915635,0.0002818980818490718,-0.07334898685467281,0.6355084897427623,-2.028743404344987e-05,-0.0003367101065275989,0.629005920125416,-0.0037629008239261834,-0.002490476803947971,0.6279897411706556,-0.00456658703208662,-0.007554344224843566,0.6242421997557965,-0.0033546025855313113,-0.015681480091345523,0.6229638536957052,-0.0021090145420014166,-0.026914759637042207,0.621926639967387,-0.0018198044449206203,-0.040845025309506504,0.6210394181375283,0.0002215981547053793,-0.055104959423691084,0.637083638405065,-4.169417527649269e-06,-0.0002687309342308894,0.6303488292405198,-0.00406933635060815,-0.0013878301554087905,0.6288143474728248,-0.005550836776246153,-0.0047709743609497335,0.6285926149677827,-0.005151658386799342,-0.01025076134331487,0.6280757878752891,-0.00283848518857737,-0.017693716388546877,0.6278968920023105,-0.0022888240278839305,-0.02696357935801888,0.6274390362280792,0.00014482925027361595,-0.03671482344784432,0.6412189671553497,-1.7418066623558397e-05,-0.00017756948570836936,0.6411813839744828,-0.004330294436563275,-0.0008527863638126806,0.6389148267359805,-0.00681131114591926,-0.0026412277117723007,0.638853487838631,-0.006158761987239762,-0.005319920459126789,0.6387888807155485,-0.005628411322403748,-0.009020706235386632,0.6368907752164171,-0.004204465539230334,-0.013466322940238997,0.6337024817347877,7.434887901033147e-05,-0.0183771075766568,0.64,0.0,0.0,0.6399598470564706,-0.005782683063282493,-8.188771235000136e-05,0.6399707235777524,-0.008563135472953223,-0.00015069952448048708,0.6399968833320313,-0.008981489945398003,-0.00018585041663466206,0.6400225858614226,-0.008310748394738901,-0.0002075247767434189,0.6400325074835881,-0.005452686789593535,-0.00016846011823287802,0.64,0.0,0.0
0.16,0.68,0.0,0.0,0.6799901559023912,0.0039874654791361335,-0.00014531300167871223,0.679990659818634,0.007300112783735861,-0.0002574431537988716,0.6800090144274481,0.008617425210951246,-0.0002970594559676561,0.6800309448865673,0.008012254705371785,-0.00024029846952077698,0.6800421657481968,0.00568111451110661,-0.00017814342634364942,0.68,0.0,0.0,0.6847954059134405,-3.170344772460298e-05,-3.0023590615387747e-05,0.682735619070861,0.0028836258723867626,-0.001400097566062816,0.6814621543606108,0.006968130358560755,-0.0034668414243465367,0.6813789338530749,0.005323379629594924,-0.006514222703787823,0.6786464142024689,0.004460688340789294,-0.010239163707452816,0.6786011222243322,0.005134881186619416,-0.014406047041448286,0.6777979850605194,-0.00010383341051804249,-0.020145487815062414,0.68750242595981,-3.3090254181601545e-05,2.380620962092779e-05,0.6874678187452636,0.0016122538453503155,-0.002251015601092731,0.6873989929146009,0.005567180236746385,-0.006675136558553324,0.6871759707958575,0.005168112971574739,-0.013006760353819919,0.6839012871263452,0.0037182684292355293,-0.020898005325463837,0.6762201741597782,0.004690642682025936,-0.02910777880757183,0.6756465573134259,-0.0001961986716383896,-0.04015983215322932,0.6861860422506092,-2.2791806786071038e-05,-3.290137503920007e-05,0.6855783155957831,0.0012956515891967264,-0.003912207523539355,0.6806881534589112,0.001922345245133446,-0.010301701727691622,0.6774240923502889,0.0021721065387497024,-0.019523115152482735,0.6756425590346753,0.003190070171955217,-0.03128971704486118,0.6753155771007106,0.004233578196690812,-0.044000013564514114,0.6737895497447592,-0.0002835376698446219,-0.0601377435971245,0.6855579523897731,-9.514318672837617e-06,-0.00010408674698456835,0.6750907763461376,0.0005514896612242733,-0.006724728193833388,0.674792368416227,0.0015090187202902784,-0.015764337786262714,0.6743047799619,0.001975382890367484,-0.028073598518190742,0.673554782627009,0.0025381575706193604,-0.04220327822909935,0.6728496944002296,0.003767509688352658,-0.0579996993729016,0.6716047255638365,-0.00036013130084253987,-0.07995395061654308,0.6849254029610037,3.5985878518716746e-06,-0.00010497846704504796,0.6768228793766835,-0.0003038053471459734,-0.006894205109145011,0.6766030410619245,0.0010779261186364601,-0.015958575225036565,0.6760119449722121,0.0011038356496812088,-0.028160609557048907,0.6747690674703886,0.0011284267512999644,-0.04205839069243268,0.6732929498565375,-0.0029555687068762554,-0.05869501333232501,0.6711429636508408,0.00035673737566398336,-0.0799046496382444,0.6871410661404398,7.296396344747098e-06,-1.9660232914717313e-05,0.6808081144052373,-0.0004996863035372376,-0.0038030574846336543,0.6768640590932288,-0.0006893660905582594,-0.010081193440020403,0.6749007684859224,-0.0007188684428710629,-0.01917948982886086,0.6743657442408059,-0.0003296192411781147,-0.031005936462227702,0.6740004368203427,-0.003537512805158411,-0.04411872271462772,0.6730728122809013,0.0002738281437854314,-0.05997964943116342,0.6870359580628909,2.2062344349459652e-05,1.2891343108652518e-05,0.6868611742154486,-0.0009148582016542405,-0.0023031211151745452,0.6856636149227233,-0.006722927283220396,-0.006652662056029697,0.6802878653654809,-0.0014497690295440229,-0.012773425783474146,0.6801280056212584,-0.004544794288357932,-0.020829792167917978,0.6792377027485065,-0.0042529041047794395,-0.028915366473928648,0.6753780866241523,0.00018725687262499484,-0.0400398510370713,0.6838650108978115,1.5475012610924014e-05,-2.2601457340037053e-05,0.6825512342424688,-0.0016520639518075367,-0.0013945459509960131,0.6823159571666273,-0.006808483176042099,-0.003507098306169534,0.6804307455775229,-0.005594576398784178,-0.006500238735648597,0.6801200136192302,-0.006299498334252184,-0.010391735611476539,0.6798749864291652,-0.004748617586877838,-0.01447429574923306,0.677715647132708,9.418542572577907e-05,-0.020032237144305937,0.68,0.0,0.0,0.6799988053664224,-0.0030567405124385,-0.00017910313597982737,0.67998819894659,-0.006840614900360572,-0.00025873730448278115,0.6800060661885623,-0.006480451960826082,-0.0001847448971996483,0.6800234024300026,-0.00692440303171542,-0.0001718458092377114,0.6800355370135889,-0.005160787238203518,-0.00015618227357366122,0.68,0.0,0.0
