0.0,0.0,0.0,0.0,0.0009645895169047413,5.408388766920164e-05,-8.558878683642507e-19,-0.0034530188141499666,0.00014181671459622292,5.0048263613516746e-18,-0.0002056429303680194,9.418355602914088e-05,-9.114525273833678e-18,0.0017199903815453364,-0.0008549409478827549,4.319527526004649e-18,0.0010985762634777808,0.0002621373401552105,-2.8931020628422646e-18,0.0,0.0,0.0,2.0055867581501212e-05,-1.4370044795930514e-05,-3.152615039391114e-18,0.0,0.0,0.0,0.0,0.0,0.0,0.0,0.0,0.0,-4.4215327111593905e-05,0.000975359427428683,-1.1848502252338368e-20,0.0,0.0,0.0,0.0004146819574326045,-0.0031736624591267443,-2.6757160432640593e-18,0.00023042458282948014,-0.002681527738737057,1.5389784857378216e-18,0.0,0.0,0.0,-0.0019583843263704776,-4.7445368056267034e-05,-5.5746054935019505e-19,0.0019583843263704776,4.7445368056267034e-05,5.5746054935019505e-19,0.0,0.0,0.0,0.0,0.0,0.0,-0.00074595198184663,0.0030576424919292224,2.6900367668623946e-18,-0.0001600227946548401,0.0015938546875809024,-4.392474252526606e-19,0.0,0.0,0.0,0.0,0.0,0.0,0.0,0.0,0.0,0.0,0.0,0.0,9.457288074760075e-06,-0.0005106894369423715,-1.459650867660651e-20,-0.0003584390830387113,0.003958022944757493,-2.3525324810981304e-18,-0.000260929985754973,0.001538082227273069,-9.30855410405651e-19,0.0,0.0,0.0,0.0,0.0,0.0,0.0,0.0,0.0,0.0,0.0,0.0,-0.0016089271371754455,0.0005837284909039103,-2.0479307032927515e-19,0.0013662314711439198,-0.004706030390716173,-6.12039057455004e-19,-0.00019735504920184756,0.0013800831801129365,4.5248160485884344e-20,0.0,0.0,0.0,0.0,0.0,0.0,0.0,0.0,0.0,0.0,0.0,0.0,0.0,0.0,0.0,-0.0002846862897110575,0.0035446594841446258,1.9136742109685828e-20,-5.413822837190888e-05,-0.00026102226437697135,-3.2611888856420228e-19,0.0,0.0,0.0,0.0,0.0,0.0,0.0,0.0,0.0,0.0,0.0,0.0,0.0,0.0,0.0,-0.00013813244329340823,0.002703493347352412,-1.842590366111778e-19,-1.0998135239396307e-06,-0.0027990072488830783,-1.7221410167662854e-20,0.0,0.0,0.0,0.0,0.0,0.0,0.0,0.0,0.0,0.0,0.0,0.0,0.0,0.0,0.0,-0.0008639695172199865,-0.007837556993113084,2.4044582816762692e-19,3.214362878748686e-05,-0.0007129924974908133,1.8406183133134323e-20,0.0,0.0,0.0,0.0,0.0,0.0,0.0,0.0,0.0,0.0,0.0,0.0,0.0,0.0,0.0,0.0002925651197992819,0.0010710062384160605,3.671952189713151e-20,0.0,0.0,0.0,0.005510230476469121,-0.00022541485337620933,0.0,-0.007150285351056891,-3.7779818800333815e-05,0.0,0.005215419454264222,-0.0001514878757239607,0.0,0.0004546129350195393,-0.00010547120973532138,0.0,0.0004935697997520347,-0.00023959777853749305,0.0,0.0,0.0,0.0
0.01,0.0,0.0,0.0,0.00599953452197028,3.12925804780751e-05,-1.683441693420928e-17,0.003962114211486668,0.0001372142056425639,-5.745471261891379e-19,-0.010392219835541078,0.0007105560739688114,1.8963142048362445e-18,0.005821719854829783,-0.0001378736659168218,-7.416152299519319e-20,-0.00903542188956555,0.00023535213726777953,-1.0772758795647314e-17,0.0,0.0,0.0,-0.0006381658976284655,0.0071557969932437866,-1.1886203765970726e-17,0.0,0.0,0.0,0.0,0.0,0.0,0.0,0.0,0.0,0.0,0.0,0.0,0.0,0.0,0.0,-0.0013712457714404078,0.007758971113383702,1.653737197861901e-17,-0.000179347759098858,0.006815508377026603,-5.021187483584174e-18,0.0,0.0,0.0,0.0,0.0,0.0,0.0,0.0,0.0,0.0,0.0,0.0,0.0,0.0,0.0,-0.00016776804831822832,0.006043373690692633,-5.6291888993806444e-18,5.75738845841283e-05,-0.006222954529524903,1.6602028904634862e-18,0.0,0.0,0.0,0.0,0.0,0.0,-0.0007932927042699032,-3.1594775995936375e-05,-1.8117675573691087e-19,0.0007932927042699032,3.1594775995936375e-05,1.8117675573691087e-19,0.0,0.0,0.0,-0.0008661327163764052,0.00019224122263391402,-2.660044820103104e-18,-6.577169815621888e-05,0.005838712830709157,-1.2930771588197345e-18,0.0,0.0,0.0,0.0,0.0,0.0,0.0,0.0,0.0,-0.01457284976246596,-0.0001355086260829272,6.750166884480496e-19,0.01457284976246596,0.0001355086260829272,-6.750166884480496e-19,-0.0015539869072332447,-0.007152166739405538,-6.309156830410929e-18,-0.00012594510991142623,-0.010544389650450514,4.347824692054394e-19,0.0,0.0,0.0,0.0,0.0,0.0,0.0,0.0,0.0,0.0,0.0,0.0,0.0,0.0,0.0,-0.002264947877015797,-0.0060796888755907524,2.983606563465218e-18,-5.717997327646076e-05,0.000999058196468245,2.0431792988220746e-20,0.0,0.0,0.0,0.0,0.0,0.0,0.0,0.0,0.0,0.0,0.0,0.0,0.0,0.0,0.0,-0.0004515539133851101,0.01138404711346342,2.5679619169015088e-18,5.641644702767404e-05,0.005482686284315922,-1.85163261583489e-19,0.0,0.0,0.0,-0.0053113192639711055,0.00020572514321966716,8.600367644031594e-21,0.0053113192639711055,-0.00020572514321966716,-8.600367644031594e-21,0.0,0.0,0.0,0.0,0.0,0.0,-0.0002835512529278531,-0.003791464146431167,1.394085141660169e-18,-0.0004117942360380838,-0.004735069549132354,1.4128869662132325e-19,0.0,0.0,0.0,0.0,0.0,0.0,0.0,0.0,0.0,0.0,0.0,0.0,-0.004806144234182793,-0.0003397143078742915,-2.283290205918956e-19,0.004166098375662831,-0.003076063260468498,5.720325855238998e-19,0.0,0.0,0.0,-0.0008359155630086844,0.00016410204636432358,0.0,-0.0019950429406675532,-0.00010570147786558628,0.0,-0.0014580104548347905,-0.00044246447745499497,0.0,0.003997077430506587,0.00022947665407494665,-3.986257723861428e-23,-0.007671946311622718,-0.0014041945877991764,1.090709835162452e-22,0.0,0.0,0.0
0.02,0.0,0.0,0.0,-0.010078206854605913,0.0003393803617011509,-8.650877374029309e-19,-0.011203029199086851,-0.0004817097669080319,3.358955725672448e-17,0.02265483946586623,0.0002585246161206693,-4.423102555922973e-17,-0.012206932379272104,0.0014216442825544906,2.134413273701496e-17,-0.002269242860947894,-0.001288170997394505,-5.655379711510232e-17,0.0,0.0,0.0,-0.0007853589860097626,-0.0077114372504538415,-9.70071298750053e-18,-4.55979302317262e-05,4.284605072543569e-07,4.615754365023058e-20,4.55979302317262e-05,-4.284605072543569e-07,-4.615754365023058e-20,0.0,0.0,0.0,0.0,0.0,0.0,0.0,0.0,0.0,-3.0994954722887887e-05,-0.007112662345372528,-6.682484683878025e-18,0.0002180738991962887,0.013465652215586675,-1.7051918493077618e-17,0.0,0.0,0.0,0.0,0.0,0.0,0.0,0.0,0.0,0.0,0.0,0.0,0.0,0.0,0.0,0.0010329933737401433,-0.008261677557108667,-1.1036464705207881e-17,-7.781295094053936e-05,-0.006254355823625378,1.5675097976625585e-18,0.0,0.0,0.0,0.0,0.0,0.0,0.0,0.0,0.0,0.0,0.0,0.0,0.0,0.0,0.0,-0.002388125234324099,0.005550756222181812,3.0699689713246514e-18,0.00011454111437985646,-0.0036757860710341355,2.383998786246182e-18,0.0,0.0,0.0,0.0,0.0,0.0,0.0,0.0,0.0,0.0,0.0,0.0,-0.010254131243056106,-0.00011537366674715759,-4.075527749698485e-18,0.00835574876041982,-0.004846622197709573,3.290429446874294e-18,-7.248744388232311e-05,0.012364136318603423,-4.718195040148893e-18,0.0,0.0,0.0,0.0,0.0,0.0,-0.01188045870388593,0.00044828387110172217,-4.862756839271225e-18,0.01188045870388593,-0.00044828387110172217,4.862756839271225e-18,0.0,0.0,0.0,-0.0015750983539640283,0.021034651901209893,-1.2039182051793918e-18,5.483938558115429e-05,-0.031237689508271948,7.811129526080645e-18,0.0,0.0,0.0,0.0,0.0,0.0,0.0,0.0,0.0,0.0,0.0,0.0,-0.00010041011409020653,-0.0012953802624858955,-1.3856647128949774e-19,-0.0020718856438742784,-0.015726797816355623,1.70187552114942e-18,-5.483938558115429e-05,0.031237689508271948,-7.811129526080645e-18,0.0,0.0,0.0,0.0,0.0,0.0,0.0,0.0,0.0,0.0,0.0,0.0,0.00010041011409020653,0.0012953802624858955,1.3856647128949774e-19,-0.00017305572018355047,0.0010194634094039048,-9.309190634266425e-19,-0.0014438104412688715,-0.02410622886211587,4.6524506795883674e-18,0.0,0.0,0.0,0.0,0.0,0.0,-0.0010733119592616336,-0.015168082992195407,-1.5466750623050812e-23,0.0,0.0,0.0,0.0,0.0,0.0,-0.000966859857466894,-0.007933610387775361,-2.110994351198793e-19,0.0,0.0,0.0,0.0019288457935241784,-2.0942967062091e-05,-3.2195564765967512e-25,-0.019221328829008618,0.00029188274843270896,1.2884919652547108e-25,0.009255809123405345,0.014416459119164643,-1.7364482297673904e-23,0.005233031391644185,-4.705557784752168e-05,-1.8629200832416642e-22,0.0033925104647754374,9.963576546024032e-05,3.7523671543700263e-22,0.0,0.0,0.0
0.03,0.0,0.0,0.0,0.01673142206993776,0.00046586509624484856,-2.522958015689359e-17,-0.020406890184532685,-0.00010604450513718904,-1.9557619495287157e-17,0.01440943522283705,-0.019543163038651275,1.1727467305894456e-16,-0.01520286186013013,2.7867902158298745e-05,7.235632877482825e-17,-0.005344828346197438,0.0003066008927125616,-1.4209129437832753e-16,0.0,0.0,0.0,-0.0003359936098115136,0.007693152138634689,-1.5499909515729433e-17,0.0,0.0,0.0,0.0,0.0,0.0,-0.0025357008925083312,0.020111434617179652,-9.255191283469138e-17,0.0013069516837835105,-7.498507060183701e-05,1.2428800294977403e-18,0.0,0.0,0.0,-0.0018035586872658057,0.019459864167481723,7.835760548313653e-19,7.685744134673429e-05,-0.012586625018522441,-2.7230494829257603e-17,0.0,0.0,0.0,0.0,0.0,0.0,0.0,0.0,0.0,0.0006019418416770264,-0.006004097673386701,-8.774333995349018e-18,0.0,0.0,0.0,0.0010460673540831924,0.00034346377979631304,4.2627248208930856e-18,3.884890674915095e-05,0.0014674376686790065,2.354837538379021e-17,2.7422947281146186e-05,-0.0010440292516818027,-3.1273650730854223e-19,0.0,0.0,0.0,-0.0015496905994057922,-3.3836850459022697e-05,4.749776781115695e-19,0.0009477487577287658,0.006037934523845724,8.299356317237448e-18,0.0,0.0,0.0,-0.0016346358965567873,-0.003024521230166055,-6.820534486825743e-19,-0.0001556931535095152,0.005476078657642786,8.890789835453039e-18,-2.7422947281146186e-05,0.0010440292516818027,3.1273650730854223e-19,-8.332918180272391e-06,-0.0023122755794277475,2.6830122594406365e-21,-0.009697769307822646,-0.0003198358116266891,2.9411786083502864e-18,0.009697769307822646,0.0003198358116266891,-2.9411786083502864e-18,0.0,0.0,0.0,-0.0014000697423866748,-0.0039352563705781565,-2.644636410290139e-18,-3.466002283094649e-05,-0.0012741929645715654,2.4436731802247845e-18,0.0,0.0,0.0,8.332918180272391e-06,0.0023122755794277475,-2.6830122594406365e-21,0.0,0.0,0.0,0.0,0.0,0.0,-0.0014509815233611863,-0.03183719468563216,-6.560383357023585e-18,-0.0021241539478929613,-0.00521409740566222,3.8090230569249855e-18,9.250966573506459e-05,-0.006269152603640148,-4.04735043670953e-18,0.0,0.0,0.0,0.0,0.0,0.0,0.0,0.0,0.0,0.0,0.0,0.0,0.0012244629842591839,0.028885293292867514,7.051387817219256e-18,-0.0006658616051629447,0.006666310357630198,-3.500404797499601e-18,2.96986544914931e-05,0.006794043528591814,-1.916999382311844e-18,0.0,0.0,0.0,0.0,0.0,0.0,0.0,0.0,0.0,0.0,0.0,0.0,0.00022651853910200242,0.002951901392764647,-4.910044601956699e-19,0.00040227910527625144,0.0020743441077556227,-9.087090181651346e-19,-0.0005865324311496959,-0.0026858851998354145,2.2086074571572702e-18,0.0,0.0,0.0,0.0,0.0,0.0,0.0,0.0,0.0,0.0,0.0,0.0,0.0,0.0,0.0,-0.001193255634331833,-0.011462362582786309,3.545520276626368e-18,0.0,0.0,0.0,0.013324102827816299,-0.0010680871163756427,8.710414820943583e-23,-0.011423051334695872,-0.0006370975379243906,-2.5635892288422994e-23,0.01858757124181501,0.0004855361643075184,-1.547658601432359e-23,-0.019566635445015565,-0.0014767563398771625,-3.200887886518801e-21,0.01041723006349426,0.0012546173470591416,4.9779430909093104e-21,0.0,0.0,0.0
0.04,0.0,0.0,0.0,0.014567976933040329,0.0006739927963650663,-3.770846840964666e-17,-0.011861429739184892,-6.594866887161887e-06,-1.2544910450707206e-17,0.008409536594884736,-7.357317591615277e-06,1.0471231993304313e-17,-0.00871793614088737,0.0004044907819399074,8.179196067647407e-17,-0.01600611691328904,0.0006877226901493407,-1.4539554036416272e-16,0.0,0.0,0.0,-0.00039581298712569374,0.0028942766841279005,-4.993208320984889e-18,0.0,0.0,0.0,0.0,0.0,0.0,0.0,0.0,0.0,0.0,0.0,0.0,0.0,0.0,0.0,-0.00035277621882800125,-0.003279462505038404,-1.6221065895619924e-17,0.00046029397979418954,-0.01792749576952563,5.297730323552533e-17,0.0,0.0,0.0,0.0,0.0,0.0,0.0,0.0,0.0,0.0,0.0,0.0,0.0,0.0,0.0,2.4138644573519063e-05,0.0007746507841430647,-3.4911931193815533e-17,-0.0002154365473386145,0.011018071873052029,-3.594226426423855e-17,0.0,0.0,0.0,0.0,0.0,0.0,0.0,0.0,0.0,0.0,0.0,0.0,0.0,0.0,0.0,-0.002314114729344433,0.007645863532267094,-6.364494886106725e-18,-0.00024677522769876037,0.006086033513038588,-1.3458558176677565e-17,0.0,0.0,0.0,0.0,0.0,0.0,0.0,0.0,0.0,0.0,0.0,0.0,2.0825874799493896e-05,-0.0031878653178432884,-9.003399141423617e-20,-0.001011942442880766,-0.012883970637829971,3.3024297075928746e-18,1.5460511633921825e-06,0.0032474946882877853,-5.163586068706476e-18,0.0,0.0,0.0,0.0,0.0,0.0,0.0,0.0,0.0,0.0,0.0,0.0,-0.01080075119031771,0.0033212121372588957,-2.6113811129122774e-18,0.008871953983467245,0.0005446678780724051,4.758666282133826e-18,-2.7866838870191634e-05,-0.0035977644399304426,-7.331226067569966e-19,0.0,0.0,0.0,0.0,0.0,0.0,0.0,0.0,0.0,0.0,0.0,0.0,0.0,0.0,0.0,-0.0029312615763620728,0.005779407746500362,-2.45038407181903e-18,-6.581046144426168e-05,-0.0050157090061368,-7.048311784190563e-19,0.0,0.0,0.0,-0.0003939462410259332,-0.005206373646991374,5.887260616088895e-20,0.0,0.0,0.0,0.0,0.0,0.0,0.0,0.0,0.0,0.0014941625792866424,0.001989238086143902,3.7658610796181703e-19,-0.0005762967926950747,-0.0061263798273538655,9.133921008108112e-18,0.0,0.0,0.0,0.0003939462410259332,0.005206373646991374,-5.887260616088895e-20,0.0,0.0,0.0,0.0,0.0,0.0,0.0,0.0,0.0,-0.00032360245019058976,-0.0037952425970923173,1.4292850342228986e-19,0.0,0.0,0.0,0.01411441957048149,-0.0003456713916886463,-1.151353246892568e-20,-0.00412823670977285,-0.0005617079848534208,-2.4545206873909003e-20,-0.004900188391750122,-0.000502333033348699,-1.5988366245339482e-20,0.004471862432070182,0.0004143316838293143,-6.485294412389838e-20,-0.000905184392444091,2.4077097028199664e-05,3.723217744618468e-19,0.0,0.0,0.0
0.05,0.0,0.0,0.0,-0.005298800552709815,-2.0675223511290586e-05,-6.03220848495186e-17,0.00231553781870587,0.0008406659990845897,3.1536881988627276e-17,-0.012861673456738588,-0.00018653739563001648,1.548553267319256e-16,0.02140259048556889,0.0008073987705937747,-1.8066596640561617e-16,-0.0204347203208481,-0.011758868214834078,6.837356753942096e-17,0.0,0.0,0.0,-0.0003291785220814941,-0.0073116023596123715,7.221824918398325e-18,0.0,0.0,0.0,0.0,0.0,0.0,0.0,0.0,0.0,0.0,0.0,0.0,-0.0007974492338288443,0.011435756878590029,1.9201918553615012e-19,0.00020508062156490356,-0.013081800746266178,-1.1739579343553123e-17,-7.645449489662873e-05,0.017744578676806677,-1.2877883495110217e-17,0.0,0.0,0.0,-0.009608780154614223,-0.00033158293147056287,-1.926697622676196e-18,0.009608780154614223,0.00033158293147056287,1.926697622676196e-18,0.0,0.0,0.0,0.0,0.0,0.0,-0.000270762351782802,0.017998795979389606,4.556036759954156e-17,0.0004683841612911862,-0.02876833293648884,1.4246410830050334e-17,0.0,0.0,0.0,0.0,0.0,0.0,0.0,0.0,0.0,0.0,0.0,0.0,0.0,0.0,0.0,0.00042796591652396456,-0.024873770330969467,-5.672097271561718e-18,-0.00046760665353756437,0.028911536263780385,-1.4505468123240846e-17,0.0,0.0,0.0,0.0,0.0,0.0,0.0,0.0,0.0,0.0,0.0,0.0,2.000183273631046e-05,-0.013626873405610432,1.025102655993309e-18,-0.00237879250046625,-0.011656541422624692,1.1020715178144396e-17,0.0,0.0,0.0,0.0,0.0,0.0,0.0,0.0,0.0,0.0,0.0,0.0,0.0,0.0,0.0,-2.000183273631046e-05,0.013626873405610432,-1.025102655993309e-18,-0.0023906412971762027,0.020361822947613656,-3.026835514196998e-18,0.0,0.0,0.0,0.0,0.0,0.0,0.0,0.0,0.0,0.0,0.0,0.0,0.0,0.0,0.0,0.0,0.0,0.0,-0.0010123129471698035,-0.001273305872612096,1.4403116487538055e-17,3.257256743443956e-06,-0.0012677492043427045,1.3990413700487182e-18,0.0,0.0,0.0,0.0,0.0,0.0,0.0,0.0,0.0,0.0,0.0,0.0,0.0,0.0,0.0,0.0009649005784209161,0.0056003322706719705,1.0464902975622781e-17,-3.257256743443956e-06,0.0012677492043427045,-1.3990413700487182e-18,0.0,0.0,0.0,0.0,0.0,0.0,0.0,0.0,0.0,0.0,0.0,0.0,0.0,0.0,0.0,0.00038854410193720065,0.01399926879797763,-9.144477943604725e-18,0.0,0.0,0.0,-0.006355203377608023,0.00019922762195350395,-1.7846768395214736e-18,-0.004988987482998808,-0.0003354624103161418,3.8584005979912283e-19,0.010790332326355965,0.00017495055465356786,3.1570307755437026e-19,0.00138630245004665,-0.0006715207463074194,-1.9227030454883778e-19,-0.0010228086529762113,5.758619939628804e-05,1.0241653550746303e-18,0.0,0.0,0.0
0.060000000000000005,0.0,0.0,0.0,-0.030613293104825006,-0.0006673549945105532,1.2803383659678538e-16,0.028351874983471165,0.0005450614263744115,-1.1960142737104392e-16,-0.0073520404791714185,0.00038275627458021376,-4.139445297311767e-17,0.0017541333911189859,8.714827818760278e-05,2.9211279313635245e-17,-0.0174190624672365,0.0003105978342289105,1.9884338876912384e-16,0.0,0.0,0.0,-0.0003224474969469814,-0.0046048079364733015,2.909760297934088e-17,0.0,0.0,0.0,-0.002267821668412159,8.163223938400797e-05,-1.858498912172573e-18,0.002267821668412159,-8.163223938400797e-05,1.858498912172573e-18,0.0,0.0,0.0,0.0,0.0,0.0,-0.00023628812943936968,-0.0001277464640606421,2.273495886748012e-17,-4.050475097852654e-05,0.008384870559309903,-2.1393504414667983e-17,0.0,0.0,0.0,0.0,0.0,0.0,0.0,0.0,0.0,0.0,0.0,0.0,0.0,0.0,0.0,-0.00018591110670972263,0.0011070972898035575,2.308512939132692e-17,0.0009997289193086388,-0.023757733035632316,7.512381400226568e-18,0.0,0.0,0.0,-0.005216660352379852,4.215714833003348e-05,7.863489279588561e-19,0.005216660352379852,-4.215714833003348e-05,-7.863489279588561e-19,-0.00032969293958108625,4.9982095232915375e-06,-3.2629331360829607e-20,0.00032969293958108625,-4.9982095232915375e-06,3.2629331360829607e-20,-0.0019806578330537304,0.009400656988724602,8.568660525776185e-18,-0.0009106098404883377,0.010847522848374919,2.7161963565876378e-18,0.0,0.0,0.0,-0.0028247424448035545,-3.684586056796771e-05,-3.702454309649694e-19,-0.006584930690766818,-0.00022284728293408662,-5.421181646452839e-19,0.009409673135570373,0.00025969314350205434,9.123635956102533e-19,4.4257285637586724e-05,-0.02035339839629263,1.8024990151481993e-18,-0.0011911154315967553,-0.017015575928497513,4.337968393456326e-18,-0.0007222233413110737,-0.004945582833850123,1.003873675675557e-17,0.0,0.0,0.0,0.0,0.0,0.0,0.0,0.0,0.0,-0.012312623380411817,0.00016788857904210576,-1.833686043393919e-18,0.01175732636330164,0.009005390608674856,-3.3054335650529906e-20,-0.002691557478922513,-0.00470232094027867,-1.9252316515120756e-18,0.00037083730249001443,0.0068178627192638785,-9.8020844820723e-18,0.0,0.0,0.0,-0.005302328197278474,-9.301658936245728e-05,2.881290149176505e-19,0.005302328197278474,9.301658936245728e-05,-2.881290149176505e-19,0.0,0.0,0.0,0.0005110397314725883,0.011180119208575666,6.424136389624973e-20,-0.0016465152495565233,-0.0001741157030462695,-1.2750358967933605e-17,0.00025475345497942775,0.01325077433514067,-1.1606666752421733e-17,0.0,0.0,0.0,-0.0001945633703041208,-0.0026618297584765464,2.9852740546535707e-19,0.0,0.0,0.0,0.0,0.0,0.0,0.0,0.0,0.0,0.0012716338854619506,0.012316440972112784,5.993655877110335e-18,-0.0009934800145366934,-0.015202816813860162,1.397975403704472e-17,0.0,0.0,0.0,-0.01853636277594899,0.0029685857798419125,-2.315093005946901e-18,0.018414694977235416,-0.004429573300045802,2.6151376238725687e-18,0.0,0.0,0.0,0.0,0.0,0.0,-0.0008648778960126048,0.0022376105737194757,7.431371274028057e-19,0.0,0.0,0.0,-0.003643437539977842,8.768883643136641e-05,-6.753907360921859e-19,-0.00452730782150159,-7.588426787846084e-05,-8.200450667834643e-19,0.000644191751211191,0.004093554120110568,-1.0017106861083299e-18,0.005608024558010612,-0.0004906840525040765,8.458574911793541e-19,-0.0028922371107557984,0.0001799161128095642,2.2393055684977254e-18,0.0,0.0,0.0
0.07,0.0,0.0,0.0,0.01414696092130234,0.0007655033080798755,-1.344413630198027e-10,-0.01909882053384792,-0.00581491394179749,-5.994984563934952e-09,0.023108482235517962,-0.00041930764234170565,7.415589345306519e-09,-0.012230544571097972,0.0006353388772451233,-2.337254773690827e-07,-0.006123674657177258,-0.00013746316220331805,6.657778354019094e-07,0.0,0.0,0.0,-0.0004738464334674338,0.007865741128502213,-1.4048824753672994e-17,0.0,0.0,0.0,-0.00038915314627622116,0.0063270824294065445,-9.480023279575334e-10,0.0,0.0,0.0,0.0,0.0,0.0,0.0,0.0,0.0,0.00016705650600682374,-0.011144616952685836,0.0001750577008944952,0.00019929761780871255,-0.013642179292795266,2.557859543023806e-17,0.0011404457661210105,-0.010984569094177384,2.0441439704986197e-12,0.0,0.0,0.0,0.0,0.0,0.0,0.0,0.0,0.0,0.0,0.0,0.0,0.0009511466240126054,0.007235067837767027,-5.999729471994227e-05,2.3828208042456813e-05,-0.000788750945823806,-9.341557588450155e-18,-0.0011404457661210105,0.010984569094177384,-2.0441439704986197e-12,0.0,0.0,0.0,0.0,0.0,0.0,-0.010427221485909473,-0.0001617830148733295,6.299770194823678e-06,0.010427221485909473,0.0001617830148733295,-6.299770194823678e-06,-0.002530468434989866,0.005006256901224769,0.0002348481993321449,-0.00022358405095707995,0.015197843878746908,-1.7331777327198743e-17,1.7576292022108893e-05,-0.001675833091395436,8.881391057747161e-13,0.0,0.0,0.0,0.0,0.0,0.0,0.0,0.0,0.0,0.0,0.0,0.0,-0.001548920269844286,-0.0008633101572971327,-0.0005582061887797541,0.0,0.0,0.0,-0.010264360938908436,0.0014990928378957606,-1.2929714407703558e-11,0.010246784646886326,0.0001767402534996753,1.2041575301928842e-11,0.0,0.0,0.0,0.0,0.0,0.0,0.0,0.0,0.0,-0.0028420638740333467,-0.01418201212711677,-0.0004325222635523007,-6.870743108618196e-06,-0.0003815114695237056,-2.2971457076845245e-17,0.0,0.0,0.0,0.0,0.0,0.0,0.0,0.0,0.0,0.0,0.0,0.0,-6.578588779983043e-05,-8.842636953728458e-07,8.156913592470979e-07,-0.0016861562639070996,0.013184008064154151,0.00020918485901025822,0.00019130991535948864,-0.036100035540268305,-4.942681672912947e-14,0.0,0.0,0.0,0.0,0.0,0.0,0.0,0.0,0.0,0.0,0.0,0.0,0.0,0.0,0.0,0.0015970292234270688,0.008813182168620912,0.00021390834249106108,-0.00018443917225087044,0.03648154700979201,4.944978818620631e-14,0.0,0.0,0.0,0.0,0.0,0.0,0.0,0.0,0.0,-0.0005095123318838927,-0.007277940334692553,3.898636276638672e-08,-0.00158075507225891,-0.02155548494980356,4.574937755366738e-06,-0.0013642349851008691,-0.015605960552115196,-1.184443379651877e-05,0.0,0.0,0.0,-0.002180226345006802,5.769363011085766e-05,-1.7776584847967582e-09,-0.0008905885956293422,-0.0002455411773291873,-9.383598275833947e-09,0.010790265601057348,-5.26455901185416e-05,1.1497665496351969e-08,-0.008955702386590068,0.00706698555074391,-2.6078086820769106e-07,0.006061808007908789,0.021601600719394654,-4.212715075617156e-06,0.0,0.0,0.0
0.08,0.0,0.0,0.0,-0.0035306809913867605,-0.00015602724189264913,1.1173198183562878e-07,-0.009615339818205624,-0.005613019572135375,-9.066604834541957e-07,0.018823122893378445,0.00041802323692326633,4.800527807875566e-07,-0.003926460967911362,0.00010354955020611955,-3.811425560348018e-07,0.007402742476608012,-0.017028147210027583,5.121494634354971e-05,0.0,0.0,0.0,-0.0011348479451147638,-0.005575298543096048,-5.358716825428914e-16,0.0,0.0,0.0,-0.00047724414306976625,0.005596313712468109,2.0860697050111587e-07,0.0,0.0,0.0,0.0,0.0,0.0,-0.02496892029108759,0.017600893483812694,0.00017240878809478952,0.019263031358532086,0.020990863812197454,-0.0004877351084749238,8.633856908749197e-05,0.004722139053156632,-4.196057498324705e-17,0.0,0.0,0.0,0.0,0.0,0.0,0.0,0.0,0.0,0.0,0.0,0.0,0.0,0.0,0.0,0.0016578850075183705,-0.010473682838077918,0.00024434071966153155,0.00019036974372324596,0.002305515374595871,2.2084467786879681e-16,0.0,0.0,0.0,0.0,0.0,0.0,0.0,0.0,0.0,0.0,0.0,0.0,-0.0028576063265383085,4.762934193199776e-05,8.041025683719737e-05,0.0006235039148669201,0.013097744302788338,-0.00012814820939413226,-0.00020794028131392757,0.006458530528167533,-3.7972407278252415e-15,0.0,0.0,0.0,0.0,0.0,0.0,0.0,0.0,0.0,0.0,0.0,0.0,-4.853819413306702e-05,-0.00666741723101196,-4.284777488596192e-06,-0.002464106986285698,-0.013822231553154554,-0.0006871201631007754,-2.8800820434311456e-05,0.005669264604315282,-2.50874692492113e-14,0.0,0.0,0.0,0.0,0.0,0.0,0.0,0.0,0.0,0.0,0.0,0.0,4.853819413306702e-05,0.00666741723101196,4.284777488596192e-06,-0.0013011557619716705,0.0016722255522286164,-0.0011018383986202262,-0.0002571645381069406,-0.020818250100869382,-5.948734616468038e-12,0.0,0.0,0.0,0.0,0.0,0.0,0.0,0.0,0.0,0.0,0.0,0.0,0.0,0.0,0.0,-0.003683938133748202,0.003684609534235543,0.00034932387067508673,0.0003366212085969063,0.01801777593126652,4.27554639720342e-12,0.0,0.0,0.0,0.0,0.0,0.0,0.0,0.0,0.0,0.0,0.0,0.0,0.0,0.0,0.0,0.002860395850932782,0.008643774954634004,4.442500225432548e-05,-0.000511984688118824,-0.002383587253187102,6.292215581794003e-12,0.0,0.0,0.0,0.0,0.0,0.0,-0.0010144677391325677,-0.013155953802032765,1.8933388263369506e-07,0.0,0.0,0.0,0.0,0.0,0.0,-0.0023383365940526737,-0.013324677372905137,-9.461907349776484e-05,0.0,0.0,0.0,0.003000301182320246,-6.087913610031202e-05,-5.3720787266857905e-08,-0.010168296916162592,0.000443801385611802,-4.192637216469666e-07,0.0072239621430126785,0.012380235785707148,5.404660390815413e-07,0.010538631805800808,0.00016461846382075194,-4.0095236725226283e-07,-0.01840652143558291,-0.00039713825770226546,-5.198370176774203e-06,0.0,0.0,0.0
0.09,0.0,0.0,0.0,-0.0029080201290868947,-0.0004488451356837454,5.427697519186057e-07,0.0014081900467377943,0.0007808239498284383,-2.7854290876934496e-06,0.021353130682872888,0.0003827272386915098,1.053379136616346e-08,-0.007961415739568677,0.0003527798452738346,1.9552305964772874e-06,-0.000351745116867197,-0.012666184142524914,7.63125366747441e-05,0.0,0.0,0.0,-0.0006753244659302897,0.0026730619802556362,-1.0351401000877205e-09,0.0,0.0,0.0,0.0,0.0,0.0,0.0,0.0,0.0,0.0,0.0,0.0,-0.023715784825696553,0.013424187594626226,0.0002423376963773524,0.020785653901547168,-0.01227897338250649,0.0001116370290412214,9.20772553226514e-05,0.009927571530048019,4.3117505381523676e-10,0.0,0.0,0.0,0.0,0.0,0.0,0.0,0.0,0.0,0.0,0.0,0.0,0.0,0.0,0.0,0.002109124703045119,0.0002705747111278814,-7.344445233733554e-05,2.887563262627044e-05,-0.0029631496142555514,-6.153523185567403e-13,0.0,0.0,0.0,0.0,0.0,0.0,0.0,0.0,0.0,-0.012557131064170174,1.6768143463276773e-05,0.0002700429736588335,0.012557131064170174,-1.6768143463276773e-05,-0.0002700429736588335,-0.0017722286095284453,0.011140798040866769,-0.00010125179050252987,2.613850672019404e-05,-0.006179148600210335,1.7683408023748422e-12,0.0,0.0,0.0,0.0,0.0,0.0,0.0,0.0,0.0,0.0,0.0,0.0,-3.5261931629951233e-06,-0.00200357665730844,1.4874492104162984e-06,-0.0024925043174773348,-0.0005915183547839306,-0.0011413215050708626,-7.787680992066775e-05,0.006365596548338542,-2.8105459354135836e-13,-5.828223208754177e-05,-0.0013459246006965679,1.5571891691922864e-09,0.0,0.0,0.0,0.0,0.0,0.0,0.0,0.0,0.0,3.5261931629951233e-06,0.00200357665730844,-1.4874492104162984e-06,-0.0024733663158348815,-0.001432254453468354,-0.0011842885896473894,1.2503355710293501e-05,0.0016782300780315606,1.2207881622167008e-12,5.828223208754177e-05,0.0013459246006965679,-1.5571891691922864e-09,0.0,0.0,0.0,0.0,0.0,0.0,0.0,0.0,0.0,0.0,0.0,0.0,-0.0017337076449113666,-0.013799488285502266,-0.00019413819230255794,9.207791763024959e-06,-0.0035736678116213352,2.5044610670445675e-10,0.0,0.0,0.0,0.0,0.0,0.0,0.0,0.0,0.0,0.0,0.0,0.0,0.0,0.0,0.0,0.0014040781018712857,0.004863252073177789,1.511911409315318e-05,-0.007081954432813808,-0.005567063180841182,2.206193120035685e-08,0.005983222959123491,-0.013790762430538006,1.7928706338129072e-06,0.0,0.0,0.0,0.0,0.0,0.0,0.0,0.0,0.0,0.0,0.0,0.0,-0.0005477321420471145,0.0085108209701934,0.0003146606749223175,0.0,0.0,0.0,0.00987195889418594,0.013463397848252068,-4.401356641666331e-06,-0.01198670967241985,-0.00021578268429457053,1.5250977961022215e-06,-0.0051974765395768965,0.0007745007017006731,3.996933368593439e-06,0.012291897086618481,-0.0017979016486620197,-6.4390803798333584e-06,4.235466460510845e-06,0.0007859841368516927,-2.216555824671487e-06,0.0,0.0,0.0
0.09999999999999999,0.0,0.0,0.0,0.019692098587883032,0.000898441483079772,-2.544362307217602e-07,-0.014875439885588823,-8.030317795519385e-05,4.253515185927245e-06,0.013647271908781004,-8.167178708608547e-05,6.923038029636729e-08,-0.0073087734890126274,0.0013284184659226117,1.884095049824847e-05,-0.0012745279782691386,-0.0006757590139876166,-5.8728466216309744e-05,0.0,0.0,0.0,-0.0005222308599967213,0.012017213961422493,-8.862528544697245e-09,0.0,0.0,0.0,0.0,0.0,0.0,0.0,0.0,0.0,0.0,0.0,0.0,0.0,0.0,0.0,-0.0009870245079575072,0.008461787394817136,-0.00046762235632949976,-5.9575163525029155e-05,-0.012397261245038382,-2.285454041485366e-09,0.0,0.0,0.0,0.0,0.0,0.0,0.0,0.0,0.0,0.0,0.0,0.0,0.0,0.0,0.0,-0.00018597571928214394,0.008479238156811744,-0.0001668231734978311,0.0002837286923555653,-0.004625788688278419,2.2027501009997356e-09,0.0,0.0,0.0,0.0,0.0,0.0,0.0,0.0,0.0,0.0,0.0,0.0,0.0,0.0,0.0,-0.0013132259672982006,-0.00226654628646325,1.0312691849232586e-05,-0.00022415352883053616,0.0170230499333168,8.270394048563051e-11,0.0,0.0,0.0,0.0,0.0,0.0,0.0,0.0,0.0,0.0,0.0,0.0,-0.014672071427239926,-5.297543576090709e-05,0.001032259670617314,0.012122858783255723,0.0017369719574046733,-0.002901353416158148,-3.7067846743237086e-05,-0.004276108986292104,-5.13092541801394e-11,0.0,0.0,0.0,0.0,0.0,0.0,0.0,0.0,0.0,-0.009374480035054557,-0.00018384395549058937,0.00037146214983461154,0.009374480035054557,0.00018384395549058937,-0.00037146214983461154,-0.002637234539638397,0.0021984440144087944,-0.0017903053946037805,3.7067846743237086e-05,0.004276108986292104,5.13092541801394e-11,0.0,0.0,0.0,0.0,0.0,0.0,0.0,0.0,0.0,0.0,0.0,0.0,-0.00022676077853978278,-0.0031605184036051725,-5.6124843963596606e-05,0.0004294796939421537,0.02394877844819647,0.0009112446740071672,0.0,0.0,0.0,0.0,0.0,0.0,0.0,0.0,0.0,0.0,0.0,0.0,0.0,0.0,0.0,0.00022676077853978278,0.0031605184036051725,5.6124843963596606e-05,-0.0008187675345577507,-0.011867053320038838,-0.00031143504584909827,-0.0015789347408106734,-0.032041178436849636,-2.2468993758186426e-08,0.0,0.0,0.0,0.0,0.0,0.0,0.0,0.0,0.0,0.0,0.0,0.0,0.0,0.0,0.0,-0.00023562505573502222,-0.0014677450274116627,-0.00014479246571203223,0.0,0.0,0.0,0.010404871106358666,-0.0004229528128652704,-2.429299611285987e-06,-0.00883663130807451,0.00015698811479136705,-1.5379821819681114e-06,0.00883663130807451,-0.00015698811479136705,1.5379821819681114e-06,-0.035299246992241795,-0.0009586402480038851,5.8044357743559353e-05,0.011132998536820676,0.00019311099695749922,-9.458815595588481e-05,0.0,0.0,0.0
0.10999999999999999,0.0,0.0,0.0,-0.023904113412184506,0.0004975833243818996,1.9182134296513103e-05,0.011825946566891135,-0.0007985096947520018,-6.095121254215284e-05,0.019194785907205806,0.000627029561911779,3.893049242540945e-05,-0.014643283378659399,0.00031446065720170107,9.73886140741273e-05,0.012542479209592197,-0.00022752564020119185,-0.00011052061166536475,0.0,0.0,0.0,-0.000991910960561459,0.02078566072276368,-2.5333715185230186e-08,0.0,0.0,0.0,0.0,0.0,0.0,0.0,0.0,0.0,0.0,0.0,0.0,0.0,0.0,0.0,0.00042287208636300044,-0.005832450812279642,0.00018524068622367265,0.0,0.0,0.0,0.0,0.0,0.0,0.0,0.0,0.0,0.0,0.0,0.0,0.0,0.0,0.0,0.0,0.0,0.0,-0.0008469557074565251,0.009475774514083025,-0.00033082862085589667,0.0003141068893849906,-0.018177248571622638,2.8550664062005986e-09,0.0,0.0,0.0,0.0,0.0,0.0,-0.0040794737638859295,-0.00014370985984427445,8.475162800107398e-05,0.0040794737638859295,0.00014370985984427445,-8.475162800107398e-05,0.0,0.0,0.0,-0.00031702715620676464,-0.003566302124126716,0.00012659169075641486,-0.00029040134685683235,0.009389500937156405,-2.989014449246651e-09,0.0,0.0,0.0,0.0,0.0,0.0,0.0,0.0,0.0,0.0,0.0,0.0,0.0,0.0,0.0,-0.0034142754522980597,0.0041836220048554265,-0.002218315074606582,-0.00011121079015290991,-0.00013763852984802205,3.6771457146349577e-11,0.0,0.0,0.0,0.0,0.0,0.0,0.0,0.0,0.0,0.0,0.0,0.0,0.0,0.0,0.0,-0.0023775340188791185,-0.0005418663406730195,-0.00225730667295716,-1.867337847464808e-05,-0.003736786847664585,7.816598624837904e-10,-0.0001230768969150605,1.2627807647205466e-07,2.9377680099735404e-07,-0.0006328450893247485,-0.008730762423872104,-8.507202920094216e-06,0.0,0.0,0.0,0.0,0.0,0.0,-0.0035810495582882427,-3.0513599822197168e-05,0.0001990282023124277,0.0018513401969406287,-0.004227135927485831,-0.0002972783634573222,0.0001942993139751595,0.006463294495349495,6.59106275408891e-10,-0.00015513671337899745,-0.0036901145865926464,1.3053654863373563e-07,0.000755921986239809,0.00873063614579563,8.213426119096862e-06,0.0,0.0,0.0,0.0,0.0,0.0,0.0,0.0,0.0,0.0019022750810692786,-0.005886904663891898,-0.00027281740346028586,-8.812068787575976e-05,0.006198878516629345,-1.3435895519929785e-09,0.00015513671337899745,0.0036901145865926464,-1.3053654863373563e-07,0.0,0.0,0.0,-0.00029499462581177493,-0.003801005785061454,-9.976872827041692e-06,0.0,0.0,0.0,-9.111885944573422e-06,-0.00010713921262924271,-2.050872510036399e-06,-0.0022468331485006984,0.006430614777451167,0.0003353996098059684,0.0,0.0,0.0,0.004381770662830088,-0.0004218386036766078,-5.958216663331911e-06,-0.004207653832618867,-0.0007933786459048154,-1.7883843545315828e-05,-7.399895866818176e-05,0.0050240341909390165,5.1146521314172685e-05,0.001328563400168653,-0.0020414886438806647,-2.86410509387365e-05,-0.008903902467036144,0.0008035825993285948,-3.844146265987339e-05,0.0,0.0,0.0
0.11999999999999998,0.0,0.0,0.0,-0.01592999782816036,-0.0010593742131017447,-2.2524370018515133e-05,-0.006647536221748827,0.002268326496025289,0.00014018992646404544,0.03202889122795009,-0.000888068218289549,-6.7141309317546e-05,0.004343504571728651,0.00022963005821989,-3.6480770929080126e-05,-0.011527127507547402,0.0001552515809128542,-7.56431452593977e-05,0.0,0.0,0.0,-0.0006001773683616216,0.010026562319971356,-9.917345481927195e-09,0.0,0.0,0.0,0.0,0.0,0.0,0.0,0.0,0.0,0.0,0.0,0.0,0.0,0.0,0.0,-0.0018319979353391734,0.007576892298614676,-0.000571943504955005,0.0003726051837649817,-0.02069029993715025,-1.897134511395494e-09,0.0,0.0,0.0,7.657748967533788e-05,-0.0007537306332397289,9.45392802941193e-07,0.0003514554220777804,-0.003613987795843021,1.6614829487707854e-05,0.0,0.0,0.0,0.0,0.0,0.0,0.0008867098595672519,0.006091978062057947,-0.00021774310568676907,-0.0003726051837649817,0.02069029993715025,1.897134511395494e-09,0.0,0.0,0.0,-0.025170716183672094,0.0008452827097348922,0.0003124108803981406,0.02474268327191898,0.0035224357193478577,-0.0003299711026887897,0.0,0.0,0.0,0.0,0.0,0.0,-0.0028514872202924286,0.016165104341377454,-0.0007002278710525308,-4.036881314631433e-06,-0.00780307733981798,8.927335140769364e-10,0.0,0.0,0.0,0.0,0.0,0.0,0.0,0.0,0.0,-0.0020690672758206245,-5.19811150469134e-05,0.0001218330358402878,0.0020690672758206245,5.19811150469134e-05,-0.0001218330358402878,-0.002177115942408684,-0.020833311129303887,-0.0023017470630419395,4.036881314631433e-06,0.00780307733981798,-8.927335140769364e-10,0.0,0.0,0.0,0.0,0.0,0.0,0.0,0.0,0.0,0.0,0.0,0.0,-0.00018849012033204712,-0.004691028540164922,-0.00012416919059067368,-0.0028881511671998345,0.0032728494464615565,-0.0031707614004347503,-0.0003325017616429582,-0.01634190612609768,-1.9065710400529302e-10,-0.008361454048849418,0.00018516583040136962,3.4188386893452915e-05,0.008361454048849418,-0.00018516583040136962,-3.4188386893452915e-05,-0.0032869048319484604,1.1951193761400018e-05,8.473437837701298e-05,0.0032869048319484604,-1.1951193761400018e-05,-8.473437837701298e-05,0.00018849012033204712,0.004691028540164922,0.00012416919059067368,-0.003498450934844769,-0.016652858955712266,-0.0006624481216887727,0.00030603881614950205,0.011485666373308619,1.9726526034380174e-08,0.0,0.0,0.0,0.0,0.0,0.0,0.0,0.0,0.0,-0.010821015924476412,-0.0002740169294537961,0.0002874891101739045,0.010821015924476412,0.0002740169294537961,-0.0002874891101739045,0.001997921111878893,0.026496169165459556,0.0012819852904588066,-0.0017250857792222554,-0.029310317276440182,-1.5729430947393967e-07,0.0,0.0,0.0,0.0,0.0,0.0,0.0,0.0,0.0,-0.0033428240194664674,-7.978523207073655e-05,4.3377722183332126e-05,0.0029447461419488913,-0.005453177553437218,-0.0001782304219491032,-0.0010738791988163642,-0.014329964126615947,-0.0006437540156630267,0.0,0.0,0.0,0.00842000564786453,-0.00029981410259433355,5.097011130285207e-06,0.0,0.0,0.0,-0.0014928312101609872,-1.044539413812455e-05,-7.26411842936651e-07,-0.026871754381834076,-0.0006648024926699596,4.410513477499159e-05,0.0032251806962291865,0.0051507769645297696,4.012576724628468e-05,0.0,0.0,0.0
0.12999999999999998,0.0,0.0,0.0,0.0033848162842063847,0.00047247841041019424,5.6344098098171447e-05,-0.009924110162986865,-0.0012553360130842853,0.00010332866571059147,0.018584394939915212,0.0013631226771286392,-0.00011138770086108836,-0.008578459200420194,0.0010318380349445874,1.6648403159566424e-05,0.0011448318995124634,-0.012471146732891021,0.0002629997170601829,0.0,0.0,0.0,-0.0001993986004351854,-0.01267064730732477,-1.1490665841180832e-07,0.0,0.0,0.0,0.0,0.0,0.0,0.0,0.0,0.0,0.0,0.0,0.0,-0.0008408886506581866,0.011511786289142,-0.0003268272050841733,-0.0013699293424957147,0.0030348122223109175,-0.00026039413258038694,-1.4678771234109356e-05,0.01711312628198719,8.05939459336437e-08,0.0,0.0,0.0,0.0,0.0,0.0,0.0,0.0,0.0,0.0,0.0,0.0,0.0,0.0,0.0,0.0011387810522707322,-0.0008842886289132379,0.00011838522639269662,2.0089652084986933e-05,-0.002257829471443849,-8.544834729264924e-12,0.0,0.0,0.0,0.0,0.0,0.0,0.0,0.0,0.0,-0.012836261164697963,0.0001515865148319397,0.0006001388786615879,0.012836261164697963,-0.0001515865148319397,-0.0006001388786615879,-0.0011393457662739596,-0.007293291369189783,0.0005384416820021806,7.337745440439356e-05,-0.028538219678610633,-1.3424018725516958e-08,0.0,0.0,0.0,0.0,0.0,0.0,0.0,0.0,0.0,0.0,0.0,0.0,-0.0002959450339023104,-0.02544168570420891,7.512706964315259e-05,-0.00441673932138413,0.013780081463112173,-0.004016233198359983,-0.00016625350156534115,0.020015057600971758,1.1032408242396616e-08,0.0,0.0,0.0,-0.0006526384551485723,-0.01915390519308991,-3.879544142252923e-05,0.0,0.0,0.0,0.0,0.0,0.0,0.0002959450339023104,0.02544168570420891,-7.512706964315259e-05,-0.002833969982908675,-0.021832088783278636,-0.0046911230279354805,5.555014284274369e-05,-0.00018072835465292487,1.2593881952853166e-08,0.0,0.0,0.0,0.0006526384551485723,0.01915390519308991,3.879544142252923e-05,0.0,0.0,0.0,0.0,0.0,0.0,0.0,0.0,0.0,-0.0031599313142140354,-0.0005581157715830315,0.00016233002022692476,2.4200044967260132e-05,0.009251039166737186,-9.578049324737437e-09,0.0,0.0,0.0,0.0,0.0,0.0,0.0,0.0,0.0,0.0,0.0,0.0,0.0,0.0,0.0,0.0037684654077912803,0.01021494215941042,0.0005637221870081811,-6.963792734043168e-06,0.001710680736998464,-6.156773102661215e-10,0.0,0.0,0.0,0.0,0.0,0.0,0.0,0.0,0.0,0.0,0.0,0.0,-2.473037419306747e-05,-0.00027915289526795397,-7.675530772638054e-06,-0.0026234402667129272,0.010091075021303068,0.00040831313506479354,0.0,0.0,0.0,0.009647443999338902,-0.0012118321971940815,7.693581871255343e-06,0.010274254248389132,4.2609169845524375e-05,-3.889916179038503e-06,-0.004962875375705389,-0.000167949366332137,1.3779557434013514e-05,0.013030049449551391,-2.4681477288271907e-05,-1.7554047003035163e-05,-0.029473829902484344,-0.00047750144534688005,-0.00013679287070523624,0.0,0.0,0.0
0.13999999999999999,0.0,0.0,0.0,8.398836222005008e-05,0.0001301516609110171,2.578016726677913e-06,-0.012459302791320938,-0.011295015019459934,9.265296873449585e-05,0.01827799461578792,-0.000314153761671178,-3.0387308003256948e-05,-0.01422727250165836,0.0002938487166315299,0.00011070368637186099,-0.005243134599564082,0.0006196764526756509,-0.0002875026481772618,0.0,0.0,0.0,-0.0004820414744885642,0.008584792012903002,-7.050630070250889e-08,0.0,0.0,0.0,-0.0007160048658732901,0.011693144958310517,-6.041407755049205e-05,-0.005222108995716195,-3.057041305332835e-05,6.280493082928575e-05,0.005222108995716195,3.057041305332835e-05,-6.280493082928575e-05,0.0,0.0,0.0,0.00011654146785587335,-0.0035262371099553796,6.666702042694775e-05,-4.660800116793614e-05,0.0029965146305846175,1.0554165748714214e-08,0.0,0.0,0.0,0.0,0.0,0.0,0.0,0.0,0.0,0.0,0.0,0.0,0.0,0.0,0.0,0.0017016745131859332,-0.013318695259868132,0.0008884747978754161,0.0001635160992323817,-0.007069320896772377,5.349027584420878e-09,0.0,0.0,0.0,0.0,0.0,0.0,0.0,0.0,0.0,0.0,0.0,0.0,0.0,0.0,0.0,-0.003113043469469853,0.011927341311565948,-0.0005740568933244291,-7.803994146918423e-05,-0.002483685063048073,5.463589499485429e-09,0.0,0.0,0.0,0.0,0.0,0.0,0.0,0.0,0.0,0.0,0.0,0.0,-0.008080961809484796,8.23925545648587e-05,0.000793964998248924,0.004391043743268231,0.00021000013560909525,-0.005450107814660994,-8.547615776319746e-05,0.00955300595982045,-1.0812617083906307e-08,0.0,0.0,0.0,0.0,0.0,0.0,0.0,0.0,0.0,-0.0004027086107211084,-0.0072834436224157315,-0.00012370391749207756,0.0,0.0,0.0,-0.004795592760764835,-0.012115107035589628,-0.00539375986014317,-0.00021637349216825484,-0.014396709301813157,-5.315455711288854e-09,0.0,0.0,0.0,0.0,0.0,0.0,0.0,0.0,0.0,0.0004027086107211084,0.0072834436224157315,0.00012370391749207756,0.0,0.0,0.0,0.001371819974399982,0.03347868159973072,0.0022272907701649663,0.00021634985047830013,0.014377383490511025,5.687309088465236e-09,0.0,0.0,0.0,0.0,0.0,0.0,0.0,0.0,0.0,0.0,0.0,0.0,0.0,0.0,0.0,0.0006147409656754831,-0.004625927652148636,-0.0004675480452729819,-0.0014229726231532798,-0.027186189178984167,-5.357896658730578e-07,0.0,0.0,0.0,0.0,0.0,0.0,-0.014108544726317264,-0.000861634533377429,0.0001575033163975554,0.014108544726317264,0.000861634533377429,-0.0001575033163975554,0.0,0.0,0.0,-0.0027277821255803562,-0.025979422088221175,-0.0015861822419573194,0.0,0.0,0.0,0.003683234984143826,-0.0006157873491290592,3.12576298613773e-05,0.012631985134162863,-0.0005891783059095104,8.575954545144567e-06,-0.010140160624517308,3.9864436677486444e-05,7.853667455844433e-05,0.018271170452420823,-3.4623732654657514e-05,-9.222608086198887e-05,-0.008064780971829694,-8.743614138774507e-05,-4.9167808007190363e-05,0.0,0.0,0.0
0.15,0.0,0.0,0.0,-0.004607002134359394,-5.2176027290927856e-05,2.689239323534378e-06,-0.014717307362684996,0.00034929523719345055,0.00011038959381120598,0.010039955557931673,-0.0002349548589927826,-4.68957581028551e-05,-0.002582917790757122,0.0009251337122094519,-4.3366030852278094e-05,-0.004334041994410216,-0.000615569798844065,-0.00021582930000546436,0.0,0.0,0.0,-1.1615960102338266e-05,-0.004273574340384178,-1.0589184581604861e-07,0.0,0.0,0.0,0.0,0.0,0.0,0.0,0.0,0.0,0.0,0.0,0.0,0.0,0.0,0.0,-0.00012160110564210687,-0.00018928897082645668,3.541937672221426e-05,0.00024935189792202816,-0.007955305154728306,-4.244624057377155e-08,0.0,0.0,0.0,0.0,0.0,0.0,0.0,0.0,0.0,0.0,0.0,0.0,0.0,0.0,0.0,-0.0005565033167842688,0.018762447650850528,-0.0013572915640756543,0.00010361443278020374,-0.0013580506551815232,9.950386105689469e-08,0.0,0.0,0.0,0.0,0.0,0.0,0.0,0.0,0.0,0.0,0.0,0.0,0.0,0.0,0.0,-0.0004014801894781936,-0.020492860989113862,0.001566890338492716,-0.00029025269519061554,0.006481125540584191,4.369131019201072e-08,0.0,0.0,0.0,0.0,0.0,0.0,0.0,0.0,0.0,-0.0053383783792339615,-2.414849013808606e-05,0.0003867835277469248,0.005338700755426976,-0.004834027906569874,-0.00039014183113443926,-0.003368996740170224,0.008799813220839683,-0.005523155472201083,-0.00023092382344511742,-0.003973850560796013,-2.37899343859104e-08,0.0,0.0,0.0,0.0,0.0,0.0,0.0,0.0,0.0,0.0,0.0,0.0,-0.00017942198897743237,0.0003827919746186197,-0.00016652906967385257,-0.0035984386831662625,-0.0044176394100824,-0.005120456531567929,0.00017853954063611185,0.011126586577162563,2.703392971970316e-08,0.0,0.0,0.0,0.0,0.0,0.0,0.0,0.0,0.0,-0.016708412410721914,-0.0002223878575527964,0.0008929018502965608,0.016887512023506333,0.004697772279642137,-0.0007230144772351938,-0.0012607171868122876,-0.0019238671542795849,-1.6192094603407516e-05,6.73589184128469e-06,-0.005828212747832244,2.0678111722859384e-07,0.0,0.0,0.0,0.0,0.0,0.0,0.0,0.0,0.0,0.0,0.0,0.0,0.0,0.0,0.0,0.00042659374258651427,-0.014483490098929658,-0.0011005403519443978,-6.73589184128469e-06,0.005828212747832244,-2.0678111722859384e-07,0.0,0.0,0.0,0.0,0.0,0.0,0.0,0.0,0.0,0.0,0.0,0.0,0.0,0.0,0.0,-0.0011022743545140642,0.024220408708070018,0.001710492835211499,0.0,0.0,0.0,-0.00012091374042006234,-0.0006464993252958198,4.5479804780812984e-05,0.005437161289091859,-0.0003693810189030564,7.900689405253384e-05,0.011329118471341762,0.0002174195843462152,-8.158732127330625e-05,-0.008710632361887531,-0.0006018783503984198,9.357605461147479e-05,0.011981829533217492,0.0004964272773088632,-9.061534793421711e-05,0.0,0.0,0.0
0.16,0.0,0.0,0.0,-0.0184438748879827,-0.0005002853254750789,-1.2471131427753967e-05,0.01027819227566882,0.0007218823263599517,9.164011565695882e-05,0.010098125475728185,2.9072543276221304e-05,-7.305783234594533e-05,0.0036360517727256807,-4.994848130336828e-05,7.59138004683096e-06,0.0,0.0,0.0,0.0,0.0,0.0,-0.0015523759213799222,0.00888728132309767,-1.7049148631323461e-06,0.0,0.0,0.0,0.0,0.0,0.0,0.0,0.0,0.0,0.0,0.0,0.0,0.0,0.0,0.0,-0.000871486253782301,-0.00014753338086530288,0.0001508570701745154,-0.00023275475430665967,0.018388650754702043,6.689215107545687e-07,0.0,0.0,0.0,0.0,0.0,0.0,0.0,0.0,0.0,0.000476501466803068,-0.006084331060664584,0.0001931938162562227,0.0,0.0,0.0,0.00043764572848203377,0.011798653860485078,-0.0009438699051410324,0.00034289536450317104,-0.021551526107265316,9.318771870781661e-08,0.0,0.0,0.0,0.0,0.0,0.0,0.0,0.0,0.0,-0.000476501466803068,0.006084331060664584,-0.0001931938162562227,-0.0015048889370837548,2.2338631652854247e-05,0.00010119370146938329,-0.00011874870400869954,0.0029018318151732975,-0.00020656757452353763,-0.00038522812496889384,0.02449478858977037,-8.610516176619127e-08,0.0,0.0,0.0,0.0,0.0,0.0,0.0,0.0,0.0,0.0,0.0,0.0,0.0,0.0,0.0,-0.00414358319116289,-0.02138774805918442,-0.005434834717375775,-0.000491025381961528,-0.02043896122756236,-6.406845432516516e-08,0.0,0.0,0.0,0.0,0.0,0.0,0.0,0.0,0.0,0.0,0.0,0.0,0.0,0.0,0.0,-0.0038942637860164752,0.015551138416754054,-0.00594166974361553,0.0004506219308758926,0.016555372402740832,8.80899548683618e-08,0.0,0.0,0.0,-7.044173111631839e-05,-0.0010245822779068696,-7.783152775589148e-06,0.0,0.0,0.0,-0.0011020771433997588,-1.336742264711811e-05,6.134009560107089e-05,-0.002790468384373911,-6.898008454666626e-06,0.00020453404455731268,0.002625706589189547,-0.0029389886057404335,-0.0004350682609324157,-0.00023399252411611046,-0.014554882834352596,3.581874803198406e-07,0.0,0.0,0.0,7.044173111631839e-05,0.0010245822779068696,7.783152775589148e-06,0.0,0.0,0.0,0.0,0.0,0.0,0.0,0.0,0.0,0.0013599977119717376,0.01264386355649004,0.0010392078739757324,0.0002743959752017459,0.018438471659174123,-3.8220898086303725e-07,0.0,0.0,0.0,0.0,0.0,0.0,0.0,0.0,0.0,0.0,0.0,0.0,-6.124992514666773e-05,-0.0008954422279811155,-4.0215022067782924e-05,-0.0023302931241095965,-0.02512348455185387,-0.0019272156221142771,0.0,0.0,0.0,0.01601070989039157,-1.420042035115668e-05,4.24617657374592e-05,-0.015196941454937335,-0.0008559613960777376,1.1499333132846529e-05,0.011992981292667123,-6.16058244447095e-05,0.000112956772378579,-0.0057950083171990595,0.0004318399842149282,-0.0002526051685279102,0.017199565964053375,0.0008674680683846078,0.0001591784492152968,0.0,0.0,0.0
0.17,0.0,0.0,0.0,0.03323676499277344,0.0009910068025210485,-0.00011247062674346126,-0.013867416886174681,-0.00025574687112162015,-3.3592464073423007e-06,0.013867416886174681,0.00025574687112162015,3.3592464073423007e-06,0.0,0.0,0.0,-0.03177009052612949,0.0012079415813275782,-0.00048787393241035086,0.0,0.0,0.0,0.00011768188541345303,-0.010523206220702241,-5.106768904758893e-07,0.00021227206867235483,-0.0041820426648044645,1.762451132993902e-05,0.0,0.0,0.0,0.0,0.0,0.0,0.0,0.0,0.0,0.0,0.0,0.0,-0.00299568995657485,0.026818546037843602,-0.0020990087971245438,7.648722794257042e-06,-2.856217989027736e-05,4.314374868159829e-07,-0.00021227206867235483,0.0041820426648044645,-1.762451132993902e-05,0.0,0.0,0.0,0.0,0.0,0.0,0.0,0.0,0.0,0.0,0.0,0.0,0.0014490950715550796,-0.002634367647627367,0.0002123477179964287,-0.00010231586986224408,0.006639397437942779,7.267047097757275e-08,0.0,0.0,0.0,0.0,0.0,0.0,0.0,0.0,0.0,0.0,0.0,0.0,0.0,0.0,0.0,-0.002207902473331169,-0.009996355026625825,0.0010082255241831992,-3.2170934773272803e-05,-0.011686673225903586,7.969666124894344e-09,0.0,0.0,0.0,-0.015231129943469032,-0.00011041835813951816,0.0006470495541828887,0.015231129943469032,0.00011041835813951816,-0.0006470495541828887,-0.0011064482335036523,-5.360580913135419e-06,9.016159138942405e-05,0.0011380897777844422,-0.01797427381954811,-9.537090320261572e-05,-0.0031614968931389324,0.021188484502092042,-0.007069289103102337,4.27742865667311e-05,0.00833052129999242,2.1133098102409734e-08,0.0,0.0,0.0,0.0,0.0,0.0,0.0,0.0,0.0,0.0,0.0,0.0,-3.1641544280789984e-05,0.017979634400461245,5.209311813191666e-06,-0.0045501769593268146,-0.03409128948525436,-0.008009836628144435,-3.361809013892428e-05,0.007268522888560904,-2.2533831544970395e-08,-0.00022308024576771012,-2.5568967734536633e-06,4.817276253973925e-06,-0.006335451852494322,-0.020455919699732903,-1.6794003722839137e-05,0.004958414457533562,-1.301121857253178e-05,-0.00017188308717151359,-0.0020249218164725765,-7.468259280556493e-05,0.00010919836490780286,0.0020249218164725765,7.468259280556493e-05,-0.00010919836490780286,-0.001646011593012692,0.012421013854103824,0.0010693970570634847,-0.0002032323319842494,-0.011913055849793873,1.4367849553172089e-06,0.0,0.0,0.0,0.0016001176407284706,0.02047148781507889,0.00018385981464037878,0.0,0.0,0.0,0.0,0.0,0.0,0.0,0.0,0.0,-6.179847545855714e-05,-0.0038181955021618363,-7.09187855919063e-05,-7.595927039803264e-05,0.005145452308156278,-2.297246576734565e-06,0.0,0.0,0.0,-0.00029722067277287957,-0.006662709358364521,-7.72246648922067e-05,0.0,0.0,0.0,0.0,0.0,0.0,-0.0023933701562743434,-0.04346457148594283,-0.0024818284894104073,-0.00025725522668191766,-0.00963909608845094,-0.0009291445032735164,0.0,0.0,0.0,-0.012104967897401156,-6.530869128642435e-05,2.5224204616829056e-05,-0.010881557727480567,0.007108835142240091,0.0002859296655034984,0.023283746297654603,-0.00038081709258914613,-0.0002339292052281208,-0.01615646679949118,-0.0008923667900886108,4.798284873311716e-06,-0.011884305129116979,0.044170459236568455,0.002504741793249431,0.0,0.0,0.0
